scenario_id,plan_id,label,quantity,urgent_share,budget_per_unit,deadline_days,available_cash_per_unit,min_cash_per_unit,vendor_price_mean,vendor_capacity_max_ratio,plan_total_per_unit,budget_ratio,cash_after_per_unit,cash_min_per_unit,batch_count,selected_vendor_count,fast_payment_share,due_payment_share,term_payment_share,selected_price_per_unit,selected_quality,selected_reputation,selected_lead_ratio,selected_capacity_ratio,selected_score,urgent_late_share
1,8,1,918.0,0.6699346405228758,110000.0,14.0,300653.5947712418,65359.47712418301,103393.0,1.3877995642701526,93599.2440087146,0.8509022182610418,207054.35076252723,91585.94117647059,2.0,1.0,0.3300653594771242,0.6699346405228758,0.0,81453.01633986928,9.0,8.450000000000001,0.5714285714285714,1.3877995642701526,7.575714285714286,0.0
1,48,1,918.0,0.6699346405228758,110000.0,14.0,300653.5947712418,65359.47712418301,103393.0,1.3877995642701526,94065.40413943355,0.8551400376312142,206588.19063180828,91119.78104575163,2.0,1.0,0.3300653594771242,0.6699346405228758,0.0,81919.24183006537,9.0,8.450000000000001,0.5714285714285714,1.3877995642701526,7.575714285714286,0.0
1,33,1,918.0,0.6699346405228758,110000.0,14.0,300653.5947712418,65359.47712418301,103393.0,1.3877995642701526,93189.95860566449,0.8471814418696771,207463.63616557734,75871.65577342048,2.0,1.0,1.0,0.0,0.0,82149.95751633987,9.0,8.450000000000001,0.5714285714285714,1.3877995642701526,7.575714285714286,0.0
1,35,0,918.0,0.6699346405228758,110000.0,14.0,300653.5947712418,65359.47712418301,103393.0,1.3877995642701526,106344.9477124183,0.9667722519310754,194308.64705882352,133376.66122004358,2.0,1.0,0.0,0.3300653594771242,0.6699346405228758,98929.9477124183,8.0,7.0,0.35714285714285715,0.7886710239651417,6.829074789158002,0.0
1,61,0,918.0,0.6699346405228758,110000.0,14.0,300653.5947712418,65359.47712418301,103393.0,1.3877995642701526,98230.14705882352,0.8930013368983957,202423.4477124183,86955.03812636166,2.0,2.0,0.3300653594771242,0.6699346405228758,0.0,87285.93137254902,8.669934640522875,7.97140522875817,0.5007002801120448,1.1900479872413745,7.329274451883617,0.0
1,1,0,918.0,0.6699346405228758,110000.0,14.0,300653.5947712418,65359.47712418301,103393.0,1.3877995642701526,102882.89215686274,0.9352990196078431,197770.7026143791,133376.66122004358,2.0,2.0,0.0,0.3300653594771242,0.6699346405228758,93729.10784313726,8.330065359477125,7.478594771241831,0.42787114845938373,0.9864226009939198,7.0755146229886705,0.0
1,20,0,918.0,0.6699346405228758,110000.0,14.0,300653.5947712418,65359.47712418301,103393.0,1.3877995642701526,102341.44008714597,0.9303767280649634,198312.15468409585,82843.74509803922,2.0,2.0,0.3300653594771242,0.6699346405228758,0.0,93729.10784313726,8.330065359477125,7.478594771241831,0.42787114845938373,0.9864226009939198,7.0755146229886705,0.0
1,21,0,918.0,0.6699346405228758,110000.0,14.0,300653.5947712418,65359.47712418301,103393.0,1.3877995642701526,102882.89215686274,0.9352990196078431,197770.7026143791,109374.91394335512,2.0,2.0,0.0,1.0,0.0,93729.10784313726,8.330065359477125,7.478594771241831,0.42787114845938373,0.9864226009939198,7.0755146229886705,0.0
1,58,0,918.0,0.6699346405228758,110000.0,14.0,300653.5947712418,65359.47712418301,103393.0,1.3877995642701526,98295.01307189543,0.8935910279263221,202358.5816993464,119163.63289760349,2.0,2.0,0.0,0.6699346405228758,0.3300653594771242,87350.79738562091,8.669934640522875,7.97140522875817,0.5007002801120448,1.1900479872413745,7.329274451883617,0.0
1,16,0,918.0,0.6699346405228758,110000.0,14.0,300653.5947712418,65359.47712418301,103393.0,1.3877995642701526,106743.00653594772,0.9703909685086156,193910.58823529413,133376.66122004358,2.0,1.0,0.0,0.3300653594771242,0.6699346405228758,99328.00653594772,8.0,7.0,0.35714285714285715,0.7886710239651417,6.829074789158002,0.0
1,30,0,918.0,0.6699346405228758,110000.0,14.0,300653.5947712418,65359.47712418301,103393.0,1.3877995642701526,105849.41176470589,0.9622673796791443,194804.18300653595,67607.16775599128,2.0,1.0,1.0,0.0,0.0,98434.41176470589,8.0,7.0,0.35714285714285715,0.7886710239651417,6.829074789158002,0.0
1,36,0,918.0,0.6699346405228758,110000.0,14.0,300653.5947712418,65359.47712418301,103393.0,1.3877995642701526,105849.41176470589,0.9622673796791443,194804.18300653595,112220.52069716775,2.0,1.0,0.3300653594771242,0.0,0.6699346405228758,98434.41176470589,8.0,7.0,0.35714285714285715,0.7886710239651417,6.829074789158002,0.0
2,64,1,1005.0,0.5980099502487563,115000.0,7.0,320398.00995024876,59701.49253731343,102092.0,1.31044776119403,99241.59601990049,0.8629704001730478,221156.41393034827,138378.74626865672,2.0,1.0,0.5980099502487563,0.4019900497512438,0.0,88522.58407960199,9.0,8.45,1.0,1.31044776119403,6.29,0.0
2,1,1,1005.0,0.5980099502487563,115000.0,7.0,320398.00995024876,59701.49253731343,102092.0,1.31044776119403,99577.12039800995,0.8658880034609561,220820.8895522388,112363.17810945274,2.0,1.0,0.4019900497512438,0.5980099502487563,0.0,88522.58407960199,9.0,8.45,1.0,1.31044776119403,6.29,0.0
2,35,1,1005.0,0.5980099502487563,115000.0,7.0,320398.00995024876,59701.49253731343,102092.0,1.31044776119403,98940.10348258706,0.8603487259355397,221457.9064676617,138378.74626865672,2.0,1.0,0.5980099502487563,0.4019900497512438,0.0,88221.09154228856,9.0,8.45,1.0,1.31044776119403,6.29,0.0
5,5,1,1247.0,0.6014434643143545,121000.0,14.0,193263.83319967924,48115.477145148354,104828.33333333333,0.9639133921411387,97790.03287890938,0.808182089908342,95473.80032076985,61388.4955894146,2.0,1.0,0.39855653568564553,0.0,0.6014434643143545,86757.8275862069,9.0,8.449999999999998,0.5,0.9639133921411387,7.789999999999999,0.0
5,16,1,1247.0,0.6014434643143545,121000.0,14.0,193263.83319967924,48115.477145148354,104828.33333333333,0.9639133921411387,96710.30473135525,0.7992587167880599,96553.52846832397,48960.36888532478,2.0,1.0,0.6014434643143545,0.39855653568564553,0.0,86018.8492381716,9.0,8.449999999999998,0.5,0.9639133921411387,7.789999999999999,0.0
5,50,1,1247.0,0.6014434643143545,121000.0,14.0,193263.83319967924,48115.477145148354,104828.33333333333,0.9639133921411387,97344.4875701684,0.8044998972741191,95919.34562951082,35774.999198075384,2.0,1.0,0.39855653568564553,0.6014434643143545,0.0,86312.18684843625,9.0,8.449999999999998,0.5,0.9639133921411387,7.789999999999999,0.0
5,64,0,1247.0,0.6014434643143545,121000.0,14.0,193263.83319967924,48115.477145148354,104828.33333333333,0.9639133921411387,100554.3825180433,0.8310279546945728,92709.45068163592,32565.104250200482,2.0,2.0,1.0,0.0,0.0,91687.51884522855,8.601443464314354,7.872093023255814,0.44306335204490777,0.8165721227336948,7.3948509313924005,0.0
5,32,0,1247.0,0.6014434643143545,121000.0,14.0,193263.83319967924,48115.477145148354,104828.33333333333,0.9639133921411387,101064.6222935044,0.8352448123430116,92199.21090617482,69745.32157177225,2.0,2.0,0.0,0.39855653568564553,0.6014434643143545,91164.2141138733,8.601443464314354,7.872093023255814,0.44306335204490777,0.8165721227336948,7.3948509313924005,0.0
5,30,0,1247.0,0.6014434643143545,121000.0,14.0,193263.83319967924,48115.477145148354,104828.33333333333,0.9639133921411387,101505.48035284683,0.8388882673788994,91758.3528468324,57673.04811547715,2.0,2.0,0.39855653568564553,0.0,0.6014434643143545,91605.07217321571,8.601443464314354,7.872093023255814,0.44306335204490777,0.8165721227336948,7.3948509313924005,0.0
5,4,0,1247.0,0.6014434643143545,121000.0,14.0,193263.83319967924,48115.477145148354,104828.33333333333,0.9639133921411387,102028.78508420209,0.8432130998694387,91235.04811547714,68781.15878107458,2.0,2.0,0.0,1.0,0.0,92128.37690457096,8.601443464314354,7.872093023255814,0.44306335204490777,0.8165721227336948,7.3948509313924005,0.0
5,48,0,1247.0,0.6014434643143545,121000.0,14.0,193263.83319967924,48115.477145148354,104828.33333333333,0.9639133921411387,102028.78508420209,0.8432130998694387,91235.04811547714,88786.30553327987,2.0,2.0,0.0,0.0,1.0,92128.37690457096,8.601443464314354,7.872093023255814,0.44306335204490777,0.8165721227336948,7.3948509313924005,0.0
5,41,0,1247.0,0.6014434643143545,121000.0,14.0,193263.83319967924,48115.477145148354,104828.33333333333,0.9639133921411387,100463.11868484362,0.8302737081392035,92800.7145148356,32656.36808340016,2.0,2.0,1.0,0.0,0.0,91605.07217321571,8.601443464314354,7.872093023255814,0.44306335204490777,0.8165721227336948,7.3948509313924005,0.0
5,3,0,1247.0,0.6014434643143545,121000.0,14.0,193263.83319967924,48115.477145148354,104828.33333333333,0.9639133921411387,101505.48035284683,0.8388882673788994,91758.3528468324,57673.04811547715,2.0,2.0,0.39855653568564553,0.0,0.6014434643143545,91605.07217321571,8.601443464314354,7.872093023255814,0.44306335204490777,0.8165721227336948,7.3948509313924005,0.0
5,6,0,1247.0,0.6014434643143545,121000.0,14.0,193263.83319967924,48115.477145148354,104828.33333333333,0.9639133921411387,100986.42341619887,0.8345985406297428,92277.40978348035,48528.32798716921,2.0,2.0,0.6014434643143545,0.39855653568564553,0.0,92128.37690457096,8.601443464314354,7.872093023255814,0.44306335204490777,0.8165721227336948,7.3948509313924005,0.0
5,40,0,1247.0,0.6014434643143545,121000.0,14.0,193263.83319967924,48115.477145148354,104828.33333333333,0.9639133921411387,101064.6222935044,0.8352448123430116,92199.21090617482,71541.8532477947,2.0,2.0,0.0,0.6014434643143545,0.39855653568564553,91164.2141138733,8.601443464314354,7.872093023255814,0.44306335204490777,0.8165721227336948,7.3948509313924005,0.0
7,49,1,728.0,0.728021978021978,106000.0,7.0,373626.37362637365,82417.58241758242,99265.33333333333,1.5123626373626373,94084.9532967033,0.8875938990255028,279541.4203296703,87763.39285714286,2.0,1.0,0.0,0.728021978021978,0.27197802197802196,82559.9532967033,9.0,8.450000000000001,1.0,1.5123626373626373,6.29,0.0
7,37,1,728.0,0.728021978021978,106000.0,7.0,373626.37362637365,82417.58241758242,99265.33333333333,1.5123626373626373,94084.9532967033,0.8875938990255028,279541.4203296703,87763.39285714286,2.0,1.0,0.0,1.0,0.0,82559.9532967033,9.0,8.450000000000001,1.0,1.5123626373626373,6.29,0.0
7,45,1,728.0,0.728021978021978,106000.0,7.0,373626.37362637365,82417.58241758242,99265.33333333333,1.5123626373626373,92199.2706043956,0.8698044396641095,281427.103021978,29410.08653846154,2.0,1.0,0.728021978021978,0.27197802197802196,0.0,81865.15384615384,9.0,8.450000000000001,1.0,1.5123626373626373,6.29,0.0
9,46,1,908.0,0.7687224669603524,114000.0,10.0,299559.4713656388,66079.29515418502,96864.66666666667,1.2665198237885462,94286.56497797357,0.8270751313857331,205272.9063876652,114964.53634361233,2.0,1.0,0.23127753303964757,0.7687224669603524,0.0,83432.29074889868,9.0,8.45,0.7,1.2665198237885462,7.1899999999999995,0.0
9,3,1,908.0,0.7687224669603524,114000.0,10.0,299559.4713656388,66079.29515418502,96864.66666666667,1.2665198237885462,94520.2665198238,0.829125144910735,205039.20484581497,133816.08810572687,2.0,1.0,0.0,0.7687224669603524,0.23127753303964757,83281.2665198238,9.0,8.45,0.7,1.2665198237885462,7.1899999999999995,0.0
9,9,1,908.0,0.7687224669603524,114000.0,10.0,299559.4713656388,66079.29515418502,96864.66666666667,1.2665198237885462,93968.20925110132,0.8242825372903625,205591.26211453744,134354.96255506607,2.0,1.0,0.0,1.0,0.0,82729.20925110132,9.0,8.45,0.7,1.2665198237885462,7.1899999999999995,0.0
9,64,0,908.0,0.7687224669603524,114000.0,10.0,299559.4713656388,66079.29515418502,96864.66666666667,1.2665198237885462,101651.87224669603,0.8916830898832986,197907.59911894274,129447.5550660793,2.0,1.0,0.0,1.0,0.0,94893.87224669603,8.0,7.0,0.5,0.7940528634361234,6.1000000000000005,0.0
9,34,0,908.0,0.7687224669603524,114000.0,10.0,299559.4713656388,66079.29515418502,96864.66666666667,1.2665198237885462,101918.07268722467,0.894018181466883,197641.3986784141,129447.5550660793,2.0,1.0,0.0,1.0,0.0,95160.07268722467,8.0,7.0,0.5,0.7940528634361234,6.1000000000000005,0.0
9,41,0,908.0,0.7687224669603524,114000.0,10.0,299559.4713656388,66079.29515418502,96864.66666666667,1.2665198237885462,99532.7962555066,0.873094703995672,200026.67511013217,109718.3050660793,2.0,2.0,0.23127753303964757,0.7687224669603524,0.0,92119.92951541851,8.231277533039648,7.335352422907489,0.5462555066079295,0.9033238564691727,6.352092511013216,0.0
9,57,0,908.0,0.7687224669603524,114000.0,10.0,299559.4713656388,66079.29515418502,96864.66666666667,1.2665198237885462,100911.31718061674,0.8851869928124275,198648.15418502202,82656.66740088105,2.0,2.0,0.7687224669603524,0.23127753303964757,0.0,93116.96255506609,8.231277533039648,7.335352422907489,0.5462555066079295,0.9033238564691727,6.352092511013216,0.0
9,30,0,908.0,0.7687224669603524,114000.0,10.0,299559.4713656388,66079.29515418502,96864.66666666667,1.2665198237885462,100529.82929515418,0.8818406078522297,199029.64207048458,108721.27202643172,2.0,2.0,0.23127753303964757,0.7687224669603524,0.0,93116.96255506609,8.231277533039648,7.335352422907489,0.5462555066079295,0.9033238564691727,6.352092511013216,0.0
9,18,0,908.0,0.7687224669603524,114000.0,10.0,299559.4713656388,66079.29515418502,96864.66666666667,1.2665198237885462,100076.17841409691,0.8778612141587449,199483.29295154184,128411.20044052863,2.0,2.0,0.0,0.7687224669603524,0.23127753303964757,92281.82378854626,8.231277533039648,7.335352422907489,0.5462555066079295,0.9033238564691727,6.352092511013216,0.0
9,1,0,908.0,0.7687224669603524,114000.0,10.0,299559.4713656388,66079.29515418502,96864.66666666667,1.2665198237885462,102919.5,0.9028026315789474,196639.97136563878,128450.52202643172,2.0,1.0,0.0,1.0,0.0,96161.5,8.0,7.0,0.5,0.7940528634361234,6.1000000000000005,0.0
9,33,0,908.0,0.7687224669603524,114000.0,10.0,299559.4713656388,66079.29515418502,96864.66666666667,1.2665198237885462,101651.87224669603,0.8916830898832986,197907.59911894274,107599.22907488987,2.0,1.0,0.23127753303964757,0.7687224669603524,0.0,94893.87224669603,8.0,7.0,0.5,0.7940528634361234,6.1000000000000005,0.0
9,23,0,908.0,0.7687224669603524,114000.0,10.0,299559.4713656388,66079.29515418502,96864.66666666667,1.2665198237885462,96495.37665198238,0.8464506723858103,203064.09471365638,112755.72466960353,2.0,2.0,0.23127753303964757,0.7687224669603524,0.0,86292.73127753304,8.768722466960352,8.11464757709251,0.6537444933920705,1.157248830755497,6.937907488986784,0.0
11,34,1,830.0,0.5626506024096386,114000.0,9.0,356626.5060240964,72289.15662650602,103105.0,1.4096385542168675,102659.80481927711,0.9005246036778694,253966.70120481928,184862.2831325301,2.0,2.0,0.43734939759036146,0.0,0.5626506024096386,92791.6,8.562650602409638,7.815843373493975,0.7431057563587684,1.1999216141675135,6.548753187820361,0.0
11,19,1,830.0,0.5626506024096386,114000.0,9.0,356626.5060240964,72289.15662650602,103105.0,1.4096385542168675,102221.5,0.8966798245614035,254405.0060240964,184862.2831325301,2.0,2.0,0.43734939759036146,0.0,0.5626506024096386,92353.2951807229,8.562650602409638,7.815843373493975,0.7431057563587684,1.1999216141675135,6.548753187820361,0.0
11,24,1,830.0,0.5626506024096386,114000.0,9.0,356626.5060240964,72289.15662650602,103105.0,1.4096385542168675,101789.05060240964,0.892886408793067,254837.45542168675,187495.48795180724,2.0,2.0,0.0,0.0,1.0,92507.25542168674,8.437349397590362,7.634156626506025,0.701338688085676,1.1398374219770648,6.5273858734034205,0.0
12,17,1,819.0,0.5787545787545788,115000.0,7.0,318681.31868131866,73260.07326007326,107737.0,1.4847374847374848,101556.84981684982,0.8831030418856506,217124.46886446886,165345.75824175825,2.0,1.0,0.0,0.42124542124542125,0.5787545787545788,89780.84981684982,9.0,8.45,1.0,1.4847374847374848,6.29,0.0
12,62,1,819.0,0.5787545787545788,115000.0,7.0,318681.31868131866,73260.07326007326,107737.0,1.4847374847374848,100941.0293040293,0.8777480809046027,217740.2893772894,109071.1807081807,2.0,1.0,0.42124542124542125,0.5787545787545788,0.0,89918.46886446886,9.0,8.45,1.0,1.4847374847374848,6.29,0.0
12,11,1,819.0,0.5787545787545788,115000.0,7.0,318681.31868131866,73260.07326007326,107737.0,1.4847374847374848,100797.59706959708,0.8765008440834527,217883.72161172162,135123.71916971917,2.0,1.0,0.42124542124542125,0.0,0.5787545787545788,89780.84981684982,9.0,8.45,1.0,1.4847374847374848,6.29,0.0
14,7,1,1085.0,0.576036866359447,112000.0,12.0,177880.18433179724,55299.53917050691,100658.33333333333,1.0663594470046083,95100.74193548386,0.849113767281106,82779.44239631336,57543.847926267284,2.0,1.0,0.0,0.576036866359447,0.423963133640553,88395.74193548386,8.0,7.0,0.4166666666666667,0.7797235023041474,7.110068504502514,0.0
14,9,1,1085.0,0.576036866359447,112000.0,12.0,177880.18433179724,55299.53917050691,100658.33333333333,1.0663594470046083,97950.82949308756,0.8745609776168531,79929.35483870968,8693.594470046082,2.0,2.0,0.576036866359447,0.0,0.423963133640553,89518.34101382489,8.576036866359447,7.835253456221198,0.5126728110599078,0.9448363736753806,7.357724895918115,0.0
14,69,1,1085.0,0.576036866359447,112000.0,12.0,177880.18433179724,55299.53917050691,100658.33333333333,1.0663594470046083,95765.96774193548,0.8550532834101382,82114.21658986175,60282.3732718894,2.0,1.0,0.0,0.0,1.0,89060.96774193548,8.0,7.0,0.4166666666666667,0.7797235023041474,7.110068504502514,0.0
14,47,0,1085.0,0.576036866359447,112000.0,12.0,177880.18433179724,55299.53917050691,100658.33333333333,1.0663594470046083,98965.19354838709,0.8836177995391705,78914.99078341013,10878.456221198157,2.0,2.0,0.576036866359447,0.423963133640553,0.0,90222.20276497696,8.423963133640553,7.614746543778802,0.48732718894009214,0.9012465756333751,7.292343608584397,0.0
14,38,0,1085.0,0.576036866359447,112000.0,12.0,177880.18433179724,55299.53917050691,100658.33333333333,1.0663594470046083,98636.62211981567,0.8806841260697827,79243.56221198157,54845.71889400922,2.0,2.0,0.0,0.576036866359447,0.423963133640553,89893.63133640552,8.423963133640553,7.614746543778802,0.48732718894009214,0.9012465756333751,7.292343608584397,0.0
14,29,0,1085.0,0.576036866359447,112000.0,12.0,177880.18433179724,55299.53917050691,100658.33333333333,1.0663594470046083,99438.20276497696,0.8878410961158657,78441.98156682028,37888.986175115206,2.0,2.0,0.0,1.0,0.0,89964.19354838709,8.576036866359447,7.835253456221198,0.5126728110599078,0.9448363736753806,7.357724895918115,0.0
14,44,0,1085.0,0.576036866359447,112000.0,12.0,177880.18433179724,55299.53917050691,100658.33333333333,1.0663594470046083,97976.48387096774,0.8747900345622119,79903.7004608295,11538.594470046082,2.0,2.0,0.576036866359447,0.0,0.423963133640553,89233.49308755761,8.423963133640553,7.614746543778802,0.48732718894009214,0.9012465756333751,7.292343608584397,0.0
14,25,0,1085.0,0.576036866359447,112000.0,12.0,177880.18433179724,55299.53917050691,100658.33333333333,1.0663594470046083,97976.48387096774,0.8747900345622119,79903.7004608295,55505.857142857145,2.0,2.0,0.0,0.576036866359447,0.423963133640553,89233.49308755761,8.423963133640553,7.614746543778802,0.48732718894009214,0.9012465756333751,7.292343608584397,0.0
14,12,0,1085.0,0.576036866359447,112000.0,12.0,177880.18433179724,55299.53917050691,100658.33333333333,1.0663594470046083,98636.62211981567,0.8806841260697827,79243.56221198157,38690.5668202765,2.0,2.0,0.0,0.423963133640553,0.576036866359447,89893.63133640552,8.423963133640553,7.614746543778802,0.48732718894009214,0.9012465756333751,7.292343608584397,0.0
14,13,0,1085.0,0.576036866359447,112000.0,12.0,177880.18433179724,55299.53917050691,100658.33333333333,1.0663594470046083,102186.91244239631,0.91238314680711,75693.27188940092,54439.71428571428,2.0,1.0,0.0,0.0,1.0,90674.91244239631,9.0,8.45,0.5833333333333334,1.0663594470046083,7.539999999999999,0.0
14,54,0,1085.0,0.576036866359447,112000.0,12.0,177880.18433179724,55299.53917050691,100658.33333333333,1.0663594470046083,98305.05529953918,0.8777237080315997,79575.12903225806,11538.594470046082,2.0,2.0,0.576036866359447,0.0,0.423963133640553,89562.06451612903,8.423963133640553,7.614746543778802,0.48732718894009214,0.9012465756333751,7.292343608584397,0.0
14,6,0,1085.0,0.576036866359447,112000.0,12.0,177880.18433179724,55299.53917050691,100658.33333333333,1.0663594470046083,99438.20276497696,0.8878410961158657,78441.98156682028,53211.47465437788,2.0,2.0,0.0,0.576036866359447,0.423963133640553,89964.19354838709,8.576036866359447,7.835253456221198,0.5126728110599078,0.9448363736753806,7.357724895918115,0.0
16,20,1,1211.0,0.5202312138728323,112000.0,12.0,184971.09826589594,49545.829892650705,102438.33333333333,1.0800990916597852,105867.05780346821,0.9452415875309661,79104.04046242774,59451.76465730801,2.0,1.0,0.0,1.0,0.0,99494.05780346821,8.0,7.0,0.4166666666666667,0.6820809248554913,6.3500000000000005,0.0
16,34,1,1211.0,0.5202312138728323,112000.0,12.0,184971.09826589594,49545.829892650705,102438.33333333333,1.0800990916597852,105206.89595375722,0.9393472853014038,79764.20231213873,59451.76465730801,2.0,1.0,0.0,1.0,0.0,98833.89595375722,8.0,7.0,0.4166666666666667,0.6820809248554913,6.3500000000000005,0.0
16,69,1,1211.0,0.5202312138728323,112000.0,12.0,184971.09826589594,49545.829892650705,102438.33333333333,1.0800990916597852,105481.01156069365,0.9417947460776218,79490.08670520231,59184.36581337737,2.0,2.0,0.0,0.5202312138728323,0.4797687861271676,95703.09826589595,8.520231213872833,7.754335260115607,0.5033718689788054,0.8891423989155286,6.96907514450867,0.0
17,39,1,1222.0,0.5081833060556464,112000.0,7.0,251227.49590834696,49099.836333878884,104627.66666666667,1.0728314238952537,104088.12438625205,0.929358253448679,147139.37152209494,128172.78396072013,2.0,1.0,0.0,0.0,1.0,91841.12438625205,9.0,8.45,1.0,1.0728314238952537,6.29,0.0
17,45,1,1222.0,0.5081833060556464,112000.0,7.0,251227.49590834696,49099.836333878884,104627.66666666667,1.0728314238952537,104480.65548281505,0.9328629953822773,146746.8404255319,127980.94517184942,2.0,1.0,0.0,0.0,1.0,92233.65548281505,9.0,8.45,1.0,1.0728314238952537,6.29,0.0
17,70,1,1222.0,0.5081833060556464,112000.0,7.0,251227.49590834696,49099.836333878884,104627.66666666667,1.0728314238952537,104111.30114566284,0.9295651888005612,147116.1947626841,127980.94517184942,2.0,1.0,0.0,0.0,1.0,91864.30114566284,9.0,8.45,1.0,1.0728314238952537,6.29,0.0
18,64,1,983.0,0.6897253306205493,115000.0,8.0,167853.50966429297,61037.63987792472,92592.66666666667,1.1302136317395728,91024.75991861647,0.7915196514662303,76828.7497456765,47611.369277721264,2.0,1.0,0.0,1.0,0.0,83912.75991861647,8.0,7.0,0.625,0.8423194303153612,6.294384304507403,0.0
18,68,1,983.0,0.6897253306205493,115000.0,8.0,167853.50966429297,61037.63987792472,92592.66666666667,1.1302136317395728,90886.37131230926,0.79031627228095,76967.13835198373,51131.39471007121,2.0,2.0,0.31027466937945064,0.0,0.6897253306205493,82739.3011190234,8.310274669379451,7.449898270600204,0.7025686673448627,0.9316457084785194,6.409376966893204,0.0
18,38,1,983.0,0.6897253306205493,115000.0,8.0,167853.50966429297,61037.63987792472,92592.66666666667,1.1302136317395728,90561.4018311292,0.7874904507054713,77292.10783316378,48392.138351983725,2.0,1.0,0.0,0.6897253306205493,0.31027466937945064,83449.4018311292,8.0,7.0,0.625,0.8423194303153612,6.294384304507403,0.0
20,61,1,1373.0,0.6103423160961399,110000.0,11.0,210487.98252002912,43699.92716678805,102192.0,0.8776402039329935,99746.47778587036,0.9067861616897305,110741.50473415878,76642.10779315367,2.0,2.0,0.3896576839038602,0.0,0.6103423160961399,89679.71667880553,8.61034231609614,7.884996358339402,0.5655167847447526,0.7601469183276052,7.241945249209942,0.0
20,55,1,1373.0,0.6103423160961399,110000.0,11.0,210487.98252002912,43699.92716678805,102192.0,0.8776402039329935,98568.20101966496,0.8960745547242269,111919.78150036416,82328.52876911871,2.0,2.0,0.6103423160961399,0.0,0.3896576839038602,89633.19737800438,8.61034231609614,7.884996358339402,0.5655167847447526,0.7601469183276052,7.241945249209942,0.0
20,32,1,1373.0,0.6103423160961399,110000.0,11.0,210487.98252002912,43699.92716678805,102192.0,0.8776402039329935,99260.03495994174,0.9023639541812885,111227.9475600874,48591.385287691184,2.0,2.0,0.3896576839038602,0.6103423160961399,0.0,89193.27385287691,8.61034231609614,7.884996358339402,0.5655167847447526,0.7601469183276052,7.241945249209942,0.0
20,30,0,1373.0,0.6103423160961399,110000.0,11.0,210487.98252002912,43699.92716678805,102192.0,0.8776402039329935,104722.68463219228,0.9520244057472026,105765.29788783686,71422.67953386744,2.0,1.0,0.3896576839038602,0.0,0.6103423160961399,93096.86453022578,9.0,8.45,0.6363636363636364,0.8776402039329935,7.245508689392249,0.0
20,71,0,1373.0,0.6103423160961399,110000.0,11.0,210487.98252002912,43699.92716678805,102192.0,0.8776402039329935,104321.10706482155,0.9483737005892869,106166.87545520757,80039.28987618354,2.0,1.0,0.6103423160961399,0.3896576839038602,0.0,93096.86453022578,9.0,8.45,0.6363636363636364,0.8776402039329935,7.245508689392249,0.0
20,40,0,1373.0,0.6103423160961399,110000.0,11.0,210487.98252002912,43699.92716678805,102192.0,0.8776402039329935,104495.83612527313,0.9499621465933921,105992.14639475601,79562.57611070648,2.0,1.0,0.6103423160961399,0.3896576839038602,0.0,93281.32265112891,9.0,8.45,0.6363636363636364,0.8776402039329935,7.245508689392249,0.0
20,8,0,1373.0,0.6103423160961399,110000.0,11.0,210487.98252002912,43699.92716678805,102192.0,0.8776402039329935,104013.66715222142,0.945578792292922,106474.31536780772,80039.28987618354,2.0,1.0,0.6103423160961399,0.3896576839038602,0.0,92789.42461762564,9.0,8.45,0.6363636363636364,0.8776402039329935,7.245508689392249,0.0
20,65,0,1373.0,0.6103423160961399,110000.0,11.0,210487.98252002912,43699.92716678805,102192.0,0.8776402039329935,105637.32265112891,0.9603392968284447,104850.65986890021,80087.36780772032,2.0,1.0,0.0,0.3896576839038602,0.6103423160961399,93281.32265112891,9.0,8.45,0.6363636363636364,0.8776402039329935,7.245508689392249,0.0
20,39,0,1373.0,0.6103423160961399,110000.0,11.0,210487.98252002912,43699.92716678805,102192.0,0.8776402039329935,104321.10706482155,0.9483737005892869,106166.87545520757,80039.28987618354,2.0,1.0,0.6103423160961399,0.0,0.3896576839038602,93096.86453022578,9.0,8.45,0.6363636363636364,0.8776402039329935,7.245508689392249,0.0
20,69,0,1373.0,0.6103423160961399,110000.0,11.0,210487.98252002912,43699.92716678805,102192.0,0.8776402039329935,103771.69628550619,0.9433790571409654,106716.28623452294,44079.72396212673,2.0,1.0,1.0,0.0,0.0,93281.32265112891,9.0,8.45,0.6363636363636364,0.8776402039329935,7.245508689392249,0.0
20,41,0,1373.0,0.6103423160961399,110000.0,11.0,210487.98252002912,43699.92716678805,102192.0,0.8776402039329935,104802.49672250546,0.9527499702045951,105685.48579752367,79562.57611070648,2.0,1.0,0.6103423160961399,0.0,0.3896576839038602,93587.98324836126,9.0,8.45,0.6363636363636364,0.8776402039329935,7.245508689392249,0.0
20,0,0,1373.0,0.6103423160961399,110000.0,11.0,210487.98252002912,43699.92716678805,102192.0,0.8776402039329935,105943.98324836126,0.9631271204396478,104543.99927166788,79780.70721048798,2.0,1.0,0.0,0.3896576839038602,0.6103423160961399,93587.98324836126,9.0,8.45,0.6363636363636364,0.8776402039329935,7.245508689392249,0.0
22,14,1,746.0,0.6769436997319035,120000.0,7.0,337801.60857908847,80428.9544235925,102361.66666666667,1.7533512064343164,98202.63002680965,0.8183552502234137,239598.97855227883,132360.3726541555,2.0,2.0,0.3230563002680965,0.6769436997319035,0.0,90553.16621983914,8.323056300268096,7.46843163538874,0.7604366143240139,1.3604334825952893,6.3694069203227865,0.0
22,20,1,746.0,0.6769436997319035,120000.0,7.0,337801.60857908847,80428.9544235925,102361.66666666667,1.7533512064343164,97860.71447721179,0.815505953976765,239940.89410187668,132702.28820375336,2.0,1.0,0.3230563002680965,0.6769436997319035,0.0,91126.71447721179,8.0,7.0,0.7142857142857143,1.1729222520107239,6.202775937178385,0.0
22,40,1,746.0,0.6769436997319035,120000.0,7.0,337801.60857908847,80428.9544235925,102361.66666666667,1.7533512064343164,97493.72252010724,0.8124476876675604,240307.88605898124,89177.83512064343,2.0,1.0,1.0,0.0,0.0,90759.72252010724,8.0,7.0,0.7142857142857143,1.1729222520107239,6.202775937178385,0.0
22,43,0,746.0,0.6769436997319035,120000.0,7.0,337801.60857908847,80428.9544235925,102361.66666666667,1.7533512064343164,99819.18632707775,0.8318265527256479,237982.42225201073,86852.37131367292,2.0,2.0,1.0,0.0,0.0,91169.27345844504,8.676943699731904,7.98156836461126,0.8109919571045576,1.565839975849751,6.551940445427025,0.0
22,67,0,746.0,0.6769436997319035,120000.0,7.0,337801.60857908847,80428.9544235925,102361.66666666667,1.7533512064343164,101429.5616621984,0.8452463471849866,236372.04691689007,147778.1434316354,2.0,2.0,0.0,1.0,0.0,91536.2654155496,8.676943699731904,7.98156836461126,0.8109919571045576,1.565839975849751,6.551940445427025,0.0
22,15,0,746.0,0.6769436997319035,120000.0,7.0,337801.60857908847,80428.9544235925,102361.66666666667,1.7533512064343164,102075.4128686327,0.8506284405719392,235726.19571045577,128487.58981233244,2.0,1.0,0.3230563002680965,0.6769436997319035,0.0,91266.95576407507,9.0,8.45,0.8571428571428571,1.7533512064343164,6.718571428571427,0.0
22,53,0,746.0,0.6769436997319035,120000.0,7.0,337801.60857908847,80428.9544235925,102361.66666666667,1.7533512064343164,101416.09919571046,0.8451341599642538,236385.50938337803,87371.15415549598,2.0,1.0,0.6769436997319035,0.3230563002680965,0.0,91247.89544235925,9.0,8.45,0.8571428571428571,1.7533512064343164,6.718571428571427,0.0
22,4,0,746.0,0.6769436997319035,120000.0,7.0,337801.60857908847,80428.9544235925,102361.66666666667,1.7533512064343164,99667.39544235925,0.8305616286863271,238134.21313672923,87371.15415549598,2.0,2.0,0.6769436997319035,0.3230563002680965,0.0,91006.89544235925,8.676943699731904,7.98156836461126,0.8109919571045576,1.565839975849751,6.551940445427025,0.0
22,42,0,746.0,0.6769436997319035,120000.0,7.0,337801.60857908847,80428.9544235925,102361.66666666667,1.7533512064343164,99613.29490616622,0.8301107908847185,238188.31367292226,89177.83512064343,2.0,2.0,0.6769436997319035,0.3230563002680965,0.0,91371.59115281502,8.323056300268096,7.46843163538874,0.7604366143240139,1.3604334825952893,6.3694069203227865,0.0
22,28,0,746.0,0.6769436997319035,120000.0,7.0,337801.60857908847,80428.9544235925,102361.66666666667,1.7533512064343164,99613.29490616622,0.8301107908847185,238188.31367292226,150937.4396782842,2.0,2.0,0.0,1.0,0.0,91371.59115281502,8.323056300268096,7.46843163538874,0.7604366143240139,1.3604334825952893,6.3694069203227865,0.0
22,30,0,746.0,0.6769436997319035,120000.0,7.0,337801.60857908847,80428.9544235925,102361.66666666667,1.7533512064343164,99667.39544235925,0.8305616286863271,238134.21313672923,87371.15415549598,2.0,2.0,0.6769436997319035,0.3230563002680965,0.0,91006.89544235925,8.676943699731904,7.98156836461126,0.8109919571045576,1.565839975849751,6.551940445427025,0.0
22,61,0,746.0,0.6769436997319035,120000.0,7.0,337801.60857908847,80428.9544235925,102361.66666666667,1.7533512064343164,99613.29490616622,0.8301107908847185,238188.31367292226,89177.83512064343,2.0,2.0,0.6769436997319035,0.3230563002680965,0.0,91371.59115281502,8.323056300268096,7.46843163538874,0.7604366143240139,1.3604334825952893,6.3694069203227865,0.0
23,71,1,1216.0,0.7360197368421053,122000.0,9.0,225328.94736842104,49342.10526315789,104716.0,0.9251644736842105,105199.35608552632,0.8622898039797239,120129.59128289473,50257.38240131579,2.0,2.0,0.7360197368421053,0.0,0.26398026315789475,96162.84539473684,8.736019736842104,8.067228618421053,0.7191154970760234,0.8663333459574101,6.834102058520185,0.0
23,33,1,1216.0,0.7360197368421053,122000.0,9.0,225328.94736842104,49342.10526315789,104716.0,0.9251644736842105,106619.12335526316,0.8739272406169112,118709.8240131579,84170.35032894737,2.0,2.0,0.26398026315789475,0.0,0.7360197368421053,96162.84539473684,8.736019736842104,8.067228618421053,0.7191154970760234,0.8663333459574101,6.834102058520185,0.0
23,45,1,1216.0,0.7360197368421053,122000.0,9.0,225328.94736842104,49342.10526315789,104716.0,0.9251644736842105,104322.29769736843,0.8551008007981018,121006.64967105263,50843.79851973684,2.0,2.0,0.7360197368421053,0.26398026315789475,0.0,95273.81907894737,8.736019736842104,8.067228618421053,0.7191154970760234,0.8663333459574101,6.834102058520185,0.0
23,2,0,1216.0,0.7360197368421053,122000.0,9.0,225328.94736842104,49342.10526315789,104716.0,0.9251644736842105,107706.45805921052,0.8828398201574633,117622.48930921052,91854.73766447368,2.0,1.0,0.0,0.7360197368421053,0.26398026315789475,96207.45805921052,9.0,8.45,0.7777777777777778,0.9251644736842105,6.956666666666667,0.0
23,28,0,1216.0,0.7360197368421053,122000.0,9.0,225328.94736842104,49342.10526315789,104716.0,0.9251644736842105,107922.921875,0.8846141137295082,117406.02549342105,82866.55180921052,2.0,1.0,0.0,1.0,0.0,96423.921875,9.0,8.45,0.7777777777777778,0.9251644736842105,6.956666666666667,0.0
23,3,0,1216.0,0.7360197368421053,122000.0,9.0,225328.94736842104,49342.10526315789,104716.0,0.9251644736842105,107922.921875,0.8846141137295082,117406.02549342105,82866.55180921052,2.0,1.0,0.0,0.26398026315789475,0.7360197368421053,96423.921875,9.0,8.45,0.7777777777777778,0.9251644736842105,6.956666666666667,0.0
23,8,0,1216.0,0.7360197368421053,122000.0,9.0,225328.94736842104,49342.10526315789,104716.0,0.9251644736842105,107706.45805921052,0.8828398201574633,117622.48930921052,95692.56085526316,2.0,1.0,0.0,0.0,1.0,96207.45805921052,9.0,8.45,0.7777777777777778,0.9251644736842105,6.956666666666667,0.0
24,9,1,985.0,0.5908629441624366,118000.0,14.0,234517.76649746194,60913.705583756346,102683.0,1.1258883248730964,95433.37258883248,0.8087573948206143,139084.39390862946,67583.8,2.0,1.0,0.0,0.5908629441624366,0.40913705583756343,83772.37258883248,9.0,8.45,0.5,1.1258883248730964,7.79,0.0
24,12,1,985.0,0.5908629441624366,118000.0,14.0,234517.76649746194,60913.705583756346,102683.0,1.1258883248730964,95017.14111675127,0.8052300094639938,139500.62538071067,33916.869035532996,2.0,1.0,0.40913705583756343,0.5908629441624366,0.0,84043.22131979695,9.0,8.45,0.5,1.1258883248730964,7.79,0.0
24,1,1,985.0,0.5908629441624366,118000.0,14.0,234517.76649746194,60913.705583756346,102683.0,1.1258883248730964,94001.70253807107,0.7966245977802633,140516.06395939086,55486.120812182744,2.0,1.0,0.5908629441624366,0.0,0.40913705583756343,83326.08426395939,9.0,8.45,0.5,1.1258883248730964,7.79,0.0
24,39,0,985.0,0.5908629441624366,118000.0,14.0,234517.76649746194,60913.705583756346,102683.0,1.1258883248730964,96964.26395939087,0.8217310505033124,137553.50253807107,31969.746192893403,2.0,2.0,1.0,0.0,0.0,88081.07512690355,8.590862944162437,7.856751269035533,0.4415518491660624,0.9697101187868794,7.470197797049802,0.0
24,34,0,985.0,0.5908629441624366,118000.0,14.0,234517.76649746194,60913.705583756346,102683.0,1.1258883248730964,97444.77055837563,0.8258031403252173,137072.9959390863,68037.46294416244,2.0,2.0,0.0,1.0,0.0,87576.2,8.590862944162437,7.856751269035533,0.4415518491660624,0.9697101187868794,7.470197797049802,0.0
24,4,0,985.0,0.5908629441624366,118000.0,14.0,234517.76649746194,60913.705583756346,102683.0,1.1258883248730964,99348.6081218274,0.8419373569646391,135169.15837563452,63646.880203045686,2.0,2.0,0.0,0.5908629441624366,0.40913705583756343,90276.17868020304,8.409137055837563,7.593248730964468,0.41559100797679477,0.9003406426344405,7.3281516572778775,0.0
24,43,0,985.0,0.5908629441624366,118000.0,14.0,234517.76649746194,60913.705583756346,102683.0,1.1258883248730964,101072.21928934011,0.8565442312655941,133445.54720812183,66193.84162436548,2.0,1.0,0.0,0.5908629441624366,0.40913705583756343,93792.21928934011,8.0,7.0,0.35714285714285715,0.7441624365482233,7.00834945432768,0.0
24,36,0,985.0,0.5908629441624366,118000.0,14.0,234517.76649746194,60913.705583756346,102683.0,1.1258883248730964,101072.21928934011,0.8565442312655941,133445.54720812183,64410.01421319797,2.0,1.0,0.0,1.0,0.0,93792.21928934011,8.0,7.0,0.35714285714285715,0.7441624365482233,7.00834945432768,0.0
24,70,0,985.0,0.5908629441624366,118000.0,14.0,234517.76649746194,60913.705583756346,102683.0,1.1258883248730964,101801.79390862944,0.8627270670222834,132715.9725888325,63680.43959390863,2.0,1.0,0.0,1.0,0.0,94521.79390862944,8.0,7.0,0.35714285714285715,0.7441624365482233,7.00834945432768,0.0
24,13,0,985.0,0.5908629441624366,118000.0,14.0,234517.76649746194,60913.705583756346,102683.0,1.1258883248730964,102306.66903553299,0.8670056697926525,132211.09746192893,50143.71573604061,2.0,1.0,0.5908629441624366,0.40913705583756343,0.0,95026.66903553299,8.0,7.0,0.35714285714285715,0.7441624365482233,7.00834945432768,0.0
24,48,0,985.0,0.5908629441624366,118000.0,14.0,234517.76649746194,60913.705583756346,102683.0,1.1258883248730964,102345.53705583756,0.8673350597952336,132172.22944162437,65439.30964467005,2.0,1.0,0.0,0.5908629441624366,0.40913705583756343,95065.53705583756,8.0,7.0,0.35714285714285715,0.7441624365482233,7.00834945432768,0.0
24,28,0,985.0,0.5908629441624366,118000.0,14.0,234517.76649746194,60913.705583756346,102683.0,1.1258883248730964,101801.79390862944,0.8627270670222834,132715.9725888325,63680.43959390863,2.0,1.0,0.0,1.0,0.0,94521.79390862944,8.0,7.0,0.35714285714285715,0.7441624365482233,7.00834945432768,0.0
26,40,1,779.0,0.699614890885751,120000.0,14.0,210526.31578947368,77021.82284980745,91978.0,1.600770218228498,90773.65982028241,0.7564471651690201,119752.65596919127,109126.3594351733,2.0,2.0,0.0,0.0,1.0,82662.63799743261,8.300385109114249,7.43555840821566,0.40005501558774986,1.1616024625890473,7.346371373808862,0.0
26,2,1,779.0,0.699614890885751,120000.0,14.0,210526.31578947368,77021.82284980745,91978.0,1.600770218228498,91534.8408215661,0.7627903401797176,118991.47496790758,88753.0025673941,2.0,2.0,0.0,1.0,0.0,83423.8189987163,8.300385109114249,7.43555840821566,0.40005501558774986,1.1616024625890473,7.346371373808862,0.0
26,33,1,779.0,0.699614890885751,120000.0,14.0,210526.31578947368,77021.82284980745,91978.0,1.600770218228498,90210.14249037227,0.751751187419769,120316.17329910141,90096.0243902439,2.0,1.0,0.0,0.699614890885751,0.30038510911424904,83442.14249037227,8.0,7.0,0.35714285714285715,0.9730423620025674,7.15589596366441,0.0
26,46,0,779.0,0.699614890885751,120000.0,14.0,210526.31578947368,77021.82284980745,91978.0,1.600770218228498,93642.45314505776,0.7803537762088147,116883.86264441592,93777.31578947368,2.0,2.0,0.0,0.30038510911424904,0.699614890885751,83746.47496790758,8.699614890885751,8.014441591784339,0.4570878415551073,1.4122101176420183,7.599524589855547,0.0
26,53,0,779.0,0.699614890885751,120000.0,14.0,210526.31578947368,77021.82284980745,91978.0,1.600770218228498,91976.87933247753,0.7664739944373128,118549.43645699615,63350.46341463415,2.0,2.0,1.0,0.0,0.0,83246.25032092426,8.699614890885751,8.014441591784339,0.4570878415551073,1.4122101176420183,7.599524589855547,0.0
26,68,0,779.0,0.699614890885751,120000.0,14.0,210526.31578947368,77021.82284980745,91978.0,1.600770218228498,93642.45314505776,0.7803537762088147,116883.86264441592,86663.71373555841,2.0,2.0,0.0,0.699614890885751,0.30038510911424904,83746.47496790758,8.699614890885751,8.014441591784339,0.4570878415551073,1.4122101176420183,7.599524589855547,0.0
26,56,0,779.0,0.699614890885751,120000.0,14.0,210526.31578947368,77021.82284980745,91978.0,1.600770218228498,93142.22849807446,0.7761852374839537,117384.08729139924,106766.95250320925,2.0,2.0,0.0,0.0,1.0,83246.25032092426,8.699614890885751,8.014441591784339,0.4570878415551073,1.4122101176420183,7.599524589855547,0.0
26,6,0,779.0,0.699614890885751,120000.0,14.0,210526.31578947368,77021.82284980745,91978.0,1.600770218228498,93510.34531450577,0.7792528776208815,117015.97047496791,86986.26572528883,2.0,1.0,0.699614890885751,0.30038510911424904,0.0,83436.6944801027,9.0,8.45,0.5,1.600770218228498,7.789999999999998,0.0
26,20,0,779.0,0.699614890885751,120000.0,14.0,210526.31578947368,77021.82284980745,91978.0,1.600770218228498,93351.98074454429,0.7779331728712024,117174.3350449294,86663.71373555841,2.0,2.0,0.0,1.0,0.0,83456.0025673941,8.699614890885751,8.014441591784339,0.4570878415551073,1.4122101176420183,7.599524589855547,0.0
26,64,0,779.0,0.699614890885751,120000.0,14.0,210526.31578947368,77021.82284980745,91978.0,1.600770218228498,94467.94094993582,0.7872328412494651,116058.37483953786,90243.2272143774,2.0,1.0,0.30038510911424904,0.0,0.699614890885751,83728.1514762516,9.0,8.45,0.5,1.600770218228498,7.789999999999998,0.0
26,66,0,779.0,0.699614890885751,120000.0,14.0,210526.31578947368,77021.82284980745,91978.0,1.600770218228498,93351.98074454429,0.7779331728712024,117174.3350449294,106411.96405648267,2.0,2.0,0.0,0.0,1.0,83456.0025673941,8.699614890885751,8.014441591784339,0.4570878415551073,1.4122101176420183,7.599524589855547,0.0
26,49,0,779.0,0.699614890885751,120000.0,14.0,210526.31578947368,77021.82284980745,91978.0,1.600770218228498,92467.10012836971,0.7705591677364142,118059.21566110398,62860.24261874198,2.0,2.0,1.0,0.0,0.0,83746.47496790758,8.699614890885751,8.014441591784339,0.4570878415551073,1.4122101176420183,7.599524589855547,0.0
27,40,1,823.0,0.5990279465370595,121000.0,11.0,331713.24422843254,72904.00972053462,97682.66666666667,1.482381530984204,89900.1822600243,0.7429767128927628,241813.06196840826,158611.98177399757,2.0,1.0,0.0,0.0,1.0,82877.1822600243,8.0,7.0,0.45454545454545453,0.8760631834750912,7.065300367207724,0.0
27,24,1,823.0,0.5990279465370595,121000.0,11.0,331713.24422843254,72904.00972053462,97682.66666666667,1.482381530984204,90872.78857837181,0.7510147816394365,240840.45565006076,108912.43013365736,2.0,2.0,1.0,0.0,0.0,82566.82989064399,8.40097205346294,7.581409477521263,0.4909974594057218,1.1191798963280768,7.30120665982188,0.0
27,29,1,823.0,0.5990279465370595,121000.0,11.0,331713.24422843254,72904.00972053462,97682.66666666667,1.482381530984204,89266.78250303767,0.737742004157336,242446.4617253949,109539.01336573511,2.0,1.0,0.5990279465370595,0.0,0.40097205346294046,82243.78250303767,8.0,7.0,0.45454545454545453,0.8760631834750912,7.065300367207724,0.0
27,21,0,823.0,0.5990279465370595,121000.0,11.0,331713.24422843254,72904.00972053462,97682.66666666667,1.482381530984204,92684.46415552855,0.7659873070704839,239028.78007290402,121167.29769137302,2.0,2.0,0.40097205346294046,0.5990279465370595,0.0,82762.76792223573,8.59902794653706,7.868590522478736,0.5090025405942782,1.2392648181312185,7.417730071022207,0.0
27,70,0,823.0,0.5990279465370595,121000.0,11.0,331713.24422843254,72904.00972053462,97682.66666666667,1.482381530984204,94595.89793438639,0.7817842804494743,237117.34629404618,155713.28554070473,2.0,1.0,0.0,0.0,1.0,82733.89793438639,9.0,8.449999999999998,0.5454545454545454,1.482381530984204,7.653636363636364,0.0
27,5,0,823.0,0.5990279465370595,121000.0,11.0,331713.24422843254,72904.00972053462,97682.66666666667,1.482381530984204,93185.32928311056,0.7701266882901701,238527.914945322,107534.30619684083,2.0,1.0,0.5990279465370595,0.0,0.40097205346294046,82306.57351154313,9.0,8.449999999999998,0.5454545454545454,1.482381530984204,7.653636363636364,0.0
27,0,0,823.0,0.5990279465370595,121000.0,11.0,331713.24422843254,72904.00972053462,97682.66666666667,1.482381530984204,93887.49210206562,0.7759296867939307,237825.75212636695,152827.5382746051,2.0,1.0,0.0,0.5990279465370595,0.40097205346294046,82025.49210206562,9.0,8.449999999999998,0.5454545454545454,1.482381530984204,7.653636363636364,0.0
27,35,0,823.0,0.5990279465370595,121000.0,11.0,331713.24422843254,72904.00972053462,97682.66666666667,1.482381530984204,92293.91737545565,0.7627596477310384,239419.32685297693,154344.9283110571,2.0,2.0,0.0,1.0,0.0,82372.22114216282,8.59902794653706,7.868590522478736,0.5090025405942782,1.2392648181312185,7.417730071022207,0.0
27,50,0,823.0,0.5990279465370595,121000.0,11.0,331713.24422843254,72904.00972053462,97682.66666666667,1.482381530984204,92261.5504252734,0.7624921522749867,239451.69380315917,155713.28554070473,2.0,2.0,0.0,0.0,1.0,82339.85419198056,8.59902794653706,7.868590522478736,0.5090025405942782,1.2392648181312185,7.417730071022207,0.0
27,63,0,823.0,0.5990279465370595,121000.0,11.0,331713.24422843254,72904.00972053462,97682.66666666667,1.482381530984204,92684.46415552855,0.7659873070704839,239028.78007290402,145959.86634264883,2.0,2.0,0.40097205346294046,0.0,0.5990279465370595,82762.76792223573,8.59902794653706,7.868590522478736,0.5090025405942782,1.2392648181312185,7.417730071022207,0.0
27,18,0,823.0,0.5990279465370595,121000.0,11.0,331713.24422843254,72904.00972053462,97682.66666666667,1.482381530984204,91811.61603888214,0.7587736862717532,239901.62818955042,155188.90643985418,2.0,2.0,0.0,0.5990279465370595,0.40097205346294046,82848.31227217497,8.40097205346294,7.581409477521263,0.4909974594057218,1.1191798963280768,7.30120665982188,0.0
27,60,0,823.0,0.5990279465370595,121000.0,11.0,331713.24422843254,72904.00972053462,97682.66666666667,1.482381530984204,94595.89793438639,0.7817842804494743,237117.34629404618,152404.62454434994,2.0,1.0,0.0,0.5990279465370595,0.40097205346294046,82733.89793438639,9.0,8.449999999999998,0.5454545454545454,1.482381530984204,7.653636363636364,0.0
28,36,1,877.0,0.5359179019384265,112000.0,11.0,433295.32497149374,68415.05131128848,100834.0,1.2371721778791334,95618.73888255416,0.853738740022805,337676.58608893957,231371.22006841504,2.0,1.0,0.4640820980615735,0.0,0.5359179019384265,83440.93956670468,9.0,8.45,0.7272727272727273,1.2371721778791334,7.1081818181818175,0.0
28,69,1,877.0,0.5359179019384265,112000.0,11.0,433295.32497149374,68415.05131128848,100834.0,1.2371721778791334,96781.36944127709,0.8641193700114025,336513.9555302166,231371.22006841504,2.0,1.0,0.0,1.0,0.0,83829.36944127709,9.0,8.45,0.7272727272727273,1.2371721778791334,7.1081818181818175,0.0
28,11,1,877.0,0.5359179019384265,112000.0,11.0,433295.32497149374,68415.05131128848,100834.0,1.2371721778791334,95618.73888255416,0.853738740022805,337676.58608893957,231371.22006841504,2.0,1.0,0.4640820980615735,0.5359179019384265,0.0,83440.93956670468,9.0,8.45,0.7272727272727273,1.2371721778791334,7.1081818181818175,0.0
28,64,0,877.0,0.5359179019384265,112000.0,11.0,433295.32497149374,68415.05131128848,100834.0,1.2371721778791334,104083.01710376283,0.9293126527121681,329212.3078677309,182511.58494868872,2.0,1.0,1.0,0.0,0.0,96866.01710376283,8.0,7.0,0.45454545454545453,0.992018244013683,6.455564412152557,0.0
28,44,0,877.0,0.5359179019384265,112000.0,11.0,433295.32497149374,68415.05131128848,100834.0,1.2371721778791334,102848.72976054731,0.9182922300048868,330446.5952109464,234444.70923603192,2.0,1.0,0.0,1.0,0.0,95631.72976054731,8.0,7.0,0.45454545454545453,0.992018244013683,6.455564412152557,0.0
28,25,0,877.0,0.5359179019384265,112000.0,11.0,433295.32497149374,68415.05131128848,100834.0,1.2371721778791334,103518.69327251996,0.924274047076071,329776.63169897377,234444.70923603192,2.0,1.0,0.0,0.5359179019384265,0.4640820980615735,96301.69327251996,8.0,7.0,0.45454545454545453,0.992018244013683,6.455564412152557,0.0
28,18,0,877.0,0.5359179019384265,112000.0,11.0,433295.32497149374,68415.05131128848,100834.0,1.2371721778791334,99059.68757126568,0.884461496172015,334235.63740022806,187534.91448118587,2.0,2.0,0.5359179019384265,0.4640820980615735,0.0,89663.81641961231,8.535917901938426,7.7770809578107185,0.6007048823468436,1.1234006259028069,6.805313763160257,0.0
28,7,0,877.0,0.5359179019384265,112000.0,11.0,433295.32497149374,68415.05131128848,100834.0,1.2371721778791334,99436.25541619156,0.8878237090731389,333859.06955530215,187158.34663626,2.0,2.0,0.5359179019384265,0.0,0.4640820980615735,90048.06955530217,8.535917901938426,7.7770809578107185,0.6007048823468436,1.1234006259028069,6.805313763160257,0.0
28,27,0,877.0,0.5359179019384265,112000.0,11.0,433295.32497149374,68415.05131128848,100834.0,1.2371721778791334,103410.73318129989,0.9233101176901776,329884.59179019387,234444.70923603192,2.0,1.0,0.0,0.5359179019384265,0.4640820980615735,96193.73318129989,8.0,7.0,0.45454545454545453,0.992018244013683,6.455564412152557,0.0
28,16,0,877.0,0.5359179019384265,112000.0,11.0,433295.32497149374,68415.05131128848,100834.0,1.2371721778791334,103518.69327251996,0.924274047076071,329776.63169897377,234444.70923603192,2.0,1.0,0.0,0.5359179019384265,0.4640820980615735,96301.69327251996,8.0,7.0,0.45454545454545453,0.992018244013683,6.455564412152557,0.0
28,4,0,877.0,0.5359179019384265,112000.0,11.0,433295.32497149374,68415.05131128848,100834.0,1.2371721778791334,102848.72976054731,0.9182922300048868,330446.5952109464,234444.70923603192,2.0,1.0,0.0,0.4640820980615735,0.5359179019384265,95631.72976054731,8.0,7.0,0.45454545454545453,0.992018244013683,6.455564412152557,0.0
28,71,0,877.0,0.5359179019384265,112000.0,11.0,433295.32497149374,68415.05131128848,100834.0,1.2371721778791334,99862.3614595211,0.8916282273171526,333432.96351197263,234444.70923603192,2.0,2.0,0.0,0.5359179019384265,0.4640820980615735,89983.85062713797,8.464082098061574,7.672919042189282,0.5811132994713382,1.1057897959900094,6.758432467174118,0.0
30,1,1,648.0,0.7160493827160493,102000.0,7.0,317901.23456790124,92592.5925925926,101289.0,1.7561728395061729,94447.87037037036,0.9259595134350036,223453.36419753087,80816.99382716049,2.0,1.0,0.7160493827160493,0.2839506172839506,0.0,83668.93827160494,9.0,8.45,1.0,1.7561728395061729,6.29,0.0
30,4,1,648.0,0.7160493827160493,102000.0,7.0,317901.23456790124,92592.5925925926,101289.0,1.7561728395061729,95371.59104938271,0.9350155985233599,222529.6435185185,139571.3086419753,2.0,1.0,0.2839506172839506,0.0,0.7160493827160493,83871.96296296296,9.0,8.45,1.0,1.7561728395061729,6.29,0.0
30,63,1,648.0,0.7160493827160493,102000.0,7.0,317901.23456790124,92592.5925925926,101289.0,1.7561728395061729,96365.06172839506,0.9447555071411281,221536.17283950618,139571.3086419753,2.0,1.0,0.0,0.0,1.0,84387.06172839506,9.0,8.45,1.0,1.7561728395061729,6.29,0.0
32,48,1,610.0,0.6918032786885245,104000.0,14.0,377049.18032786885,98360.65573770492,99718.0,2.080327868852459,99844.05901639344,0.9600390290037831,277205.1213114754,92216.4344262295,2.0,2.0,0.3081967213114754,0.0,0.6918032786885245,91618.2,8.308196721311475,7.44688524590164,0.40117096018735365,1.5166783122816447,7.225030467322107,0.0
32,71,1,610.0,0.6918032786885245,104000.0,14.0,377049.18032786885,98360.65573770492,99718.0,2.080327868852459,99365.37049180327,0.9554362547288777,277683.8098360656,85286.07213114754,2.0,1.0,0.6918032786885245,0.3081967213114754,0.0,91899.37049180327,8.0,7.0,0.35714285714285715,1.2655737704918033,6.9733378793044665,0.0
32,40,1,610.0,0.6918032786885245,104000.0,14.0,377049.18032786885,98360.65573770492,99718.0,2.080327868852459,98175.32786885246,0.9439935372005044,278873.8524590164,121784.98196721311,2.0,1.0,0.0,0.3081967213114754,0.6918032786885245,90709.32786885246,8.0,7.0,0.35714285714285715,1.2655737704918033,6.9733378793044665,0.0
32,55,0,610.0,0.6918032786885245,104000.0,14.0,377049.18032786885,98360.65573770492,99718.0,2.080327868852459,102732.75081967213,0.9878149117276166,274316.4295081967,57922.986885245904,2.0,2.0,1.0,0.0,0.0,93574.2262295082,8.691803278688525,8.00311475409836,0.4559718969555035,1.8292233270626177,7.538307411982359,0.0
32,11,0,610.0,0.6918032786885245,104000.0,14.0,377049.18032786885,98360.65573770492,99718.0,2.080327868852459,104039.19344262296,1.0003768600252207,273009.9868852459,84868.62950819673,2.0,2.0,0.0,1.0,0.0,93574.2262295082,8.691803278688525,8.00311475409836,0.4559718969555035,1.8292233270626177,7.538307411982359,0.0
32,38,0,610.0,0.6918032786885245,104000.0,14.0,377049.18032786885,98360.65573770492,99718.0,2.080327868852459,102384.48852459017,0.984466235813367,274664.6918032787,58271.24918032787,2.0,2.0,1.0,0.0,0.0,93225.96393442623,8.691803278688525,8.00311475409836,0.4559718969555035,1.8292233270626177,7.538307411982359,0.0
32,33,0,610.0,0.6918032786885245,104000.0,14.0,377049.18032786885,98360.65573770492,99718.0,2.080327868852459,103484.36721311475,0.9950419924337958,273564.8131147541,117807.1131147541,2.0,2.0,0.0,0.3081967213114754,0.6918032786885245,93019.4,8.691803278688525,8.00311475409836,0.4559718969555035,1.8292233270626177,7.538307411982359,0.0
32,42,0,610.0,0.6918032786885245,104000.0,14.0,377049.18032786885,98360.65573770492,99718.0,2.080327868852459,103136.10491803278,0.9916933165195461,273913.0754098361,85423.45573770492,2.0,2.0,0.0,1.0,0.0,92671.13770491803,8.691803278688525,8.00311475409836,0.4559718969555035,1.8292233270626177,7.538307411982359,0.0
32,27,0,610.0,0.6918032786885245,104000.0,14.0,377049.18032786885,98360.65573770492,99718.0,2.080327868852459,103690.93114754098,0.997028184110971,273358.24918032787,84868.62950819673,2.0,2.0,0.0,0.6918032786885245,0.3081967213114754,93225.96393442623,8.691803278688525,8.00311475409836,0.4559718969555035,1.8292233270626177,7.538307411982359,0.0
32,53,0,610.0,0.6918032786885245,104000.0,14.0,377049.18032786885,98360.65573770492,99718.0,2.080327868852459,105373.92131147541,1.0132107818411098,271675.25901639345,84087.42295081967,2.0,1.0,0.0,1.0,0.0,93572.92131147541,9.0,8.45,0.5,2.080327868852459,7.789999999999999,0.0
32,37,0,610.0,0.6918032786885245,104000.0,14.0,377049.18032786885,98360.65573770492,99718.0,2.080327868852459,101499.32459016393,0.9759550441361917,275549.8557377049,85286.07213114754,2.0,2.0,0.6918032786885245,0.3081967213114754,0.0,92697.29180327868,8.308196721311475,7.44688524590164,0.40117096018735365,1.5166783122816447,7.225030467322107,0.0
32,2,0,610.0,0.6918032786885245,104000.0,14.0,377049.18032786885,98360.65573770492,99718.0,2.080327868852459,102189.02131147542,0.9825867433795713,274860.1590163934,82462.42131147541,2.0,2.0,0.6918032786885245,0.3081967213114754,0.0,93019.4,8.691803278688525,8.00311475409836,0.4559718969555035,1.8292233270626177,7.538307411982359,0.0
34,60,1,1354.0,0.7976366322008862,123000.0,13.0,209010.3397341211,44313.14623338257,100105.66666666667,0.7991137370753324,98417.63663220088,0.8001433872536657,110592.70310192024,37765.416543574596,2.0,2.0,0.7976366322008862,0.20236336779911374,0.0,88275.27474150664,8.797636632200886,8.156573116691286,0.5073287126462902,0.7529318459010885,7.596474022993524,0.0
34,12,1,1354.0,0.7976366322008862,123000.0,13.0,209010.3397341211,44313.14623338257,100105.66666666667,0.7991137370753324,99265.06203840472,0.8070330247024775,109745.2776957164,77040.71418020679,2.0,2.0,0.0,0.0,1.0,87703.36927621861,8.797636632200886,8.156573116691286,0.5073287126462902,0.7529318459010885,7.596474022993524,0.0
34,4,1,1354.0,0.7976366322008862,123000.0,13.0,209010.3397341211,44313.14623338257,100105.66666666667,0.7991137370753324,98417.63663220088,0.8001433872536657,110592.70310192024,37765.416543574596,2.0,2.0,0.7976366322008862,0.20236336779911374,0.0,88275.27474150664,8.797636632200886,8.156573116691286,0.5073287126462902,0.7529318459010885,7.596474022993524,0.0
34,63,0,1354.0,0.7976366322008862,123000.0,13.0,209010.3397341211,44313.14623338257,100105.66666666667,0.7991137370753324,100857.05465288035,0.8199760540884582,108153.28508124077,66794.34859675037,2.0,1.0,0.0,0.20236336779911374,0.7976366322008862,88173.05465288035,9.0,8.45,0.5384615384615384,0.7991137370753324,7.674615384615384,0.0
34,3,0,1354.0,0.7976366322008862,123000.0,13.0,209010.3397341211,44313.14623338257,100105.66666666667,0.7991137370753324,100857.05465288035,0.8199760540884582,108153.28508124077,66794.34859675037,2.0,1.0,0.0,0.20236336779911374,0.7976366322008862,88173.05465288035,9.0,8.45,0.5384615384615384,0.7991137370753324,7.674615384615384,0.0
34,32,0,1354.0,0.7976366322008862,123000.0,13.0,209010.3397341211,44313.14623338257,100105.66666666667,0.7991137370753324,100857.05465288035,0.8199760540884582,108153.28508124077,75683.56425406203,2.0,1.0,0.0,0.0,1.0,88173.05465288035,9.0,8.45,0.5384615384615384,0.7991137370753324,7.674615384615384,0.0
34,9,0,1354.0,0.7976366322008862,123000.0,13.0,209010.3397341211,44313.14623338257,100105.66666666667,0.7991137370753324,100857.05465288035,0.8199760540884582,108153.28508124077,46906.60561299852,2.0,1.0,0.0,1.0,0.0,88173.05465288035,9.0,8.45,0.5384615384615384,0.7991137370753324,7.674615384615384,0.0
34,28,0,1354.0,0.7976366322008862,123000.0,13.0,209010.3397341211,44313.14623338257,100105.66666666667,0.7991137370753324,101009.83899556869,0.8212182032160056,108000.50073855244,75607.17208271788,2.0,1.0,0.0,0.0,1.0,88325.83899556869,9.0,8.45,0.5384615384615384,0.7991137370753324,7.674615384615384,0.0
34,55,0,1354.0,0.7976366322008862,123000.0,13.0,209010.3397341211,44313.14623338257,100105.66666666667,0.7991137370753324,101225.30132939438,0.8229699295072714,107785.03840472673,64243.19202363368,2.0,1.0,0.20236336779911374,0.0,0.7976366322008862,88899.97045790251,9.0,8.45,0.5384615384615384,0.7991137370753324,7.674615384615384,0.0
34,31,0,1354.0,0.7976366322008862,123000.0,13.0,209010.3397341211,44313.14623338257,100105.66666666667,0.7991137370753324,100857.05465288035,0.8199760540884582,108153.28508124077,46906.60561299852,2.0,1.0,0.0,0.7976366322008862,0.20236336779911374,88173.05465288035,9.0,8.45,0.5384615384615384,0.7991137370753324,7.674615384615384,0.0
34,20,0,1354.0,0.7976366322008862,123000.0,13.0,209010.3397341211,44313.14623338257,100105.66666666667,0.7991137370753324,101583.97045790251,0.8258859386821342,107426.36927621861,75034.15361890694,2.0,1.0,0.0,0.0,1.0,88899.97045790251,9.0,8.45,0.5384615384615384,0.7991137370753324,7.674615384615384,0.0
34,8,0,1354.0,0.7976366322008862,123000.0,13.0,209010.3397341211,44313.14623338257,100105.66666666667,0.7991137370753324,101431.18611521418,0.8246437895545868,107579.15361890694,46334.700147710486,2.0,1.0,0.0,0.7976366322008862,0.20236336779911374,88747.18611521418,9.0,8.45,0.5384615384615384,0.7991137370753324,7.674615384615384,0.0
36,41,1,977.0,0.72978505629478,124000.0,14.0,151484.13510747184,61412.487205731835,99944.66666666667,1.1218014329580348,99398.03684749233,0.8015970713507445,52086.09825997953,14682.544524053224,2.0,2.0,0.0,0.72978505629478,0.27021494370522003,88162.18423746162,8.72978505629478,8.05818833162743,0.40927036116391285,1.026382645262742,7.60552566164644,0.0
36,42,1,977.0,0.72978505629478,124000.0,14.0,151484.13510747184,61412.487205731835,99944.66666666667,1.1218014329580348,99917.6438075742,0.8057874500610823,51566.49129989764,14162.937563971342,2.0,2.0,0.0,0.72978505629478,0.27021494370522003,88681.7911975435,8.72978505629478,8.05818833162743,0.40927036116391285,1.026382645262742,7.60552566164644,0.0
36,29,1,977.0,0.72978505629478,124000.0,14.0,151484.13510747184,61412.487205731835,99944.66666666667,1.1218014329580348,98247.4616171955,0.7923182388483507,53236.67349027636,14707.789150460594,2.0,1.0,0.0,0.0,1.0,85355.4616171955,9.0,8.45,0.42857142857142855,1.1218014329580348,8.004285714285714,0.0
36,36,0,977.0,0.72978505629478,124000.0,14.0,151484.13510747184,61412.487205731835,99944.66666666667,1.1218014329580348,104607.24257932446,0.8436067949945522,46876.89252814739,-16582.677584442168,2.0,1.0,1.0,0.0,0.0,97844.24257932446,8.0,7.0,0.35714285714285715,0.7686796315250768,6.528571428571429,0.0
36,64,0,977.0,0.72978505629478,124000.0,14.0,151484.13510747184,61412.487205731835,99944.66666666667,1.1218014329580348,103968.1013306039,0.8384524300855153,47516.03377686796,-2637.4974411463663,2.0,1.0,0.27021494370522003,0.0,0.72978505629478,97205.1013306039,8.0,7.0,0.35714285714285715,0.7686796315250768,6.528571428571429,0.0
36,49,0,977.0,0.72978505629478,124000.0,14.0,151484.13510747184,61412.487205731835,99944.66666666667,1.1218014329580348,103633.30501535312,0.8357524598012348,47850.83009211873,-2302.7011258955986,2.0,1.0,0.27021494370522003,0.0,0.72978505629478,96870.30501535312,8.0,7.0,0.35714285714285715,0.7686796315250768,6.528571428571429,0.0
36,20,0,977.0,0.72978505629478,124000.0,14.0,151484.13510747184,61412.487205731835,99944.66666666667,1.1218014329580348,98110.88945752302,0.7912168504638954,53373.245649948825,-10086.324462640738,2.0,1.0,0.27021494370522003,0.72978505629478,0.0,85679.9733879222,9.0,8.45,0.42857142857142855,1.1218014329580348,8.004285714285714,0.0
36,12,0,977.0,0.72978505629478,124000.0,14.0,151484.13510747184,61412.487205731835,99944.66666666667,1.1218014329580348,104607.24257932446,0.8436067949945522,46876.89252814739,-16582.677584442168,2.0,1.0,1.0,0.0,0.0,97844.24257932446,8.0,7.0,0.35714285714285715,0.7686796315250768,6.528571428571429,0.0
36,55,0,977.0,0.72978505629478,124000.0,14.0,151484.13510747184,61412.487205731835,99944.66666666667,1.1218014329580348,102291.6878198567,0.824932966289167,49192.44728761515,-961.0839303991812,2.0,2.0,0.0,0.27021494370522003,0.72978505629478,93872.5404298874,8.27021494370522,7.3918116683725685,0.37644392455037284,0.8640984192203695,6.927331481210704,0.0
36,38,0,977.0,0.72978505629478,124000.0,14.0,151484.13510747184,61412.487205731835,99944.66666666667,1.1218014329580348,103633.30501535312,0.8357524598012348,47850.83009211873,-15608.740020470828,2.0,1.0,1.0,0.0,0.0,96870.30501535312,8.0,7.0,0.35714285714285715,0.7686796315250768,6.528571428571429,0.0
36,11,0,977.0,0.72978505629478,124000.0,14.0,151484.13510747184,61412.487205731835,99944.66666666667,1.1218014329580348,104943.11975435005,0.8463154818899198,46541.0153531218,-16334.816786079837,2.0,1.0,0.72978505629478,0.0,0.27021494370522003,98180.11975435005,8.0,7.0,0.35714285714285715,0.7686796315250768,6.528571428571429,0.0
36,13,0,977.0,0.72978505629478,124000.0,14.0,151484.13510747184,61412.487205731835,99944.66666666667,1.1218014329580348,103968.1013306039,0.8384524300855153,47516.03377686796,10555.882292732857,2.0,1.0,0.0,0.0,1.0,97205.1013306039,8.0,7.0,0.35714285714285715,0.7686796315250768,6.528571428571429,0.0
37,15,1,637.0,0.6923076923076923,100000.0,7.0,437990.5808477237,94191.52276295134,99986.66666666667,1.7974882260596545,94357.84615384616,0.9435784615384616,343632.7346938776,249610.85714285713,2.0,1.0,0.0,1.0,0.0,82296.84615384616,9.0,8.45,0.8571428571428571,1.7974882260596545,6.718571428571428,0.0
37,1,1,637.0,0.6923076923076923,100000.0,7.0,437990.5808477237,94191.52276295134,99986.66666666667,1.7974882260596545,94219.23076923077,0.9421923076923077,343771.35007849295,209666.35164835164,2.0,1.0,1.0,0.0,0.0,87413.23076923077,8.0,7.0,0.7142857142857143,1.3108320251177394,6.12890714623119,0.0
37,29,1,637.0,0.6923076923076923,100000.0,7.0,437990.5808477237,94191.52276295134,99986.66666666667,1.7974882260596545,94686.92307692308,0.9468692307692308,343303.65777080064,208888.1978021978,2.0,1.0,0.6923076923076923,0.3076923076923077,0.0,87880.92307692308,8.0,7.0,0.7142857142857143,1.3108320251177394,6.12890714623119,0.0
38,63,1,1038.0,0.791907514450867,114000.0,11.0,362235.06743737956,57803.46820809248,94263.0,1.0578034682080926,92886.31984585742,0.8147922793496265,269348.7475915222,104332.60115606936,2.0,2.0,1.0,0.0,0.0,82936.4971098266,8.791907514450868,8.148265895953758,0.5265370467682606,0.9844298172341207,7.499931896383771,0.0
38,56,1,1038.0,0.791907514450867,114000.0,11.0,362235.06743737956,57803.46820809248,94263.0,1.0578034682080926,93994.4161849711,0.8245124226751851,268240.65125240845,168499.56840077072,2.0,2.0,0.20809248554913296,0.0,0.791907514450867,82735.06358381503,8.791907514450868,8.148265895953758,0.5265370467682606,0.9844298172341207,7.499931896383771,0.0
38,11,1,1038.0,0.791907514450867,114000.0,11.0,362235.06743737956,57803.46820809248,94263.0,1.0578034682080926,93994.4161849711,0.8245124226751851,268240.65125240845,168499.56840077072,2.0,2.0,0.0,0.0,1.0,82735.06358381503,8.791907514450868,8.148265895953758,0.5265370467682606,0.9844298172341207,7.499931896383771,0.0
38,65,0,1038.0,0.791907514450867,114000.0,11.0,362235.06743737956,57803.46820809248,94263.0,1.0578034682080926,94962.46242774566,0.8330040563837339,267272.60500963393,168499.56840077072,2.0,1.0,0.0,0.0,1.0,82678.46242774566,9.0,8.45,0.5454545454545454,1.0578034682080926,7.653636363636363,0.0
38,2,0,1038.0,0.791907514450867,114000.0,11.0,362235.06743737956,57803.46820809248,94263.0,1.0578034682080926,94962.46242774566,0.8330040563837339,267272.60500963393,168499.56840077072,2.0,1.0,0.0,0.0,1.0,82678.46242774566,9.0,8.45,0.5454545454545454,1.0578034682080926,7.653636363636363,0.0
39,68,1,940.0,0.7840425531914894,102000.0,13.0,344680.8510638298,63829.78723404255,101707.0,1.298936170212766,92831.84361702128,0.9101161138923655,251849.0074468085,130841.07553191489,2.0,1.0,0.21595744680851064,0.0,0.7840425531914894,86034.84361702128,8.0,7.0,0.38461538461538464,0.8138297872340425,7.446153846153846,0.0
39,7,1,940.0,0.7840425531914894,102000.0,13.0,344680.8510638298,63829.78723404255,101707.0,1.298936170212766,93993.43085106384,0.9215042240300375,250687.42021276595,130841.07553191489,2.0,1.0,0.0,0.21595744680851064,0.7840425531914894,87196.43085106384,8.0,7.0,0.38461538461538464,0.8138297872340425,7.446153846153846,0.0
39,47,1,940.0,0.7840425531914894,102000.0,13.0,344680.8510638298,63829.78723404255,101707.0,1.298936170212766,93758.25319148936,0.9191985607008761,250922.5978723404,62352.60638297872,2.0,1.0,1.0,0.0,0.0,86961.25319148936,8.0,7.0,0.38461538461538464,0.8138297872340425,7.446153846153846,0.0
39,12,0,940.0,0.7840425531914894,102000.0,13.0,344680.8510638298,63829.78723404255,101707.0,1.298936170212766,103252.78191489361,1.012282175636212,241428.06914893616,102066.3670212766,2.0,1.0,0.21595744680851064,0.7840425531914894,0.0,91747.35957446808,9.0,8.45,0.5384615384615384,1.298936170212766,7.672615657305472,0.0
39,52,0,940.0,0.7840425531914894,102000.0,13.0,344680.8510638298,63829.78723404255,101707.0,1.298936170212766,102047.5670212766,1.000466343345849,242633.2840425532,56406.64680851064,2.0,1.0,0.7840425531914894,0.21595744680851064,0.0,91581.93617021276,9.0,8.45,0.5384615384615384,1.298936170212766,7.672615657305472,0.0
39,40,0,940.0,0.7840425531914894,102000.0,13.0,344680.8510638298,63829.78723404255,101707.0,1.298936170212766,104265.07234042553,1.0222065915727994,240415.77872340425,126837.75425531915,2.0,1.0,0.0,0.21595744680851064,0.7840425531914894,92362.07234042553,9.0,8.45,0.5384615384615384,1.298936170212766,7.672615657305472,0.0
39,4,0,940.0,0.7840425531914894,102000.0,13.0,344680.8510638298,63829.78723404255,101707.0,1.298936170212766,103867.44680851063,1.0183083020442218,240813.40425531915,126837.75425531915,2.0,1.0,0.21595744680851064,0.0,0.7840425531914894,92362.07234042553,9.0,8.45,0.5384615384615384,1.298936170212766,7.672615657305472,0.0
39,62,0,940.0,0.7840425531914894,102000.0,13.0,344680.8510638298,63829.78723404255,101707.0,1.298936170212766,101753.91914893617,0.9975874426366291,242926.93191489362,126837.75425531915,2.0,2.0,0.0,0.21595744680851064,0.7840425531914894,90953.59787234043,8.784042553191489,8.136861702127659,0.5052373158756137,1.1941738343141692,7.623709542769535,0.0
39,22,0,940.0,0.7840425531914894,102000.0,13.0,344680.8510638298,63829.78723404255,101707.0,1.298936170212766,101141.58191489361,0.9915841364205257,243539.26914893618,126837.75425531915,2.0,2.0,0.0,0.21595744680851064,0.7840425531914894,90341.26063829787,8.784042553191489,8.136861702127659,0.5052373158756137,1.1941738343141692,7.623709542769535,0.0
39,33,0,940.0,0.7840425531914894,102000.0,13.0,344680.8510638298,63829.78723404255,101707.0,1.298936170212766,103484.93617021276,1.014558197747184,241195.914893617,126837.75425531915,2.0,1.0,0.0,0.21595744680851064,0.7840425531914894,91581.93617021276,9.0,8.45,0.5384615384615384,1.298936170212766,7.672615657305472,0.0
39,46,0,940.0,0.7840425531914894,102000.0,13.0,344680.8510638298,63829.78723404255,101707.0,1.298936170212766,99704.21276595745,0.9774922820191907,244976.63829787233,56406.64680851064,2.0,2.0,0.7840425531914894,0.21595744680851064,0.0,90341.26063829787,8.784042553191489,8.136861702127659,0.5052373158756137,1.1941738343141692,7.623709542769535,0.0
39,71,0,940.0,0.7840425531914894,102000.0,13.0,344680.8510638298,63829.78723404255,101707.0,1.298936170212766,101141.58191489361,0.9915841364205257,243539.26914893618,122650.35106382979,2.0,2.0,0.0,0.7840425531914894,0.21595744680851064,90341.26063829787,8.784042553191489,8.136861702127659,0.5052373158756137,1.1941738343141692,7.623709542769535,0.0
40,56,1,1061.0,0.532516493873704,103000.0,7.0,265786.9934024505,56550.42412818096,96206.0,1.0725730442978323,91611.97549481622,0.8894366552894778,174175.01790763432,69556.73327049954,2.0,2.0,0.46748350612629597,0.532516493873704,0.0,83122.18284637135,8.467483506126296,7.677851083883129,0.8478524303217989,0.9089534618257988,6.246542226952389,0.0
40,46,1,1061.0,0.532516493873704,103000.0,7.0,265786.9934024505,56550.42412818096,96206.0,1.0725730442978323,90842.34495758718,0.8819645141513318,174944.64844486333,70326.36380772856,2.0,1.0,0.46748350612629597,0.532516493873704,0.0,84196.34495758718,8.0,7.0,0.7142857142857143,0.765315739868049,6.20839168636546,0.0
40,50,1,1061.0,0.532516493873704,103000.0,7.0,265786.9934024505,56550.42412818096,96206.0,1.0725730442978323,90755.50801131008,0.8811214370030105,175031.48539114042,60315.918944392084,2.0,1.0,1.0,0.0,0.0,84109.50801131008,8.0,7.0,0.7142857142857143,0.765315739868049,6.20839168636546,0.0
40,27,0,1061.0,0.532516493873704,103000.0,7.0,265786.9934024505,56550.42412818096,96206.0,1.0725730442978323,93287.28369462771,0.9057017834429875,172499.7097078228,59712.0452403393,2.0,2.0,0.532516493873704,0.46748350612629597,0.0,84025.71347785108,8.467483506126296,7.677851083883129,0.8478524303217989,0.9089534618257988,6.246542226952389,0.0
40,55,0,1061.0,0.532516493873704,103000.0,7.0,265786.9934024505,56550.42412818096,96206.0,1.0725730442978323,93021.93496701225,0.9031255822040024,172765.05843543826,101869.77851083883,2.0,2.0,0.0,0.532516493873704,0.46748350612629597,83396.50518378888,8.532516493873704,7.772148916116871,0.8664332839639154,0.9289353223400825,6.251849459413071,0.0
40,68,0,1061.0,0.532516493873704,103000.0,7.0,265786.9934024505,56550.42412818096,96206.0,1.0725730442978323,94395.43920829406,0.9164605748378064,171391.55419415646,66773.26955702167,2.0,1.0,0.46748350612629597,0.532516493873704,0.0,82926.21677662582,9.0,8.450000000000001,1.0,1.0725730442978323,6.290000000000001,0.0
40,10,0,1061.0,0.532516493873704,103000.0,7.0,265786.9934024505,56550.42412818096,96206.0,1.0725730442978323,94227.11781338361,0.9148263865377049,171559.8755890669,58765.198868991516,2.0,1.0,0.532516493873704,0.46748350612629597,0.0,82865.80301602262,9.0,8.450000000000001,1.0,1.0725730442978323,6.290000000000001,0.0
40,59,0,1061.0,0.532516493873704,103000.0,7.0,265786.9934024505,56550.42412818096,96206.0,1.0725730442978323,93021.93496701225,0.9031255822040024,172765.05843543826,68146.77379830349,2.0,2.0,0.46748350612629597,0.532516493873704,0.0,83396.50518378888,8.532516493873704,7.772148916116871,0.8664332839639154,0.9289353223400825,6.251849459413071,0.0
40,57,0,1061.0,0.532516493873704,103000.0,7.0,265786.9934024505,56550.42412818096,96206.0,1.0725730442978323,92987.62676720075,0.9027924928854442,172799.36663524975,59712.0452403393,2.0,2.0,0.532516493873704,0.46748350612629597,0.0,83726.05655042412,8.467483506126296,7.677851083883129,0.8478524303217989,0.9089534618257988,6.246542226952389,0.0
40,25,0,1061.0,0.532516493873704,103000.0,7.0,265786.9934024505,56550.42412818096,96206.0,1.0725730442978323,93193.86050895382,0.9047947622228526,172593.1328934967,67974.84825636192,2.0,2.0,0.46748350612629597,0.532516493873704,0.0,83568.43072573045,8.532516493873704,7.772148916116871,0.8664332839639154,0.9289353223400825,6.251849459413071,0.0
40,32,0,1061.0,0.532516493873704,103000.0,7.0,265786.9934024505,56550.42412818096,96206.0,1.0725730442978323,95144.20169651273,0.923730113558376,170642.7917059378,101869.77851083883,2.0,1.0,0.0,1.0,0.0,82903.20169651273,9.0,8.450000000000001,1.0,1.0725730442978323,6.290000000000001,0.0
40,19,0,1061.0,0.532516493873704,103000.0,7.0,265786.9934024505,56550.42412818096,96206.0,1.0725730442978323,95144.20169651273,0.923730113558376,170642.7917059378,101869.77851083883,2.0,1.0,0.0,0.532516493873704,0.46748350612629597,82903.20169651273,9.0,8.450000000000001,1.0,1.0725730442978323,6.290000000000001,0.0
41,57,1,651.0,0.6513056835637481,106000.0,13.0,314900.153609831,92165.89861751153,97458.33333333333,1.8417818740399385,95846.8509984639,0.9042155754572067,219053.30261136714,181113.36405529955,2.0,1.0,0.0,1.0,0.0,88546.8509984639,8.0,7.0,0.38461538461538464,1.1566820276497696,6.9565165404543645,0.0
41,38,1,651.0,0.6513056835637481,106000.0,13.0,314900.153609831,92165.89861751153,97458.33333333333,1.8417818740399385,97246.2242703533,0.9174172100976726,217653.92933947773,181113.36405529955,2.0,2.0,0.3486943164362519,0.6513056835637481,0.0,88798.25960061444,8.348694316436251,7.505606758832565,0.43826066406711567,1.3955724502773708,7.2069135260527535,0.0
41,64,1,651.0,0.6513056835637481,106000.0,13.0,314900.153609831,92165.89861751153,97458.33333333333,1.8417818740399385,95846.8509984639,0.9042155754572067,219053.30261136714,181113.36405529955,2.0,1.0,0.3486943164362519,0.6513056835637481,0.0,88546.8509984639,8.0,7.0,0.38461538461538464,1.1566820276497696,6.9565165404543645,0.0
41,48,0,651.0,0.6513056835637481,106000.0,13.0,314900.153609831,92165.89861751153,97458.33333333333,1.8417818740399385,98637.43471582182,0.9305418369417152,216262.71889400922,120851.5668202765,2.0,2.0,1.0,0.0,0.0,89185.13056835637,8.651305683563749,7.944393241167433,0.4848162590098074,1.6028914514123376,7.424218399016995,0.0
41,54,0,651.0,0.6513056835637481,106000.0,13.0,314900.153609831,92165.89861751153,97458.33333333333,1.8417818740399385,100952.96006144393,0.9523864156739994,213947.1935483871,177798.86943164363,2.0,1.0,0.3486943164362519,0.6513056835637481,0.0,89185.47926267282,9.0,8.45,0.5384615384615384,1.8417818740399385,7.674615384615384,0.0
41,28,0,651.0,0.6513056835637481,106000.0,13.0,314900.153609831,92165.89861751153,97458.33333333333,1.8417818740399385,101194.8970814132,0.9546688403906907,213705.2565284178,177798.86943164363,2.0,1.0,0.3486943164362519,0.6513056835637481,0.0,89432.35483870968,9.0,8.45,0.5384615384615384,1.8417818740399385,7.674615384615384,0.0
41,33,0,651.0,0.6513056835637481,106000.0,13.0,314900.153609831,92165.89861751153,97458.33333333333,1.8417818740399385,99440.81874039938,0.9381209315132018,215459.33486943165,177798.86943164363,2.0,2.0,0.3486943164362519,0.6513056835637481,0.0,88826.32411674348,8.651305683563749,7.944393241167433,0.4848162590098074,1.6028914514123376,7.424218399016995,0.0
41,52,0,651.0,0.6513056835637481,106000.0,13.0,314900.153609831,92165.89861751153,97458.33333333333,1.8417818740399385,99123.16589861752,0.9351242065907313,215776.98771121353,120365.83563748079,2.0,2.0,1.0,0.0,0.0,89680.7741935484,8.651305683563749,7.944393241167433,0.4848162590098074,1.6028914514123376,7.424218399016995,0.0
41,67,0,651.0,0.6513056835637481,106000.0,13.0,314900.153609831,92165.89861751153,97458.33333333333,1.8417818740399385,99440.81874039938,0.9381209315132018,215459.33486943165,177798.86943164363,2.0,2.0,0.0,1.0,0.0,88826.32411674348,8.651305683563749,7.944393241167433,0.4848162590098074,1.6028914514123376,7.424218399016995,0.0
41,3,0,651.0,0.6513056835637481,106000.0,13.0,314900.153609831,92165.89861751153,97458.33333333333,1.8417818740399385,99936.4623655914,0.9427968147697302,214963.69124423963,177798.86943164363,2.0,2.0,0.0,1.0,0.0,89321.96774193548,8.651305683563749,7.944393241167433,0.4848162590098074,1.6028914514123376,7.424218399016995,0.0
41,44,0,651.0,0.6513056835637481,106000.0,13.0,314900.153609831,92165.89861751153,97458.33333333333,1.8417818740399385,101452.70353302611,0.9571009767266615,213447.4500768049,177798.86943164363,2.0,1.0,0.3486943164362519,0.6513056835637481,0.0,89685.30721966206,9.0,8.45,0.5384615384615384,1.8417818740399385,7.674615384615384,0.0
41,37,0,651.0,0.6513056835637481,106000.0,13.0,314900.153609831,92165.89861751153,97458.33333333333,1.8417818740399385,99936.4623655914,0.9427968147697302,214963.69124423963,177798.86943164363,2.0,2.0,0.0,1.0,0.0,89321.96774193548,8.651305683563749,7.944393241167433,0.4848162590098074,1.6028914514123376,7.424218399016995,0.0
43,14,1,695.0,0.5942446043165468,118000.0,7.0,333812.9496402878,86330.93525179857,104685.0,1.8215827338129496,107316.47338129497,0.9094616388245336,226496.4762589928,78918.69208633094,2.0,1.0,0.5942446043165468,0.40575539568345326,0.0,96060.54532374101,9.0,8.45,1.0,1.8215827338129496,6.29,0.0
43,35,1,695.0,0.5942446043165468,118000.0,7.0,333812.9496402878,86330.93525179857,104685.0,1.8215827338129496,107687.40575539568,0.9126051335203024,226125.54388489207,128158.64028776978,2.0,1.0,0.40575539568345326,0.0,0.5942446043165468,96060.54532374101,9.0,8.45,1.0,1.8215827338129496,6.29,0.0
43,23,1,695.0,0.5942446043165468,118000.0,7.0,333812.9496402878,86330.93525179857,104685.0,1.8215827338129496,106058.2618705036,0.8987988294110474,227754.68776978418,79397.39136690648,2.0,1.0,1.0,0.0,0.0,95567.61294964029,9.0,8.45,1.0,1.8215827338129496,6.29,0.0
44,61,1,1121.0,0.6806422836752899,115000.0,8.0,247100.8028545941,53523.63960749331,100158.66666666667,1.1391614629794826,103325.53791257806,0.898482938370244,143775.26494201605,121253.1454058876,2.0,1.0,0.0,0.6806422836752899,0.3193577163247101,91676.53791257806,9.0,8.45,1.0,1.1391614629794826,6.29,0.0
44,66,1,1121.0,0.6806422836752899,115000.0,8.0,247100.8028545941,53523.63960749331,100158.66666666667,1.1391614629794826,102802.37555753792,0.8939337005003297,144298.4272970562,121772.47546833185,2.0,1.0,0.0,0.6806422836752899,0.3193577163247101,91153.37555753792,9.0,8.45,1.0,1.1391614629794826,6.29,0.0
44,49,1,1121.0,0.6806422836752899,115000.0,8.0,247100.8028545941,53523.63960749331,100158.66666666667,1.1391614629794826,102076.35504014273,0.8876204786099368,145024.44781445139,79835.37198929526,2.0,1.0,0.6806422836752899,0.0,0.3193577163247101,91676.53791257806,9.0,8.45,1.0,1.1391614629794826,6.29,0.0
46,22,1,893.0,0.6103023516237402,123000.0,7.0,354983.20268757,67189.2497200448,98738.0,1.4042553191489362,89878.4960806271,0.7307194803303017,265104.70660694287,176638.2922732363,2.0,1.0,0.6103023516237402,0.3896976483762598,0.0,82687.4960806271,8.0,7.0,0.7142857142857143,0.8163493840985442,6.335928914835165,0.0
46,30,1,893.0,0.6103023516237402,123000.0,7.0,354983.20268757,67189.2497200448,98738.0,1.4042553191489362,89902.26763717805,0.7309127450177078,265080.93505039194,227414.2273236282,2.0,1.0,0.3896976483762598,0.6103023516237402,0.0,82711.26763717805,8.0,7.0,0.7142857142857143,0.8163493840985442,6.335928914835165,0.0
46,61,1,893.0,0.6103023516237402,123000.0,7.0,354983.20268757,67189.2497200448,98738.0,1.4042553191489362,89902.26763717805,0.7309127450177078,265080.93505039194,227414.2273236282,2.0,1.0,0.0,0.6103023516237402,0.3896976483762598,82711.26763717805,8.0,7.0,0.7142857142857143,0.8163493840985442,6.335928914835165,0.0
46,5,0,893.0,0.6103023516237402,123000.0,7.0,354983.20268757,67189.2497200448,98738.0,1.4042553191489362,92292.62038073908,0.7503465071604803,262690.5823068309,174224.1679731243,2.0,2.0,1.0,0.0,0.0,83066.49384098544,8.61030235162374,7.884938409854423,0.8886578147496401,1.1751497587933524,6.3078983901037375,0.0
46,50,0,893.0,0.6103023516237402,123000.0,7.0,354983.20268757,67189.2497200448,98738.0,1.4042553191489362,93721.39417693169,0.7619625542839975,261261.8085106383,224356.00223964165,2.0,2.0,0.0,1.0,0.0,83472.16909294513,8.61030235162374,7.884938409854423,0.8886578147496401,1.1751497587933524,6.3078983901037375,0.0
46,48,0,893.0,0.6103023516237402,123000.0,7.0,354983.20268757,67189.2497200448,98738.0,1.4042553191489362,92718.46472564389,0.753808656306048,262264.7379619261,173798.32362821948,2.0,2.0,0.6103023516237402,0.3896976483762598,0.0,83501.02911534155,8.61030235162374,7.884938409854423,0.8886578147496401,1.1751497587933524,6.3078983901037375,0.0
46,7,0,893.0,0.6103023516237402,123000.0,7.0,354983.20268757,67189.2497200448,98738.0,1.4042553191489362,93721.39417693169,0.7619625542839975,261261.8085106383,224356.00223964165,2.0,2.0,0.0,1.0,0.0,83472.16909294513,8.61030235162374,7.884938409854423,0.8886578147496401,1.1751497587933524,6.3078983901037375,0.0
46,25,0,893.0,0.6103023516237402,123000.0,7.0,354983.20268757,67189.2497200448,98738.0,1.4042553191489362,92811.7502799552,0.7545670754467902,262171.4524076148,227414.2273236282,2.0,2.0,0.0,1.0,0.0,83667.97536394178,8.38969764837626,7.565061590145577,0.8256278995360742,1.0454549444541281,6.318030524731428,0.0
46,12,0,893.0,0.6103023516237402,123000.0,7.0,354983.20268757,67189.2497200448,98738.0,1.4042553191489362,94155.9294512878,0.7654953613925837,260827.2732362822,224356.00223964165,2.0,2.0,0.3896976483762598,0.6103023516237402,0.0,83906.70436730124,8.61030235162374,7.884938409854423,0.8886578147496401,1.1751497587933524,6.3078983901037375,0.0
46,15,0,893.0,0.6103023516237402,123000.0,7.0,354983.20268757,67189.2497200448,98738.0,1.4042553191489362,92811.7502799552,0.7545670754467902,262171.4524076148,176638.2922732363,2.0,2.0,0.6103023516237402,0.3896976483762598,0.0,83667.97536394178,8.38969764837626,7.565061590145577,0.8256278995360742,1.0454549444541281,6.318030524731428,0.0
46,68,0,893.0,0.6103023516237402,123000.0,7.0,354983.20268757,67189.2497200448,98738.0,1.4042553191489362,92718.46472564389,0.753808656306048,262264.7379619261,173798.32362821948,2.0,2.0,0.6103023516237402,0.3896976483762598,0.0,83501.02911534155,8.61030235162374,7.884938409854423,0.8886578147496401,1.1751497587933524,6.3078983901037375,0.0
46,19,0,893.0,0.6103023516237402,123000.0,7.0,354983.20268757,67189.2497200448,98738.0,1.4042553191489362,94155.9294512878,0.7654953613925837,260827.2732362822,224356.00223964165,2.0,2.0,0.3896976483762598,0.6103023516237402,0.0,83906.70436730124,8.61030235162374,7.884938409854423,0.8886578147496401,1.1751497587933524,6.3078983901037375,0.0
47,38,1,1334.0,0.6371814092953523,104000.0,12.0,170914.5427286357,44977.51124437781,96539.0,0.9805097451274363,96324.25262368815,0.9261947367662323,74590.29010494753,38730.880809595204,2.0,2.0,0.6371814092953523,0.36281859070464767,0.0,86735.92053973014,8.637181409295353,7.923913043478261,0.5228635682158921,0.8529520846773015,7.463596369917093,0.0
47,4,1,1334.0,0.6371814092953523,104000.0,12.0,170914.5427286357,44977.51124437781,96539.0,0.9805097451274363,96408.8275862069,0.9270079575596817,74505.71514242879,38274.4167916042,2.0,2.0,0.6371814092953523,0.36281859070464767,0.0,86829.81109445277,8.637181409295353,7.923913043478261,0.5228635682158921,0.8529520846773015,7.463596369917093,0.0
47,9,1,1334.0,0.6371814092953523,104000.0,12.0,170914.5427286357,44977.51124437781,96539.0,0.9805097451274363,97079.34632683659,0.9334552531426594,73835.1964017991,61091.56821589205,2.0,2.0,0.0,1.0,0.0,86364.03148425787,8.637181409295353,7.923913043478261,0.5228635682158921,0.8529520846773015,7.463596369917093,0.0
47,62,0,1334.0,0.6371814092953523,104000.0,12.0,170914.5427286357,44977.51124437781,96539.0,0.9805097451274363,100396.92953523238,0.9653550916849267,70517.6131934033,38274.4167916042,2.0,1.0,0.6371814092953523,0.36281859070464767,0.0,88984.22788605698,9.0,8.45,0.5833333333333334,0.9805097451274363,7.528279479375768,0.0
47,30,0,1334.0,0.6371814092953523,104000.0,12.0,170914.5427286357,44977.51124437781,96539.0,0.9805097451274363,100711.35607196402,0.9683784237688848,70203.18665667166,36470.053223388306,2.0,1.0,0.36281859070464767,0.6371814092953523,0.0,88811.60569715142,9.0,8.45,0.5833333333333334,0.9805097451274363,7.528279479375768,0.0
47,8,0,1334.0,0.6371814092953523,104000.0,12.0,170914.5427286357,44977.51124437781,96539.0,0.9805097451274363,100440.06221889055,0.9657698290277938,70474.48050974513,36741.34707646177,2.0,1.0,0.36281859070464767,0.6371814092953523,0.0,88534.77511244378,9.0,8.45,0.5833333333333334,0.9805097451274363,7.528279479375768,0.0
47,63,0,1334.0,0.6371814092953523,104000.0,12.0,170914.5427286357,44977.51124437781,96539.0,0.9805097451274363,101809.69565217392,0.978939381270903,69104.84707646177,56361.21889055472,2.0,1.0,0.0,1.0,0.0,89260.69565217392,9.0,8.45,0.5833333333333334,0.9805097451274363,7.528279479375768,0.0
47,65,0,1334.0,0.6371814092953523,104000.0,12.0,170914.5427286357,44977.51124437781,96539.0,0.9805097451274363,100909.75337331335,0.9702860901280129,70004.78935532234,36271.65592203898,2.0,1.0,0.36281859070464767,0.6371814092953523,0.0,89004.54572713643,9.0,8.45,0.5833333333333334,0.9805097451274363,7.528279479375768,0.0
47,46,0,1334.0,0.6371814092953523,104000.0,12.0,170914.5427286357,44977.51124437781,96539.0,0.9805097451274363,99936.83733133433,0.9609311281859071,70977.70539730135,38730.880809595204,2.0,1.0,0.6371814092953523,0.36281859070464767,0.0,88514.82008995503,9.0,8.45,0.5833333333333334,0.9805097451274363,7.528279479375768,0.0
47,18,0,1334.0,0.6371814092953523,104000.0,12.0,170914.5427286357,44977.51124437781,96539.0,0.9805097451274363,101533.22788605698,0.9762810373659324,69381.31484257871,56637.68665667166,2.0,1.0,0.0,1.0,0.0,88984.22788605698,9.0,8.45,0.5833333333333334,0.9805097451274363,7.528279479375768,0.0
47,35,0,1334.0,0.6371814092953523,104000.0,12.0,170914.5427286357,44977.51124437781,96539.0,0.9805097451274363,100673.39730134932,0.9680134355898974,70241.14542728636,38274.4167916042,2.0,1.0,0.6371814092953523,0.36281859070464767,0.0,89260.69565217392,9.0,8.45,0.5833333333333334,0.9805097451274363,7.528279479375768,0.0
47,32,0,1334.0,0.6371814092953523,104000.0,12.0,170914.5427286357,44977.51124437781,96539.0,0.9805097451274363,101063.82008995503,0.9717675008649521,69850.72263868066,57107.094452773614,2.0,1.0,0.0,1.0,0.0,88514.82008995503,9.0,8.45,0.5833333333333334,0.9805097451274363,7.528279479375768,0.0
51,59,1,776.0,0.5966494845360825,124000.0,13.0,378865.9793814433,77319.58762886598,96990.33333333333,1.5914948453608246,93780.706185567,0.7562960176255404,285085.2731958763,145618.13273195876,2.0,2.0,0.5966494845360825,0.0,0.40335051546391754,85033.82603092784,8.596649484536082,7.865141752577319,0.4764076130055512,1.369028323945159,7.376997581996359,0.0
51,71,1,776.0,0.5966494845360825,124000.0,13.0,378865.9793814433,77319.58762886598,96990.33333333333,1.5914948453608246,93835.57989690722,0.7567385475557034,285030.3994845361,146025.09536082475,2.0,2.0,0.5966494845360825,0.40335051546391754,0.0,85080.39432989691,8.596649484536082,7.865141752577319,0.4764076130055512,1.369028323945159,7.376997581996359,0.0
51,63,1,776.0,0.5966494845360825,124000.0,13.0,378865.9793814433,77319.58762886598,96990.33333333333,1.5914948453608246,92424.4175257732,0.7453582058530096,286441.5618556701,146025.09536082475,2.0,1.0,1.0,0.0,0.0,82477.97680412371,9.0,8.45,0.5384615384615384,1.5914948453608246,7.674615384615384,0.0
51,65,0,776.0,0.5966494845360825,124000.0,13.0,378865.9793814433,77319.58762886598,96990.33333333333,1.5914948453608246,95672.44329896907,0.7715519620884602,283193.5360824742,144180.97164948453,2.0,1.0,0.5966494845360825,0.0,0.40335051546391754,88686.44329896907,8.0,7.0,0.38461538461538464,1.0399484536082475,6.936751439464064,0.0
51,33,0,776.0,0.5966494845360825,124000.0,13.0,378865.9793814433,77319.58762886598,96990.33333333333,1.5914948453608246,96386.73324742269,0.77731236489857,282479.2461340206,192202.52706185568,2.0,1.0,0.0,0.5966494845360825,0.40335051546391754,89400.73324742269,8.0,7.0,0.38461538461538464,1.0399484536082475,6.936751439464064,0.0
51,41,0,776.0,0.5966494845360825,124000.0,13.0,378865.9793814433,77319.58762886598,96990.33333333333,1.5914948453608246,95364.23969072165,0.769066449118723,283501.7396907217,143473.94201030929,2.0,2.0,0.5966494845360825,0.40335051546391754,0.0,86518.793814433,8.403350515463918,7.584858247422681,0.4466693100713719,1.2624149750239133,7.234369242083089,0.0
51,8,0,776.0,0.5966494845360825,124000.0,13.0,378865.9793814433,77319.58762886598,96990.33333333333,1.5914948453608246,96386.73324742269,0.77731236489857,282479.2461340206,196862.73453608248,2.0,1.0,0.0,0.40335051546391754,0.5966494845360825,89400.73324742269,8.0,7.0,0.38461538461538464,1.0399484536082475,6.936751439464064,0.0
51,2,0,776.0,0.5966494845360825,124000.0,13.0,378865.9793814433,77319.58762886598,96990.33333333333,1.5914948453608246,95212.22036082474,0.7678404867808447,283653.75902061857,144180.97164948453,2.0,1.0,1.0,0.0,0.0,88226.22036082474,8.0,7.0,0.38461538461538464,1.0399484536082475,6.936751439464064,0.0
51,4,0,776.0,0.5966494845360825,124000.0,13.0,378865.9793814433,77319.58762886598,96990.33333333333,1.5914948453608246,96386.73324742269,0.77731236489857,282479.2461340206,192202.52706185568,2.0,1.0,0.0,1.0,0.0,89400.73324742269,8.0,7.0,0.38461538461538464,1.0399484536082475,6.936751439464064,0.0
51,7,0,776.0,0.5966494845360825,124000.0,13.0,378865.9793814433,77319.58762886598,96990.33333333333,1.5914948453608246,96386.73324742269,0.77731236489857,282479.2461340206,196862.73453608248,2.0,1.0,0.0,0.0,1.0,89400.73324742269,8.0,7.0,0.38461538461538464,1.0399484536082475,6.936751439464064,0.0
51,12,0,776.0,0.5966494845360825,124000.0,13.0,378865.9793814433,77319.58762886598,96990.33333333333,1.5914948453608246,96386.73324742269,0.77731236489857,282479.2461340206,156190.58634020618,2.0,1.0,0.40335051546391754,0.5966494845360825,0.0,89400.73324742269,8.0,7.0,0.38461538461538464,1.0399484536082475,6.936751439464064,0.0
51,58,0,776.0,0.5966494845360825,124000.0,13.0,378865.9793814433,77319.58762886598,96990.33333333333,1.5914948453608246,95924.89690721649,0.773587878284004,282941.08247422683,196862.73453608248,2.0,1.0,0.0,0.40335051546391754,0.5966494845360825,88938.89690721649,8.0,7.0,0.38461538461538464,1.0399484536082475,6.936751439464064,0.0
53,54,1,1150.0,0.7739130434782608,120000.0,14.0,213913.04347826086,52173.913043478264,102160.66666666667,1.1365217391304347,102179.26086956522,0.8514938405797101,111733.78260869565,44528.11304347826,2.0,2.0,0.0,1.0,0.0,90922.82608695653,8.773913043478261,8.12217391304348,0.5229813664596273,1.0319319470699433,7.338968944099378,0.0
53,57,1,1150.0,0.7739130434782608,120000.0,14.0,213913.04347826086,52173.913043478264,102160.66666666667,1.1365217391304347,100973.99130434783,0.8414499275362319,112939.05217391305,43448.54782608696,2.0,1.0,0.0,1.0,0.0,88637.99130434783,9.0,8.45,0.5714285714285714,1.1365217391304347,7.575714285714285,0.0
53,5,1,1150.0,0.7739130434782608,120000.0,14.0,213913.04347826086,52173.913043478264,102160.66666666667,1.1365217391304347,101363.1695652174,0.844693079710145,112549.87391304348,39227.56086956522,2.0,2.0,0.7739130434782608,0.22608695652173913,0.0,91489.3304347826,8.773913043478261,8.12217391304348,0.5229813664596273,1.0319319470699433,7.338968944099378,0.0
53,62,0,1150.0,0.7739130434782608,120000.0,14.0,213913.04347826086,52173.913043478264,102160.66666666667,1.1365217391304347,102459.8347826087,0.8538319565217392,111453.20869565217,44528.11304347826,2.0,2.0,0.0,1.0,0.0,91203.4,8.773913043478261,8.12217391304348,0.5229813664596273,1.0319319470699433,7.338968944099378,0.0
53,19,0,1150.0,0.7739130434782608,120000.0,14.0,213913.04347826086,52173.913043478264,102160.66666666667,1.1365217391304347,102745.76521739131,0.8562147101449276,111167.27826086957,21602.06086956522,2.0,2.0,0.22608695652173913,0.7739130434782608,0.0,91489.3304347826,8.773913043478261,8.12217391304348,0.5229813664596273,1.0319319470699433,7.338968944099378,0.0
53,33,0,1150.0,0.7739130434782608,120000.0,14.0,213913.04347826086,52173.913043478264,102160.66666666667,1.1365217391304347,102459.8347826087,0.8538319565217392,111453.20869565217,21887.991304347826,2.0,2.0,0.22608695652173913,0.7739130434782608,0.0,91203.4,8.773913043478261,8.12217391304348,0.5229813664596273,1.0319319470699433,7.338968944099378,0.0
53,14,0,1150.0,0.7739130434782608,120000.0,14.0,213913.04347826086,52173.913043478264,102160.66666666667,1.1365217391304347,102745.76521739131,0.8562147101449276,111167.27826086957,21602.06086956522,2.0,2.0,0.22608695652173913,0.7739130434782608,0.0,91489.3304347826,8.773913043478261,8.12217391304348,0.5229813664596273,1.0319319470699433,7.338968944099378,0.0
53,51,0,1150.0,0.7739130434782608,120000.0,14.0,213913.04347826086,52173.913043478264,102160.66666666667,1.1365217391304347,102745.76521739131,0.8562147101449276,111167.27826086957,21602.06086956522,2.0,2.0,0.22608695652173913,0.7739130434782608,0.0,91489.3304347826,8.773913043478261,8.12217391304348,0.5229813664596273,1.0319319470699433,7.338968944099378,0.0
53,20,0,1150.0,0.7739130434782608,120000.0,14.0,213913.04347826086,52173.913043478264,102160.66666666667,1.1365217391304347,103026.33913043479,0.8585528260869565,110886.70434782609,43961.608695652176,2.0,2.0,0.0,1.0,0.0,91769.90434782609,8.773913043478261,8.12217391304348,0.5229813664596273,1.0319319470699433,7.338968944099378,0.0
53,46,0,1150.0,0.7739130434782608,120000.0,14.0,213913.04347826086,52173.913043478264,102160.66666666667,1.1365217391304347,102459.8347826087,0.8538319565217392,111453.20869565217,44528.11304347826,2.0,2.0,0.0,1.0,0.0,91203.4,8.773913043478261,8.12217391304348,0.5229813664596273,1.0319319470699433,7.338968944099378,0.0
53,11,0,1150.0,0.7739130434782608,120000.0,14.0,213913.04347826086,52173.913043478264,102160.66666666667,1.1365217391304347,102459.8347826087,0.8538319565217392,111453.20869565217,44528.11304347826,2.0,2.0,0.0,0.7739130434782608,0.22608695652173913,91203.4,8.773913043478261,8.12217391304348,0.5229813664596273,1.0319319470699433,7.338968944099378,0.0
53,26,0,1150.0,0.7739130434782608,120000.0,14.0,213913.04347826086,52173.913043478264,102160.66666666667,1.1365217391304347,102459.8347826087,0.8538319565217392,111453.20869565217,44528.11304347826,2.0,2.0,0.0,1.0,0.0,91203.4,8.773913043478261,8.12217391304348,0.5229813664596273,1.0319319470699433,7.338968944099378,0.0
54,35,1,683.0,0.5285505124450952,124000.0,10.0,284040.99560761347,87847.73060029282,100059.0,1.8330893118594436,94055.79502196194,0.7585144759835639,189985.20058565153,58759.68374816984,2.0,2.0,1.0,0.0,0.0,85436.55783308932,8.528550512445095,7.766398243045388,0.6585651537335285,1.4865773898205532,6.838828027037915,0.0
54,16,1,683.0,0.5285505124450952,124000.0,10.0,284040.99560761347,87847.73060029282,100059.0,1.8330893118594436,94937.00439238653,0.7656210031644075,189103.99121522694,57878.47437774524,2.0,1.0,1.0,0.0,0.0,87870.00439238653,8.0,7.0,0.5,1.0980966325036603,6.781458206418931,0.0
54,66,1,683.0,0.5285505124450952,124000.0,10.0,284040.99560761347,87847.73060029282,100059.0,1.8330893118594436,94093.65300146413,0.758819782269872,189947.34260614935,58468.33674963397,2.0,2.0,1.0,0.0,0.0,85641.8550512445,8.471449487554905,7.683601756954611,0.6414348462664715,1.4446085545425509,6.832630179381017,0.0
55,52,1,1026.0,0.6851851851851852,104000.0,12.0,206627.68031189084,58479.53216374269,97271.0,1.1033138401559455,95586.91033138402,0.9191049070325387,111040.76998050683,6752.270955165692,2.0,1.0,0.3148148148148148,0.6851851851851852,0.0,84107.31481481482,9.0,8.45,0.5833333333333334,1.1033138401559455,7.539999999999999,0.0
55,60,1,1026.0,0.6851851851851852,104000.0,12.0,206627.68031189084,58479.53216374269,97271.0,1.1033138401559455,94487.716374269,0.9085357343679712,112139.96393762183,24403.59259259259,2.0,1.0,0.6851851851851852,0.3148148148148148,0.0,83623.85185185185,9.0,8.45,0.5833333333333334,1.1033138401559455,7.539999999999999,0.0
55,69,1,1026.0,0.6851851851851852,104000.0,12.0,206627.68031189084,58479.53216374269,97271.0,1.1033138401559455,97185.46296296296,0.9344756054131054,109442.21734892788,34843.588693957114,2.0,2.0,0.0,0.6851851851851852,0.3148148148148148,86896.66666666667,8.685185185185185,7.993518518518517,0.5308641975308642,1.0213883474117391,7.165370370370368,0.0
55,49,0,1026.0,0.6851851851851852,104000.0,12.0,206627.68031189084,58479.53216374269,97271.0,1.1033138401559455,101546.25925925926,0.976406339031339,105081.42105263157,792.9220272904483,2.0,1.0,0.3148148148148148,0.6851851851851852,0.0,94999.25925925926,8.0,7.0,0.4166666666666667,0.8430799220272904,6.3500000000000005,0.0
55,18,0,1026.0,0.6851851851851852,104000.0,12.0,206627.68031189084,58479.53216374269,97271.0,1.1033138401559455,99366.48148148147,0.9554469373219373,107261.19883040935,29168.125730994154,2.0,2.0,0.0,1.0,0.0,91100.27777777778,8.314814814814815,7.4564814814814815,0.46913580246913583,0.9250054147714967,6.724629629629629,0.0
55,36,0,1026.0,0.6851851851851852,104000.0,12.0,206627.68031189084,58479.53216374269,97271.0,1.1033138401559455,102028.35185185185,0.9810418447293447,104599.32846003899,30000.699805068227,2.0,1.0,0.0,1.0,0.0,95481.35185185185,8.0,7.0,0.4166666666666667,0.8430799220272904,6.3500000000000005,0.0
55,68,0,1026.0,0.6851851851851852,104000.0,12.0,206627.68031189084,58479.53216374269,97271.0,1.1033138401559455,97566.07407407407,0.9381353276353276,109061.60623781677,34843.588693957114,2.0,2.0,0.0,1.0,0.0,87277.27777777778,8.685185185185185,7.993518518518517,0.5308641975308642,1.0213883474117391,7.165370370370368,0.0
55,30,0,1026.0,0.6851851851851852,104000.0,12.0,206627.68031189084,58479.53216374269,97271.0,1.1033138401559455,101516.03703703704,0.9761157407407407,105111.6432748538,823.1442495126705,2.0,1.0,0.3148148148148148,0.6851851851851852,0.0,94969.03703703704,8.0,7.0,0.4166666666666667,0.8430799220272904,6.3500000000000005,0.0
55,26,0,1026.0,0.6851851851851852,104000.0,12.0,206627.68031189084,58479.53216374269,97271.0,1.1033138401559455,102051.01851851853,0.9812597934472934,104576.66179337232,30000.699805068227,2.0,1.0,0.0,0.6851851851851852,0.3148148148148148,95504.01851851853,8.0,7.0,0.4166666666666667,0.8430799220272904,6.3500000000000005,0.0
55,32,0,1026.0,0.6851851851851852,104000.0,12.0,206627.68031189084,58479.53216374269,97271.0,1.1033138401559455,102408.96296296296,0.984701566951567,104218.71734892788,-69.78167641325535,2.0,1.0,0.3148148148148148,0.6851851851851852,0.0,95861.96296296296,8.0,7.0,0.4166666666666667,0.8430799220272904,6.3500000000000005,0.0
55,2,0,1026.0,0.6851851851851852,104000.0,12.0,206627.68031189084,58479.53216374269,97271.0,1.1033138401559455,97566.07407407407,0.9381353276353276,109061.60623781677,34843.588693957114,2.0,2.0,0.0,1.0,0.0,87277.27777777778,8.685185185185185,7.993518518518517,0.5308641975308642,1.0213883474117391,7.165370370370368,0.0
55,50,0,1026.0,0.6851851851851852,104000.0,12.0,206627.68031189084,58479.53216374269,97271.0,1.1033138401559455,101137.31481481482,0.9724741809116809,105490.36549707603,19303.197855750488,2.0,1.0,0.6851851851851852,0.3148148148148148,0.0,94590.31481481482,8.0,7.0,0.4166666666666667,0.8430799220272904,6.3500000000000005,0.0
57,14,1,721.0,0.6865464632454924,113000.0,11.0,289875.173370319,83217.75312066574,102162.0,1.780859916782247,95464.5520110957,0.8448190443459797,194410.6213592233,108098.09986130375,2.0,1.0,0.0,1.0,0.0,88469.5520110957,8.0,7.0,0.45454545454545453,1.0998613037447988,7.212926136363637,0.0
57,1,1,721.0,0.6865464632454924,113000.0,11.0,289875.173370319,83217.75312066574,102162.0,1.780859916782247,95807.15672676837,0.8478509444846759,194068.01664355063,80337.08737864078,2.0,1.0,1.0,0.0,0.0,88812.15672676837,8.0,7.0,0.45454545454545453,1.0998613037447988,7.212926136363637,0.0
57,56,1,721.0,0.6865464632454924,113000.0,11.0,289875.173370319,83217.75312066574,102162.0,1.780859916782247,95807.15672676837,0.8478509444846759,194068.01664355063,103355.89459084604,2.0,1.0,0.6865464632454924,0.31345353675450766,0.0,88812.15672676837,8.0,7.0,0.45454545454545453,1.0998613037447988,7.212926136363637,0.0
57,21,0,721.0,0.6865464632454924,113000.0,11.0,289875.173370319,83217.75312066574,102162.0,1.780859916782247,102870.34674063801,0.9103570508021063,187004.826629681,101034.90984743412,2.0,2.0,0.0,0.6865464632454924,0.31345353675450766,92343.06518723995,8.686546463245492,7.995492371705964,0.6417853990669525,1.5673984930007443,7.141014295170848,0.0
57,71,0,721.0,0.6865464632454924,113000.0,11.0,289875.173370319,83217.75312066574,102162.0,1.780859916782247,102527.74202496532,0.90732515066341,187347.4313453537,101034.90984743412,2.0,2.0,0.0,1.0,0.0,92000.46047156726,8.686546463245492,7.995492371705964,0.6417853990669525,1.5673984930007443,7.141014295170848,0.0
57,46,0,721.0,0.6865464632454924,113000.0,11.0,289875.173370319,83217.75312066574,102162.0,1.780859916782247,101978.50485436893,0.9024646447289286,187896.66851595006,74165.73925104023,2.0,2.0,0.31345353675450766,0.6865464632454924,0.0,91451.22330097087,8.686546463245492,7.995492371705964,0.6417853990669525,1.5673984930007443,7.141014295170848,0.0
57,32,0,721.0,0.6865464632454924,113000.0,11.0,289875.173370319,83217.75312066574,102162.0,1.780859916782247,98836.05825242719,0.8746553827648423,191039.1151178918,103355.89459084604,2.0,2.0,0.6865464632454924,0.31345353675450766,0.0,90228.33980582525,8.313453536754508,7.454507628294036,0.5400327827512293,1.3133227275263013,7.180093659374606,0.0
57,37,0,721.0,0.6865464632454924,113000.0,11.0,289875.173370319,83217.75312066574,102162.0,1.780859916782247,105596.0721220527,0.9344785143544487,184279.1012482663,99971.42857142857,2.0,1.0,0.0,1.0,0.0,93456.0721220527,9.0,8.45,0.7272727272727273,1.780859916782247,7.1081818181818175,0.0
57,63,0,721.0,0.6865464632454924,113000.0,11.0,289875.173370319,83217.75312066574,102162.0,1.780859916782247,101978.50485436893,0.9024646447289286,187896.66851595006,74165.73925104023,2.0,2.0,0.31345353675450766,0.6865464632454924,0.0,91451.22330097087,8.686546463245492,7.995492371705964,0.6417853990669525,1.5673984930007443,7.141014295170848,0.0
57,22,0,721.0,0.6865464632454924,113000.0,11.0,289875.173370319,83217.75312066574,102162.0,1.780859916782247,98028.67961165048,0.8675104390411548,191846.4937586685,134313.03883495147,2.0,2.0,0.0,0.0,1.0,89420.96116504855,8.313453536754508,7.454507628294036,0.5400327827512293,1.3133227275263013,7.180093659374606,0.0
57,15,0,721.0,0.6865464632454924,113000.0,11.0,289875.173370319,83217.75312066574,102162.0,1.780859916782247,99085.88072122053,0.876866201072748,190789.29264909847,118667.2399445215,2.0,2.0,0.0,0.31345353675450766,0.6865464632454924,90478.16227461859,8.313453536754508,7.454507628294036,0.5400327827512293,1.3133227275263013,7.180093659374606,0.0
57,43,0,721.0,0.6865464632454924,113000.0,11.0,289875.173370319,83217.75312066574,102162.0,1.780859916782247,98028.67961165048,0.8675104390411548,191846.4937586685,104163.27323162275,2.0,2.0,0.6865464632454924,0.0,0.31345353675450766,89420.96116504855,8.313453536754508,7.454507628294036,0.5400327827512293,1.3133227275263013,7.180093659374606,0.0
58,31,1,1355.0,0.792619926199262,101000.0,11.0,206642.0664206642,44280.44280442804,104603.66666666667,0.8103321033210332,98653.54169741698,0.9767677395783859,107988.52472324723,44925.76457564576,2.0,2.0,0.792619926199262,0.0,0.207380073800738,88051.97343173432,8.792619926199261,8.149298892988929,0.5986581683998659,0.7720700970847347,7.227568989482957,0.0
58,57,1,1355.0,0.792619926199262,101000.0,11.0,206642.0664206642,44280.44280442804,104603.66666666667,0.8103321033210332,99755.34464944649,0.9876766796974901,106886.72177121771,97292.6258302583,2.0,2.0,0.0,0.207380073800738,0.792619926199262,87798.55498154981,8.792619926199261,8.149298892988929,0.5986581683998659,0.7720700970847347,7.227568989482957,0.0
58,0,1,1355.0,0.792619926199262,101000.0,11.0,206642.0664206642,44280.44280442804,104603.66666666667,0.8103321033210332,98934.53948339484,0.9795498958751964,107707.52693726937,44391.3483394834,2.0,2.0,1.0,0.0,0.0,88343.8774907749,8.792619926199261,8.149298892988929,0.5986581683998659,0.7720700970847347,7.227568989482957,0.0
58,7,0,1355.0,0.792619926199262,101000.0,11.0,206642.0664206642,44280.44280442804,104603.66666666667,0.8103321033210332,100008.763099631,0.9901857732636732,106633.3033210332,106633.3033210332,2.0,2.0,0.0,0.0,1.0,88051.97343173432,8.792619926199261,8.149298892988929,0.5986581683998659,0.7720700970847347,7.227568989482957,0.0
58,58,0,1355.0,0.792619926199262,101000.0,11.0,206642.0664206642,44280.44280442804,104603.66666666667,0.8103321033210332,100300.66715867158,0.9930759124620949,106341.39926199261,106341.39926199261,2.0,2.0,0.0,0.0,1.0,88343.8774907749,8.792619926199261,8.149298892988929,0.5986581683998659,0.7720700970847347,7.227568989482957,0.0
58,3,0,1355.0,0.792619926199262,101000.0,11.0,206642.0664206642,44280.44280442804,104603.66666666667,0.8103321033210332,100008.763099631,0.9901857732636732,106633.3033210332,76001.69003690037,2.0,2.0,0.0,1.0,0.0,88051.97343173432,8.792619926199261,8.149298892988929,0.5986581683998659,0.7720700970847347,7.227568989482957,0.0
58,33,0,1355.0,0.792619926199262,101000.0,11.0,206642.0664206642,44280.44280442804,104603.66666666667,0.8103321033210332,100554.08560885608,0.9955850060282782,106087.98081180811,55165.47158671587,2.0,2.0,0.207380073800738,0.792619926199262,0.0,88597.2959409594,8.792619926199261,8.149298892988929,0.5986581683998659,0.7720700970847347,7.227568989482957,0.0
58,52,0,1355.0,0.792619926199262,101000.0,11.0,206642.0664206642,44280.44280442804,104603.66666666667,0.8103321033210332,100008.763099631,0.9901857732636732,106633.3033210332,76001.69003690037,2.0,2.0,0.0,1.0,0.0,88051.97343173432,8.792619926199261,8.149298892988929,0.5986581683998659,0.7720700970847347,7.227568989482957,0.0
58,39,0,1355.0,0.792619926199262,101000.0,11.0,206642.0664206642,44280.44280442804,104603.66666666667,0.8103321033210332,100300.66715867158,0.9930759124620949,106341.39926199261,75456.36752767528,2.0,2.0,0.0,1.0,0.0,88343.8774907749,8.792619926199261,8.149298892988929,0.5986581683998659,0.7720700970847347,7.227568989482957,0.0
58,29,0,1355.0,0.792619926199262,101000.0,11.0,206642.0664206642,44280.44280442804,104603.66666666667,0.8103321033210332,100008.763099631,0.9901857732636732,106633.3033210332,106633.3033210332,2.0,2.0,0.0,0.0,1.0,88051.97343173432,8.792619926199261,8.149298892988929,0.5986581683998659,0.7720700970847347,7.227568989482957,0.0
58,54,0,1355.0,0.792619926199262,101000.0,11.0,206642.0664206642,44280.44280442804,104603.66666666667,0.8103321033210332,100300.66715867158,0.9930759124620949,106341.39926199261,75456.36752767528,2.0,2.0,0.0,0.792619926199262,0.207380073800738,88343.8774907749,8.792619926199261,8.149298892988929,0.5986581683998659,0.7720700970847347,7.227568989482957,0.0
58,26,0,1355.0,0.792619926199262,101000.0,11.0,206642.0664206642,44280.44280442804,104603.66666666667,0.8103321033210332,100008.763099631,0.9901857732636732,106633.3033210332,55710.79409594096,2.0,2.0,0.207380073800738,0.792619926199262,0.0,88051.97343173432,8.792619926199261,8.149298892988929,0.5986581683998659,0.7720700970847347,7.227568989482957,0.0
59,67,1,742.0,0.7695417789757413,111000.0,7.0,309973.0458221024,80862.53369272237,100245.66666666667,1.673854447439353,91128.16846361186,0.8209744906631699,218844.87735849057,163822.41778975743,2.0,1.0,0.0,1.0,0.0,84063.16846361186,8.0,7.0,0.7142857142857143,1.0552560646900269,6.371005277605676,0.0
59,63,1,742.0,0.7695417789757413,111000.0,7.0,309973.0458221024,80862.53369272237,100245.66666666667,1.673854447439353,92452.21967654987,0.8329028799689177,217520.82614555256,137148.71832884097,2.0,2.0,1.0,0.0,0.0,84766.06603773584,8.230458221024259,7.334164420485175,0.7801309202926454,1.1978171475069201,6.352336945435096,0.0
59,58,1,742.0,0.7695417789757413,111000.0,7.0,309973.0458221024,80862.53369272237,100245.66666666667,1.673854447439353,91581.8679245283,0.8250618731939486,218391.17789757412,138019.07008086253,2.0,2.0,1.0,0.0,0.0,83895.71428571429,8.230458221024259,7.334164420485175,0.7801309202926454,1.1978171475069201,6.352336945435096,0.0
59,31,0,742.0,0.7695417789757413,111000.0,7.0,309973.0458221024,80862.53369272237,100245.66666666667,1.673854447439353,95893.17115902965,0.863902442874141,214079.87466307278,159057.4150943396,2.0,2.0,0.0,1.0,0.0,85431.41374663073,8.769541778975741,8.115835579514824,0.9341547939930689,1.5312933646224598,6.308668332170582,0.0
59,5,0,742.0,0.7695417789757413,111000.0,7.0,309973.0458221024,80862.53369272237,100245.66666666667,1.673854447439353,96452.41374663073,0.8689406643840606,213520.6320754717,133710.31266846362,2.0,1.0,0.7695417789757413,0.23045822102425875,0.0,86300.01078167115,9.0,8.45,1.0,1.673854447439353,6.29,0.0
59,38,0,742.0,0.7695417789757413,111000.0,7.0,309973.0458221024,80862.53369272237,100245.66666666667,1.673854447439353,95893.17115902965,0.863902442874141,214079.87466307278,139955.88544474394,2.0,2.0,0.23045822102425875,0.7695417789757413,0.0,85431.41374663073,8.769541778975741,8.115835579514824,0.9341547939930689,1.5312933646224598,6.308668332170582,0.0
59,56,0,742.0,0.7695417789757413,111000.0,7.0,309973.0458221024,80862.53369272237,100245.66666666667,1.673854447439353,96127.31671159029,0.8660118622665792,213845.72911051213,159057.4150943396,2.0,2.0,0.0,1.0,0.0,85665.55929919137,8.769541778975741,8.115835579514824,0.9341547939930689,1.5312933646224598,6.308668332170582,0.0
59,29,0,742.0,0.7695417789757413,111000.0,7.0,309973.0458221024,80862.53369272237,100245.66666666667,1.673854447439353,97961.66711590296,0.8825375415847114,212011.37870619947,137887.38948787062,2.0,1.0,0.23045822102425875,0.7695417789757413,0.0,86882.37331536388,9.0,8.45,1.0,1.673854447439353,6.29,0.0
59,39,0,742.0,0.7695417789757413,111000.0,7.0,309973.0458221024,80862.53369272237,100245.66666666667,1.673854447439353,97779.01078167115,0.8808919890240645,212194.03504043128,158040.17250673854,2.0,1.0,0.0,1.0,0.0,86300.01078167115,9.0,8.45,1.0,1.673854447439353,6.29,0.0
59,24,0,742.0,0.7695417789757413,111000.0,7.0,309973.0458221024,80862.53369272237,100245.66666666667,1.673854447439353,96611.30458221024,0.8703721133532454,213361.74123989217,133154.50404312668,2.0,1.0,1.0,0.0,0.0,86869.69811320755,9.0,8.45,1.0,1.673854447439353,6.29,0.0
59,6,0,742.0,0.7695417789757413,111000.0,7.0,309973.0458221024,80862.53369272237,100245.66666666667,1.673854447439353,96460.32345013478,0.8690119229741872,213512.72237196765,158490.2628032345,2.0,2.0,0.0,1.0,0.0,85998.56603773584,8.769541778975741,8.115835579514824,0.9341547939930689,1.5312933646224598,6.308668332170582,0.0
59,27,0,742.0,0.7695417789757413,111000.0,7.0,309973.0458221024,80862.53369272237,100245.66666666667,1.673854447439353,94566.57412398922,0.851951118234137,215406.4716981132,133710.31266846362,2.0,2.0,1.0,0.0,0.0,85431.41374663073,8.769541778975741,8.115835579514824,0.9341547939930689,1.5312933646224598,6.308668332170582,0.0
62,38,1,1198.0,0.5467445742904842,123000.0,8.0,194490.81803005008,50083.47245409015,102739.0,1.0993322203672788,90491.19282136895,0.735700754645276,103999.62520868113,7171.578464106845,2.0,1.0,0.4532554257095159,0.5467445742904842,0.0,83570.19282136895,8.0,7.0,0.625,0.6135225375626043,6.7250000000000005,0.0
62,71,1,1198.0,0.5467445742904842,123000.0,8.0,194490.81803005008,50083.47245409015,102739.0,1.0993322203672788,89863.29215358931,0.7305958711673928,104627.52587646077,7799.479131886477,2.0,1.0,1.0,0.0,0.0,82942.29215358931,8.0,7.0,0.625,0.6135225375626043,6.7250000000000005,0.0
62,34,1,1198.0,0.5467445742904842,123000.0,8.0,194490.81803005008,50083.47245409015,102739.0,1.0993322203672788,91000.65191986645,0.7398426985354996,103490.16611018364,39216.37646076795,2.0,1.0,0.0,1.0,0.0,84079.65191986645,8.0,7.0,0.625,0.6135225375626043,6.7250000000000005,0.0
62,27,0,1198.0,0.5467445742904842,123000.0,8.0,194490.81803005008,50083.47245409015,102739.0,1.0993322203672788,105023.84641068448,0.8538524098429632,89466.9716193656,-7361.075125208681,2.0,1.0,0.4532554257095159,0.5467445742904842,0.0,94180.2287145242,9.0,8.45,0.75,1.0993322203672788,6.84943788090293,0.0
62,44,0,1198.0,0.5467445742904842,123000.0,8.0,194490.81803005008,50083.47245409015,102739.0,1.0993322203672788,98803.35058430718,0.8032792730431478,95687.4674457429,24714.97161936561,2.0,2.0,0.4532554257095159,0.0,0.5467445742904842,89273.28547579299,8.546744574290484,7.792779632721202,0.6933430717863105,0.8791363457738413,6.793035736219883,0.0
62,54,0,1198.0,0.5467445742904842,123000.0,8.0,194490.81803005008,50083.47245409015,102739.0,1.0993322203672788,98872.68030050084,0.8038429292723646,95618.13772954924,24425.577629382304,2.0,2.0,0.4532554257095159,0.0,0.5467445742904842,89342.61519198664,8.546744574290484,7.792779632721202,0.6933430717863105,0.8791363457738413,6.793035736219883,0.0
62,16,0,1198.0,0.5467445742904842,123000.0,8.0,194490.81803005008,50083.47245409015,102739.0,1.0993322203672788,98278.58764607679,0.7990129076916812,96212.23038397329,-615.8163606010016,2.0,2.0,1.0,0.0,0.0,89782.74457429048,8.546744574290484,7.792779632721202,0.6933430717863105,0.8791363457738413,6.793035736219883,0.0
62,32,0,1198.0,0.5467445742904842,123000.0,8.0,194490.81803005008,50083.47245409015,102739.0,1.0993322203672788,97847.26043405676,0.7955061823907054,96643.55759599332,-184.48914858096828,2.0,2.0,1.0,0.0,0.0,89342.61519198664,8.546744574290484,7.792779632721202,0.6933430717863105,0.8791363457738413,6.793035736219883,0.0
62,31,0,1198.0,0.5467445742904842,123000.0,8.0,194490.81803005008,50083.47245409015,102739.0,1.0993322203672788,98278.58764607679,0.7990129076916812,96212.23038397329,31938.440734557596,2.0,2.0,0.5467445742904842,0.4532554257095159,0.0,89782.74457429048,8.546744574290484,7.792779632721202,0.6933430717863105,0.8791363457738413,6.793035736219883,0.0
62,65,0,1198.0,0.5467445742904842,123000.0,8.0,194490.81803005008,50083.47245409015,102739.0,1.0993322203672788,99312.80968280467,0.8074212169333713,95178.00834724541,49940.04006677796,2.0,2.0,0.0,0.0,1.0,89782.74457429048,8.546744574290484,7.792779632721202,0.6933430717863105,0.8791363457738413,6.793035736219883,0.0
62,15,0,1198.0,0.5467445742904842,123000.0,8.0,194490.81803005008,50083.47245409015,102739.0,1.0993322203672788,98278.58764607679,0.7990129076916812,96212.23038397329,31938.440734557596,2.0,2.0,0.5467445742904842,0.4532554257095159,0.0,89782.74457429048,8.546744574290484,7.792779632721202,0.6933430717863105,0.8791363457738413,6.793035736219883,0.0
62,42,0,1198.0,0.5467445742904842,123000.0,8.0,194490.81803005008,50083.47245409015,102739.0,1.0993322203672788,104578.38647746244,0.8502307843696133,89912.43155258764,18719.871452420703,2.0,1.0,0.4532554257095159,0.0,0.5467445742904842,93734.66026711186,9.0,8.45,0.75,1.0993322203672788,6.84943788090293,0.0
63,18,1,1331.0,0.5199098422238918,124000.0,11.0,214124.71825694965,45078.88805409466,98564.66666666667,0.9286250939143501,92848.10593538692,0.7487750478660236,121276.61232156273,96866.34184823441,2.0,1.0,0.0,0.5199098422238918,0.4800901577761082,86259.10593538692,8.0,7.0,0.45454545454545453,0.6521412471825695,7.236363636363636,0.0
63,71,1,1331.0,0.5199098422238918,124000.0,11.0,214124.71825694965,45078.88805409466,98564.66666666667,0.9286250939143501,92248.95341848234,0.7439431727296963,121875.76483846732,69977.06386175807,2.0,1.0,0.5199098422238918,0.4800901577761082,0.0,85659.95341848234,8.0,7.0,0.45454545454545453,0.6521412471825695,7.236363636363636,0.0
63,24,1,1331.0,0.5199098422238918,124000.0,11.0,214124.71825694965,45078.88805409466,98564.66666666667,0.9286250939143501,92848.10593538692,0.7487750478660236,121276.61232156273,96866.34184823441,2.0,1.0,0.0,0.5199098422238918,0.4800901577761082,86259.10593538692,8.0,7.0,0.45454545454545453,0.6521412471825695,7.236363636363636,0.0
63,27,0,1331.0,0.5199098422238918,124000.0,11.0,214124.71825694965,45078.88805409466,98564.66666666667,0.9286250939143501,97083.0871525169,0.782928122197717,117041.63110443276,50925.92862509391,2.0,2.0,1.0,0.0,0.0,88908.72351615327,8.480090157776107,7.696130728775357,0.4981900143432826,0.7848784207825754,7.397073452621069,0.0
63,23,0,1331.0,0.5199098422238918,124000.0,11.0,214124.71825694965,45078.88805409466,98564.66666666667,0.9286250939143501,104571.93914350112,0.8433220898669446,109552.77911344853,88168.9969947408,2.0,1.0,0.0,1.0,0.0,92832.93914350112,9.0,8.45,0.5454545454545454,0.9286250939143501,7.571112878051654,0.0
63,14,0,1331.0,0.5199098422238918,124000.0,11.0,214124.71825694965,45078.88805409466,98564.66666666667,0.9286250939143501,97452.4199849737,0.785906612782046,116672.29827197596,50556.59579263711,2.0,2.0,0.4800901577761082,0.5199098422238918,0.0,89285.59429000752,8.480090157776107,7.696130728775357,0.4981900143432826,0.7848784207825754,7.397073452621069,0.0
63,30,0,1331.0,0.5199098422238918,124000.0,11.0,214124.71825694965,45078.88805409466,98564.66666666667,0.9286250939143501,103609.9188580015,0.8355638617580766,110514.79939894816,64714.20360631104,2.0,1.0,0.5199098422238918,0.4800901577761082,0.0,92832.93914350112,9.0,8.45,0.5454545454545454,0.9286250939143501,7.571112878051654,0.0
63,40,0,1331.0,0.5199098422238918,124000.0,11.0,214124.71825694965,45078.88805409466,98564.66666666667,0.9286250939143501,98668.12471825695,0.7957106832117496,115456.59353869272,91013.19684447783,2.0,2.0,0.0,1.0,0.0,89401.58903080391,8.519909842223893,7.753869271224643,0.5018099856567174,0.7958879203143442,7.410403061794221,0.0
63,13,0,1331.0,0.5199098422238918,124000.0,11.0,214124.71825694965,45078.88805409466,98564.66666666667,0.9286250939143501,98109.77986476333,0.7912079021351882,116014.93839218632,49899.235912847485,2.0,2.0,0.4800901577761082,0.5199098422238918,0.0,88843.24417731029,8.519909842223893,7.753869271224643,0.5018099856567174,0.7958879203143442,7.410403061794221,0.0
63,3,0,1331.0,0.5199098422238918,124000.0,11.0,214124.71825694965,45078.88805409466,98564.66666666667,0.9286250939143501,98060.19459053343,0.7908080208913987,116064.52366641622,49948.82118707739,2.0,2.0,0.4800901577761082,0.5199098422238918,0.0,89893.36889556724,8.480090157776107,7.696130728775357,0.4981900143432826,0.7848784207825754,7.397073452621069,0.0
63,41,0,1331.0,0.5199098422238918,124000.0,11.0,214124.71825694965,45078.88805409466,98564.66666666667,0.9286250939143501,97970.18782870022,0.7900821599088728,116154.53042824943,94393.87753568745,2.0,2.0,0.0,1.0,0.0,88908.72351615327,8.480090157776107,7.696130728775357,0.4981900143432826,0.7848784207825754,7.397073452621069,0.0
63,70,0,1331.0,0.5199098422238918,124000.0,11.0,214124.71825694965,45078.88805409466,98564.66666666667,0.9286250939143501,98347.05860255448,0.7931214403431812,115777.65965439519,94393.87753568745,2.0,2.0,0.0,0.5199098422238918,0.4800901577761082,89285.59429000752,8.480090157776107,7.696130728775357,0.4981900143432826,0.7848784207825754,7.397073452621069,0.0
65,28,1,1159.0,0.5159620362381363,102000.0,10.0,157894.73684210525,51768.76617773943,98702.33333333333,0.9905090595340811,99755.86194995686,0.9779986465682045,58138.8748921484,2056.0448662640206,2.0,1.0,0.0,0.4840379637618637,0.5159620362381363,92961.86194995686,8.0,7.0,0.5,0.6867989646246765,6.1000000000000005,0.0
65,17,1,1159.0,0.5159620362381363,102000.0,10.0,157894.73684210525,51768.76617773943,98702.33333333333,0.9905090595340811,100337.67558239862,0.9837027017882217,57557.06125970664,1474.2312338222605,2.0,1.0,0.0,0.4840379637618637,0.5159620362381363,93543.67558239862,8.0,7.0,0.5,0.6867989646246765,6.1000000000000005,0.0
65,10,1,1159.0,0.5159620362381363,102000.0,10.0,157894.73684210525,51768.76617773943,98702.33333333333,0.9905090595340811,100702.83261432269,0.9872826726894381,57191.90422778257,18367.478861087144,2.0,2.0,0.0,0.5159620362381363,0.4840379637618637,91750.02329594477,8.484037963761864,7.701855047454703,0.5968075927523727,0.833806180538547,6.627601380500431,0.0
65,54,0,1159.0,0.5159620362381363,102000.0,10.0,157894.73684210525,51768.76617773943,98702.33333333333,0.9905090595340811,100090.27437446074,0.9812771997496151,57804.462467644524,-24162.750647109577,2.0,2.0,0.4840379637618637,0.5159620362381363,0.0,90995.08369283866,8.515962036238136,7.748144952545297,0.6031924072476273,0.8435018436202105,6.662398619499569,0.0
65,46,0,1159.0,0.5159620362381363,102000.0,10.0,157894.73684210525,51768.76617773943,98702.33333333333,0.9905090595340811,99532.4883520276,0.975808709333604,58362.248490077654,-602.6031061259706,2.0,1.0,0.4840379637618637,0.0,0.5159620362381363,89141.21829163072,9.0,8.45,0.7,0.9905090595340811,7.1899999999999995,0.0
65,42,0,1159.0,0.5159620362381363,102000.0,10.0,157894.73684210525,51768.76617773943,98702.33333333333,0.9905090595340811,100337.67558239862,0.9837027017882217,57557.06125970664,-24410.151855047454,2.0,1.0,0.4840379637618637,0.5159620362381363,0.0,93543.67558239862,8.0,7.0,0.5,0.6867989646246765,6.1000000000000005,0.0
65,5,0,1159.0,0.5159620362381363,102000.0,10.0,157894.73684210525,51768.76617773943,98702.33333333333,0.9905090595340811,98952.98274374461,0.9701272818014177,58941.75409836065,-23025.45901639344,2.0,1.0,1.0,0.0,0.0,89488.75754961174,9.0,8.45,0.7,0.9905090595340811,7.1899999999999995,0.0
65,60,0,1159.0,0.5159620362381363,102000.0,10.0,157894.73684210525,51768.76617773943,98702.33333333333,0.9905090595340811,100337.67558239862,0.9837027017882217,57557.06125970664,-24410.151855047454,2.0,1.0,1.0,0.0,0.0,93543.67558239862,8.0,7.0,0.5,0.6867989646246765,6.1000000000000005,0.0
65,62,0,1159.0,0.5159620362381363,102000.0,10.0,157894.73684210525,51768.76617773943,98702.33333333333,0.9905090595340811,100182.93701466781,0.9821856570065473,57711.79982743745,-24255.413287316653,2.0,2.0,0.4840379637618637,0.5159620362381363,0.0,92099.98274374461,8.484037963761864,7.701855047454703,0.5968075927523727,0.833806180538547,6.627601380500431,0.0
65,66,0,1159.0,0.5159620362381363,102000.0,10.0,157894.73684210525,51768.76617773943,98702.33333333333,0.9905090595340811,101052.19240724762,0.9907077686985062,56842.544434857635,-1933.46505608283,2.0,2.0,0.4840379637618637,0.0,0.5159620362381363,91957.00172562554,8.515962036238136,7.748144952545297,0.6031924072476273,0.8435018436202105,6.662398619499569,0.0
65,51,0,1159.0,0.5159620362381363,102000.0,10.0,157894.73684210525,51768.76617773943,98702.33333333333,0.9905090595340811,99755.86194995686,0.9779986465682045,58138.8748921484,-23828.338222605693,2.0,1.0,1.0,0.0,0.0,92961.86194995686,8.0,7.0,0.5,0.6867989646246765,6.1000000000000005,0.0
65,13,0,1159.0,0.5159620362381363,102000.0,10.0,157894.73684210525,51768.76617773943,98702.33333333333,0.9905090595340811,100182.93701466781,0.9821856570065473,57711.79982743745,-24255.413287316653,2.0,2.0,1.0,0.0,0.0,92099.98274374461,8.484037963761864,7.701855047454703,0.5968075927523727,0.833806180538547,6.627601380500431,0.0
66,29,1,718.0,0.6796657381615598,106000.0,9.0,292479.1086350975,83565.45961002786,99249.33333333333,1.7952646239554317,94016.21448467967,0.8869454196667893,198462.89415041782,170452.13509749304,2.0,1.0,0.0,0.0,1.0,86850.21448467967,8.0,7.0,0.5555555555555556,1.1852367688022285,6.933333333333334,0.0
66,7,1,718.0,0.6796657381615598,106000.0,9.0,292479.1086350975,83565.45961002786,99249.33333333333,1.7952646239554317,94016.21448467967,0.8869454196667893,198462.89415041782,155287.40668523678,2.0,1.0,1.0,0.0,0.0,86850.21448467967,8.0,7.0,0.5555555555555556,1.1852367688022285,6.933333333333334,0.0
66,16,1,718.0,0.6796657381615598,106000.0,9.0,292479.1086350975,83565.45961002786,99249.33333333333,1.7952646239554317,93593.91643454038,0.8829614757975508,198885.1922005571,171035.40111420612,2.0,1.0,0.0,0.0,1.0,86427.91643454038,8.0,7.0,0.5555555555555556,1.1852367688022285,6.933333333333334,0.0
66,60,0,718.0,0.6796657381615598,106000.0,9.0,292479.1086350975,83565.45961002786,99249.33333333333,1.7952646239554317,97306.0208913649,0.9179813291638198,195173.08774373258,151997.60027855154,2.0,2.0,0.3203342618384401,0.6796657381615598,0.0,89342.63788300836,8.32033426183844,7.4644846796657385,0.6623336428350356,1.3806495914836168,6.72233150298829,0.0
66,18,0,718.0,0.6796657381615598,106000.0,9.0,292479.1086350975,83565.45961002786,99249.33333333333,1.7952646239554317,98665.86629526463,0.930810059389289,193813.24233983288,167420.81197771587,2.0,2.0,0.0,0.6796657381615598,0.3203342618384401,90086.87186629526,8.32033426183844,7.4644846796657385,0.6623336428350356,1.3806495914836168,6.72233150298829,0.0
66,28,0,718.0,0.6796657381615598,106000.0,9.0,292479.1086350975,83565.45961002786,99249.33333333333,1.7952646239554317,97921.63231197772,0.9237889840752614,194557.47632311977,168165.0459610028,2.0,2.0,0.0,0.6796657381615598,0.3203342618384401,89342.63788300836,8.32033426183844,7.4644846796657385,0.6623336428350356,1.3806495914836168,6.72233150298829,0.0
66,23,0,718.0,0.6796657381615598,106000.0,9.0,292479.1086350975,83565.45961002786,99249.33333333333,1.7952646239554317,103140.7270194986,0.9730257265990435,189338.3816155989,146162.89415041782,2.0,2.0,0.3203342618384401,0.6796657381615598,0.0,92976.72144846797,8.67966573816156,7.985515320334261,0.7821108016094089,1.5998518012740433,6.4856424932968935,0.0
66,14,0,718.0,0.6796657381615598,106000.0,9.0,292479.1086350975,83565.45961002786,99249.33333333333,1.7952646239554317,97659.27855153203,0.9213139485993588,194819.83008356547,168296.22284122562,2.0,2.0,0.0,0.0,1.0,89080.28412256268,8.32033426183844,7.4644846796657385,0.6623336428350356,1.3806495914836168,6.72233150298829,0.0
66,65,0,718.0,0.6796657381615598,106000.0,9.0,292479.1086350975,83565.45961002786,99249.33333333333,1.7952646239554317,103462.66295264623,0.9760628580438324,189016.44568245125,147233.71587743732,2.0,2.0,0.3203342618384401,0.0,0.6796657381615598,93298.6573816156,8.67966573816156,7.985515320334261,0.7821108016094089,1.5998518012740433,6.4856424932968935,0.0
66,49,0,718.0,0.6796657381615598,106000.0,9.0,292479.1086350975,83565.45961002786,99249.33333333333,1.7952646239554317,97921.63231197772,0.9237889840752614,194557.47632311977,168165.0459610028,2.0,2.0,0.0,0.0,1.0,89342.63788300836,8.32033426183844,7.4644846796657385,0.6623336428350356,1.3806495914836168,6.72233150298829,0.0
66,12,0,718.0,0.6796657381615598,106000.0,9.0,292479.1086350975,83565.45961002786,99249.33333333333,1.7952646239554317,107174.76740947075,1.0110827114101015,185304.34122562673,142128.8537604457,2.0,1.0,0.3203342618384401,0.6796657381615598,0.0,96213.37883008356,9.0,8.45,0.8888888888888888,1.7952646239554317,6.2746406629518505,0.0
66,61,0,718.0,0.6796657381615598,106000.0,9.0,292479.1086350975,83565.45961002786,99249.33333333333,1.7952646239554317,103462.66295264623,0.9760628580438324,189016.44568245125,145840.9582172702,2.0,2.0,0.3203342618384401,0.6796657381615598,0.0,93298.6573816156,8.67966573816156,7.985515320334261,0.7821108016094089,1.5998518012740433,6.4856424932968935,0.0
67,50,1,853.0,0.608440797186401,114000.0,14.0,357561.5474794842,70339.97655334116,96847.66666666667,1.3200468933177023,89971.07385697537,0.7892199461138192,267590.4736225088,139277.83821805392,2.0,1.0,0.0,0.608440797186401,0.39155920281359907,82618.07385697537,8.0,7.0,0.35714285714285715,0.9648300117233294,7.5285714285714285,0.0
67,62,1,853.0,0.608440797186401,114000.0,14.0,357561.5474794842,70339.97655334116,96847.66666666667,1.3200468933177023,89971.07385697537,0.7892199461138192,267590.4736225088,126916.6447831184,2.0,1.0,0.608440797186401,0.39155920281359907,0.0,82618.07385697537,8.0,7.0,0.35714285714285715,0.9648300117233294,7.5285714285714285,0.0
67,5,1,853.0,0.608440797186401,114000.0,14.0,357561.5474794842,70339.97655334116,96847.66666666667,1.3200468933177023,89971.07385697537,0.7892199461138192,267590.4736225088,126916.6447831184,2.0,1.0,0.608440797186401,0.39155920281359907,0.0,82618.07385697537,8.0,7.0,0.35714285714285715,0.9648300117233294,7.5285714285714285,0.0
67,39,0,853.0,0.608440797186401,114000.0,14.0,357561.5474794842,70339.97655334116,96847.66666666667,1.3200468933177023,94201.4794841735,0.8263287674050307,263360.06799531064,137693.5896834701,2.0,2.0,0.0,0.608440797186401,0.39155920281359907,85264.23094958968,8.3915592028136,7.567760844079718,0.4130798861162285,1.1039184507063546,7.588506178119808,0.0
67,28,0,853.0,0.608440797186401,114000.0,14.0,357561.5474794842,70339.97655334116,96847.66666666667,1.3200468933177023,101492.79015240328,0.8902876329158183,256068.75732708088,130702.60492379835,2.0,1.0,0.0,0.608440797186401,0.39155920281359907,90093.79015240328,9.0,8.449999999999998,0.5,1.3200468933177023,7.681638318885108,0.0
67,18,0,853.0,0.608440797186401,114000.0,14.0,357561.5474794842,70339.97655334116,96847.66666666667,1.3200468933177023,101192.46424384526,0.8876531951214496,256369.08323563891,158127.77022274325,2.0,1.0,0.0,0.0,1.0,89793.46424384526,9.0,8.449999999999998,0.5,1.3200468933177023,7.681638318885108,0.0
67,25,0,853.0,0.608440797186401,114000.0,14.0,357561.5474794842,70339.97655334116,96847.66666666667,1.3200468933177023,96122.0961313013,0.8431762818535201,261439.4513481829,132751.7022274326,2.0,2.0,0.0,1.0,0.0,86307.34466588512,8.6084407971864,7.8822391559202805,0.4440629710266287,1.180958454334677,7.621703569336726,0.0
67,7,0,853.0,0.608440797186401,114000.0,14.0,357561.5474794842,70339.97655334116,96847.66666666667,1.3200468933177023,101023.63423212193,0.8861722301063326,256537.91324736224,131167.45369284877,2.0,1.0,0.0,1.0,0.0,89624.63423212193,9.0,8.449999999999998,0.5,1.3200468933177023,7.681638318885108,0.0
67,13,0,853.0,0.608440797186401,114000.0,14.0,357561.5474794842,70339.97655334116,96847.66666666667,1.3200468933177023,93873.28604923798,0.8234498776248946,263688.2614302462,138322.10902696365,2.0,2.0,0.0,0.608440797186401,0.39155920281359907,84936.03751465416,8.3915592028136,7.567760844079718,0.4130798861162285,1.1039184507063546,7.588506178119808,0.0
67,64,0,853.0,0.608440797186401,114000.0,14.0,357561.5474794842,70339.97655334116,96847.66666666667,1.3200468933177023,100493.60140679953,0.8815228193578907,257067.94607268463,123883.49824150058,2.0,1.0,0.39155920281359907,0.0,0.608440797186401,89793.46424384526,9.0,8.449999999999998,0.5,1.3200468933177023,7.681638318885108,0.0
67,44,0,853.0,0.608440797186401,114000.0,14.0,357561.5474794842,70339.97655334116,96847.66666666667,1.3200468933177023,96497.20984759672,0.846466753049094,261064.33763188747,159944.44314185227,2.0,2.0,0.0,0.39155920281359907,0.608440797186401,86682.45838218054,8.6084407971864,7.8822391559202805,0.4440629710266287,1.180958454334677,7.621703569336726,0.0
67,58,0,853.0,0.608440797186401,114000.0,14.0,357561.5474794842,70339.97655334116,96847.66666666667,1.3200468933177023,96122.0961313013,0.8431762818535201,261439.4513481829,100829.83821805393,2.0,2.0,0.39155920281359907,0.608440797186401,0.0,86307.34466588512,8.6084407971864,7.8822391559202805,0.4440629710266287,1.180958454334677,7.621703569336726,0.0
68,39,1,1212.0,0.7607260726072608,117000.0,9.0,220297.0297029703,49504.9504950495,101343.66666666667,1.0858085808580857,101277.42904290429,0.8656190516487546,119019.600660066,51665.70297029703,2.0,2.0,0.23927392739273928,0.0,0.7607260726072608,90097.01815181518,8.76072607260726,8.103052805280528,0.6400806747341401,0.9722916598590551,7.08577216142667,0.0
68,62,1,1212.0,0.7607260726072608,117000.0,9.0,220297.0297029703,49504.9504950495,101343.66666666667,1.0858085808580857,101048.20462046204,0.8636598685509577,119248.82508250825,51665.70297029703,2.0,2.0,0.0,0.23927392739273928,0.7607260726072608,89867.79372937293,8.76072607260726,8.103052805280528,0.6400806747341401,0.9722916598590551,7.08577216142667,0.0
68,49,1,1212.0,0.7607260726072608,117000.0,9.0,220297.0297029703,49504.9504950495,101343.66666666667,1.0858085808580857,101277.42904290429,0.8656190516487546,119019.600660066,43923.544554455446,2.0,2.0,0.0,0.7607260726072608,0.23927392739273928,90097.01815181518,8.76072607260726,8.103052805280528,0.6400806747341401,0.9722916598590551,7.08577216142667,0.0
68,28,0,1212.0,0.7607260726072608,117000.0,9.0,220297.0297029703,49504.9504950495,101343.66666666667,1.0858085808580857,102807.76732673268,0.8786988660404502,117489.26237623762,-16667.140264026402,2.0,1.0,0.7607260726072608,0.0,0.23927392739273928,91858.31518151815,9.0,8.45,0.6666666666666666,1.0858085808580857,7.133719298245615,0.0
68,67,0,1212.0,0.7607260726072608,117000.0,9.0,220297.0297029703,49504.9504950495,101343.66666666667,1.0858085808580857,102807.76732673268,0.8786988660404502,117489.26237623762,-16667.140264026402,2.0,1.0,0.7607260726072608,0.23927392739273928,0.0,91858.31518151815,9.0,8.45,0.6666666666666666,1.0858085808580857,7.133719298245615,0.0
68,38,0,1212.0,0.7607260726072608,117000.0,9.0,220297.0297029703,49504.9504950495,101343.66666666667,1.0858085808580857,103577.73349834983,0.8852797734901695,116719.29620462046,51665.70297029703,2.0,1.0,0.23927392739273928,0.0,0.7607260726072608,91672.63861386139,9.0,8.45,0.6666666666666666,1.0858085808580857,7.133719298245615,0.0
68,11,0,1212.0,0.7607260726072608,117000.0,9.0,220297.0297029703,49504.9504950495,101343.66666666667,1.0858085808580857,102807.76732673268,0.8786988660404502,117489.26237623762,-16667.140264026402,2.0,1.0,0.7607260726072608,0.23927392739273928,0.0,91858.31518151815,9.0,8.45,0.6666666666666666,1.0858085808580857,7.133719298245615,0.0
68,18,0,1212.0,0.7607260726072608,117000.0,9.0,220297.0297029703,49504.9504950495,101343.66666666667,1.0858085808580857,99301.68646864686,0.8487323629798877,120995.34323432343,-16667.140264026402,2.0,2.0,0.7607260726072608,0.0,0.23927392739273928,89515.82343234324,8.76072607260726,8.103052805280528,0.6400806747341401,0.9722916598590551,7.08577216142667,0.0
68,12,0,1212.0,0.7607260726072608,117000.0,9.0,220297.0297029703,49504.9504950495,101343.66666666667,1.0858085808580857,104786.38118811882,0.8956100956249471,115510.64851485149,42759.955445544554,2.0,1.0,0.0,0.7607260726072608,0.23927392739273928,92442.38118811882,9.0,8.45,0.6666666666666666,1.0858085808580857,7.133719298245615,0.0
68,47,0,1212.0,0.7607260726072608,117000.0,9.0,220297.0297029703,49504.9504950495,101343.66666666667,1.0858085808580857,99642.03300330033,0.8516413077205156,120654.99669966997,-17236.711221122114,2.0,2.0,0.7607260726072608,0.23927392739273928,0.0,89867.79372937293,8.76072607260726,8.103052805280528,0.6400806747341401,0.9722916598590551,7.08577216142667,0.0
68,36,0,1212.0,0.7607260726072608,117000.0,9.0,220297.0297029703,49504.9504950495,101343.66666666667,1.0858085808580857,99072.46204620462,0.8467731798820908,121224.56765676568,-16667.140264026402,2.0,2.0,0.7607260726072608,0.23927392739273928,0.0,89286.599009901,8.76072607260726,8.103052805280528,0.6400806747341401,0.9722916598590551,7.08577216142667,0.0
68,58,0,1212.0,0.7607260726072608,117000.0,9.0,220297.0297029703,49504.9504950495,101343.66666666667,1.0858085808580857,104161.50742574257,0.890269294237116,116135.52227722772,51665.70297029703,2.0,1.0,0.23927392739273928,0.0,0.7607260726072608,92256.46534653465,9.0,8.45,0.6666666666666666,1.0858085808580857,7.133719298245615,0.0
69,48,1,941.0,0.7066950053134963,122000.0,6.0,235919.2348565356,63761.95536663124,101358.66666666667,1.3379383634431457,94183.75345377259,0.7719979791292835,141735.48140276302,60970.337938363446,2.0,1.0,0.0,0.29330499468650373,0.7066950053134963,87453.75345377259,8.0,7.0,0.8333333333333334,0.8756641870350691,6.1000000000000005,0.0
69,5,1,941.0,0.7066950053134963,122000.0,6.0,235919.2348565356,63761.95536663124,101358.66666666667,1.3379383634431457,94183.75345377259,0.7719979791292835,141735.48140276302,60970.337938363446,2.0,1.0,0.0,0.29330499468650373,0.7066950053134963,87453.75345377259,8.0,7.0,0.8333333333333334,0.8756641870350691,6.1000000000000005,0.0
69,38,1,941.0,0.7066950053134963,122000.0,6.0,235919.2348565356,63761.95536663124,101358.66666666667,1.3379383634431457,95369.2082890542,0.7817148220414278,140550.0265674814,59784.883103081826,2.0,1.0,0.0,1.0,0.0,88639.2082890542,8.0,7.0,0.8333333333333334,0.8756641870350691,6.1000000000000005,0.0
69,34,0,941.0,0.7066950053134963,122000.0,6.0,235919.2348565356,63761.95536663124,101358.66666666667,1.3379383634431457,97654.21997874601,0.8004444260552952,138265.0148777896,54311.77364505845,2.0,2.0,1.0,0.0,0.0,89839.4962805526,8.293304994686503,7.425292242295431,0.9799858306765853,1.011251511890148,6.112286366600934,0.0
69,35,0,941.0,0.7066950053134963,122000.0,6.0,235919.2348565356,63761.95536663124,101358.66666666667,1.3379383634431457,97889.05738575984,0.802369322834097,138030.17747077576,54076.93623804463,2.0,2.0,0.29330499468650373,0.7066950053134963,0.0,90079.12646121148,8.293304994686503,7.425292242295431,0.9799858306765853,1.011251511890148,6.112286366600934,0.0
69,6,0,941.0,0.7066950053134963,122000.0,6.0,235919.2348565356,63761.95536663124,101358.66666666667,1.3379383634431457,99300.3751328374,0.8139375010888312,136618.8597236982,55853.71625929862,2.0,2.0,0.0,1.0,0.0,90927.86716259299,8.293304994686503,7.425292242295431,0.9799858306765853,1.011251511890148,6.112286366600934,0.0
69,7,0,941.0,0.7066950053134963,122000.0,6.0,235919.2348565356,63761.95536663124,101358.66666666667,1.3379383634431457,99300.3751328374,0.8139375010888312,136618.8597236982,55853.71625929862,2.0,2.0,0.0,1.0,0.0,90927.86716259299,8.293304994686503,7.425292242295431,0.9799858306765853,1.011251511890148,6.112286366600934,0.0
69,11,0,941.0,0.7066950053134963,122000.0,6.0,235919.2348565356,63761.95536663124,101358.66666666667,1.3379383634431457,98502.96068012752,0.8074013170502256,137416.27417640807,53463.03294367694,2.0,2.0,0.29330499468650373,0.7066950053134963,0.0,90688.23698193411,8.293304994686503,7.425292242295431,0.9799858306765853,1.011251511890148,6.112286366600934,0.0
69,10,0,941.0,0.7066950053134963,122000.0,6.0,235919.2348565356,63761.95536663124,101358.66666666667,1.3379383634431457,97889.05738575984,0.802369322834097,138030.17747077576,54076.93623804463,2.0,2.0,1.0,0.0,0.0,90079.12646121148,8.293304994686503,7.425292242295431,0.9799858306765853,1.011251511890148,6.112286366600934,0.0
69,61,0,941.0,0.7066950053134963,122000.0,6.0,235919.2348565356,63761.95536663124,101358.66666666667,1.3379383634431457,98737.79808714135,0.8093262138290274,137181.43676939426,53228.19553666312,2.0,2.0,0.29330499468650373,0.7066950053134963,0.0,90927.86716259299,8.293304994686503,7.425292242295431,0.9799858306765853,1.011251511890148,6.112286366600934,0.0
69,66,0,941.0,0.7066950053134963,122000.0,6.0,235919.2348565356,63761.95536663124,101358.66666666667,1.3379383634431457,98212.00425079702,0.8050164282852215,137707.2306057386,56942.087141339,2.0,2.0,0.0,1.0,0.0,89839.4962805526,8.293304994686503,7.425292242295431,0.9799858306765853,1.011251511890148,6.112286366600934,0.0
69,68,0,941.0,0.7066950053134963,122000.0,6.0,235919.2348565356,63761.95536663124,101358.66666666667,1.3379383634431457,97889.05738575984,0.802369322834097,138030.17747077576,57265.0340063762,2.0,2.0,0.29330499468650373,0.0,0.7066950053134963,90079.12646121148,8.293304994686503,7.425292242295431,0.9799858306765853,1.011251511890148,6.112286366600934,0.0
71,9,1,643.0,0.5334370139968896,101000.0,10.0,451010.8864696734,93312.59720062208,102858.66666666667,2.037325038880249,97763.86314152411,0.9679590410051891,353247.0233281493,302657.77138413687,2.0,1.0,0.0,1.0,0.0,90792.86314152411,8.0,7.0,0.5,1.2892690513219285,6.7940082904157775,0.0
71,67,1,643.0,0.5334370139968896,101000.0,10.0,451010.8864696734,93312.59720062208,102858.66666666667,2.037325038880249,97088.3530326594,0.9612708221055387,353922.533437014,254858.61430793157,2.0,1.0,0.5334370139968896,0.4665629860031104,0.0,90117.3530326594,8.0,7.0,0.5,1.2892690513219285,6.7940082904157775,0.0
71,63,1,643.0,0.5334370139968896,101000.0,10.0,451010.8864696734,93312.59720062208,102858.66666666667,2.037325038880249,97880.11041990669,0.9691100041574919,353130.7760497667,302657.77138413687,2.0,2.0,0.0,1.0,0.0,88421.3965785381,8.46656298600311,7.67651632970451,0.5933125972006221,1.6382842865746439,6.978763364871869,0.0
74,0,1,1108.0,0.5649819494584838,114000.0,10.0,205776.17328519854,54151.624548736465,106405.33333333333,1.160649819494585,103199.9440433213,0.905262667046678,102576.22924187726,37621.059566787,2.0,1.0,0.5649819494584838,0.43501805054151627,0.0,95863.9440433213,8.0,7.0,0.5,0.703971119133574,6.725470690721071,0.0
74,5,1,1108.0,0.5649819494584838,114000.0,10.0,205776.17328519854,54151.624548736465,106405.33333333333,1.160649819494585,105238.65523465704,0.9231460985496232,100537.51805054152,85194.55776173285,2.0,2.0,0.0,0.43501805054151627,0.5649819494584838,96075.14440433212,8.435018050541517,7.630776173285199,0.6305054151624548,0.9026345970884542,6.797043910100533,0.0
74,36,1,1108.0,0.5649819494584838,114000.0,10.0,205776.17328519854,54151.624548736465,106405.33333333333,1.160649819494585,103935.7761732852,0.9117173348533789,101840.39711191336,58519.097472924186,2.0,1.0,0.43501805054151627,0.5649819494584838,0.0,96599.7761732852,8.0,7.0,0.5,0.703971119133574,6.725470690721071,0.0
74,29,0,1108.0,0.5649819494584838,114000.0,10.0,205776.17328519854,54151.624548736465,106405.33333333333,1.160649819494585,106850.5929602888,0.9372859031604281,98925.58032490975,82778.21750902527,2.0,1.0,0.43501805054151627,0.0,0.5649819494584838,96149.62815884476,9.0,8.45,0.8,1.160649819494585,6.890000000000001,0.0
74,1,0,1108.0,0.5649819494584838,114000.0,10.0,205776.17328519854,54151.624548736465,106405.33333333333,1.160649819494585,106027.90433212997,0.930069336246754,99748.26895306859,89149.67328519856,2.0,2.0,0.0,0.5649819494584838,0.43501805054151627,96318.41516245487,8.564981949458483,7.819223826714802,0.6694945848375451,0.9619863415397046,6.8184267806205385,0.0
74,70,0,1108.0,0.5649819494584838,114000.0,10.0,205776.17328519854,54151.624548736465,106405.33333333333,1.160649819494585,107330.7833935018,0.9414980999429983,98445.38989169674,89149.67328519856,2.0,1.0,0.0,0.0,1.0,95793.7833935018,9.0,8.45,0.8,1.160649819494585,6.890000000000001,0.0
74,43,0,1108.0,0.5649819494584838,114000.0,10.0,205776.17328519854,54151.624548736465,106405.33333333333,1.160649819494585,106027.90433212997,0.930069336246754,99748.26895306859,89149.67328519856,2.0,2.0,0.0,0.0,1.0,96318.41516245487,8.564981949458483,7.819223826714802,0.6694945848375451,0.9619863415397046,6.8184267806205385,0.0
74,18,0,1108.0,0.5649819494584838,114000.0,10.0,205776.17328519854,54151.624548736465,106405.33333333333,1.160649819494585,106599.67057761733,0.9350848296282221,99176.50270758122,35888.757220216605,2.0,1.0,0.5649819494584838,0.43501805054151627,0.0,96149.62815884476,9.0,8.45,0.8,1.160649819494585,6.890000000000001,0.0
74,8,0,1108.0,0.5649819494584838,114000.0,10.0,205776.17328519854,54151.624548736465,106405.33333333333,1.160649819494585,106027.90433212997,0.930069336246754,99748.26895306859,83600.90613718411,2.0,2.0,0.43501805054151627,0.0,0.5649819494584838,96318.41516245487,8.564981949458483,7.819223826714802,0.6694945848375451,0.9619863415397046,6.8184267806205385,0.0
74,14,0,1108.0,0.5649819494584838,114000.0,10.0,205776.17328519854,54151.624548736465,106405.33333333333,1.160649819494585,106027.90433212997,0.930069336246754,99748.26895306859,56426.96931407942,2.0,2.0,0.43501805054151627,0.5649819494584838,0.0,96318.41516245487,8.564981949458483,7.819223826714802,0.6694945848375451,0.9619863415397046,6.8184267806205385,0.0
74,68,0,1108.0,0.5649819494584838,114000.0,10.0,205776.17328519854,54151.624548736465,106405.33333333333,1.160649819494585,106865.23285198557,0.9374143232630312,98910.94043321299,83567.98014440433,2.0,1.0,0.0,0.43501805054151627,0.5649819494584838,95328.23285198557,9.0,8.45,0.8,1.160649819494585,6.890000000000001,0.0
75,48,1,1011.0,0.781404549950544,101000.0,9.0,265084.0751730959,59347.18100890208,96407.0,1.2453016815034619,95350.02571711177,0.9440596605654631,169734.04945598418,77775.37982195846,2.0,2.0,0.218595450049456,0.0,0.781404549950544,87278.52423343224,8.218595450049456,7.316963402571711,0.6041323222332124,0.9191367753915631,6.571607125905805,0.0
75,52,1,1011.0,0.781404549950544,101000.0,9.0,265084.0751730959,59347.18100890208,96407.0,1.2453016815034619,94305.80514342236,0.9337208430041817,170778.2700296736,44170.950544015825,2.0,2.0,1.0,0.0,0.0,84334.03165182988,8.781404549950544,8.133036597428289,0.7292010111001209,1.1540580811860828,6.848947478681667,0.0
75,33,1,1011.0,0.781404549950544,101000.0,9.0,265084.0751730959,59347.18100890208,96407.0,1.2453016815034619,95071.862512364,0.9413055694293465,170012.21266073195,75689.40356083086,2.0,2.0,0.218595450049456,0.0,0.781404549950544,83797.9881305638,8.781404549950544,8.133036597428289,0.7292010111001209,1.1540580811860828,6.848947478681667,0.0
77,3,1,987.0,0.6149949341438703,100000.0,10.0,369807.4974670719,60790.273556231004,95480.0,1.3191489361702127,93102.52988855116,0.9310252988855117,276704.96757852077,186529.2228976697,2.0,1.0,0.0,1.0,0.0,86239.52988855116,8.0,7.0,0.5,0.8763931104356636,6.69231141980294,0.0
77,40,1,987.0,0.6149949341438703,100000.0,10.0,369807.4974670719,60790.273556231004,95480.0,1.3191489361702127,93069.41945288754,0.9306941945288754,276738.0780141844,142565.6362715299,2.0,1.0,1.0,0.0,0.0,86206.41945288754,8.0,7.0,0.5,0.8763931104356636,6.69231141980294,0.0
77,53,1,987.0,0.6149949341438703,100000.0,10.0,369807.4974670719,60790.273556231004,95480.0,1.3191489361702127,95288.3870314083,0.9528838703140831,274519.1104356636,177004.9189463019,2.0,2.0,0.3850050658561297,0.0,0.6149949341438703,85156.0739614995,8.614994934143871,7.891742654508612,0.6229989868287741,1.1486857003250974,6.998387375405387,0.0
77,12,0,987.0,0.6149949341438703,100000.0,10.0,369807.4974670719,60790.273556231004,95480.0,1.3191489361702127,95496.40830800406,0.9549640830800405,274311.0891590679,141398.76899696048,2.0,1.0,0.6149949341438703,0.3850050658561297,0.0,84352.22289766971,9.0,8.45,0.7,1.3191489361702127,7.1899999999999995,0.0
77,4,0,987.0,0.6149949341438703,100000.0,10.0,369807.4974670719,60790.273556231004,95480.0,1.3191489361702127,95722.28774062816,0.9572228774062816,274085.20972644375,192104.70820668692,2.0,2.0,0.0,0.3850050658561297,0.6149949341438703,85589.97467071936,8.614994934143871,7.891742654508612,0.6229989868287741,1.1486857003250974,6.998387375405387,0.0
77,62,0,987.0,0.6149949341438703,100000.0,10.0,369807.4974670719,60790.273556231004,95480.0,1.3191489361702127,96255.17426545086,0.9625517426545086,273552.32320162107,182280.85410334347,2.0,1.0,0.0,1.0,0.0,84076.17426545086,9.0,8.45,0.7,1.3191489361702127,7.1899999999999995,0.0
77,54,0,987.0,0.6149949341438703,100000.0,10.0,369807.4974670719,60790.273556231004,95480.0,1.3191489361702127,96703.66565349544,0.9670366565349544,273103.8318135765,181836.21276595743,2.0,1.0,0.0,0.6149949341438703,0.3850050658561297,84524.66565349544,9.0,8.45,0.7,1.3191489361702127,7.1899999999999995,0.0
77,29,0,987.0,0.6149949341438703,100000.0,10.0,369807.4974670719,60790.273556231004,95480.0,1.3191489361702127,95722.28774062816,0.9572228774062816,274085.20972644375,176571.01823708205,2.0,2.0,0.3850050658561297,0.0,0.6149949341438703,85589.97467071936,8.614994934143871,7.891742654508612,0.6229989868287741,1.1486857003250974,6.998387375405387,0.0
77,30,0,987.0,0.6149949341438703,100000.0,10.0,369807.4974670719,60790.273556231004,95480.0,1.3191489361702127,95722.28774062816,0.9572228774062816,274085.20972644375,176571.01823708205,2.0,2.0,0.3850050658561297,0.0,0.6149949341438703,85589.97467071936,8.614994934143871,7.891742654508612,0.6229989868287741,1.1486857003250974,6.998387375405387,0.0
77,33,0,987.0,0.6149949341438703,100000.0,10.0,369807.4974670719,60790.273556231004,95480.0,1.3191489361702127,95608.46605876394,0.9560846605876393,274199.031408308,176462.5187436677,2.0,1.0,0.3850050658561297,0.0,0.6149949341438703,84076.17426545086,9.0,8.45,0.7,1.3191489361702127,7.1899999999999995,0.0
77,0,0,987.0,0.6149949341438703,100000.0,10.0,369807.4974670719,60790.273556231004,95480.0,1.3191489361702127,96056.88044579534,0.9605688044579533,273750.6170212766,176236.4255319149,2.0,1.0,0.3850050658561297,0.0,0.6149949341438703,84524.66565349544,9.0,8.45,0.7,1.3191489361702127,7.1899999999999995,0.0
77,14,0,987.0,0.6149949341438703,100000.0,10.0,369807.4974670719,60790.273556231004,95480.0,1.3191489361702127,96703.66565349544,0.9670366565349544,273103.8318135765,181836.21276595743,2.0,1.0,0.0,1.0,0.0,84524.66565349544,9.0,8.45,0.7,1.3191489361702127,7.1899999999999995,0.0
78,26,1,1096.0,0.7372262773722628,109000.0,13.0,295620.4379562044,54744.52554744526,103328.33333333333,1.1843065693430657,103292.11678832117,0.9476340989754236,192328.3211678832,158653.54744525548,2.0,2.0,0.0,1.0,0.0,92906.91970802919,8.737226277372264,8.06897810218978,0.498034811903425,1.0495631093824924,7.495707531185626,0.0
78,1,1,1096.0,0.7372262773722628,109000.0,13.0,295620.4379562044,54744.52554744526,103328.33333333333,1.1843065693430657,102435.08759124088,0.9397714457912006,193185.3503649635,159220.47445255474,2.0,2.0,0.0,0.7372262773722628,0.26277372262773724,92049.8905109489,8.737226277372264,8.06897810218978,0.498034811903425,1.0495631093824924,7.495707531185626,0.0
78,18,1,1096.0,0.7372262773722628,109000.0,13.0,295620.4379562044,54744.52554744526,103328.33333333333,1.1843065693430657,103292.11678832117,0.9476340989754236,192328.3211678832,168375.85401459853,2.0,2.0,0.0,0.26277372262773724,0.7372262773722628,92906.91970802919,8.737226277372264,8.06897810218978,0.498034811903425,1.0495631093824924,7.495707531185626,0.0
80,56,1,1166.0,0.6380789022298456,110000.0,12.0,223842.19554030875,51457.975986277874,98692.66666666667,0.9699828473413379,90873.06174957118,0.8261187431779199,132969.13379073757,77222.99313893654,2.0,1.0,0.0,1.0,0.0,78554.06174957118,9.0,8.45,0.5833333333333334,0.9699828473413379,7.539999999999999,0.0
80,37,1,1166.0,0.6380789022298456,110000.0,12.0,223842.19554030875,51457.975986277874,98692.66666666667,0.9699828473413379,89956.93825042882,0.8177903477311711,133885.25728987993,41297.18953687821,2.0,1.0,1.0,0.0,0.0,79222.3859348199,9.0,8.45,0.5833333333333334,0.9699828473413379,7.539999999999999,0.0
80,5,1,1166.0,0.6380789022298456,110000.0,12.0,223842.19554030875,51457.975986277874,98692.66666666667,0.9699828473413379,91116.6346483705,0.8283330422579136,132725.56089193825,76979.42024013722,2.0,1.0,0.0,1.0,0.0,78797.6346483705,9.0,8.45,0.5833333333333334,0.9699828473413379,7.539999999999999,0.0
80,28,0,1166.0,0.6380789022298456,110000.0,12.0,223842.19554030875,51457.975986277874,98692.66666666667,0.9699828473413379,100069.74785591767,0.9097249805083424,123772.44768439108,68026.30703259005,2.0,1.0,0.0,1.0,0.0,93398.74785591767,8.0,7.0,0.4166666666666667,0.6826758147512865,6.682700762248158,0.0
80,35,0,1166.0,0.6380789022298456,110000.0,12.0,223842.19554030875,51457.975986277874,98692.66666666667,0.9699828473413379,99606.1269296741,0.9055102448152191,124236.06861063465,47906.73756432247,2.0,1.0,0.36192109777015435,0.6380789022298456,0.0,92935.1269296741,8.0,7.0,0.4166666666666667,0.6826758147512865,6.682700762248158,0.0
80,59,0,1166.0,0.6380789022298456,110000.0,12.0,223842.19554030875,51457.975986277874,98692.66666666667,0.9699828473413379,99631.461406518,0.9057405582410728,124210.73413379074,68464.59348198971,2.0,1.0,0.0,1.0,0.0,92960.461406518,8.0,7.0,0.4166666666666667,0.6826758147512865,6.682700762248158,0.0
80,67,0,1166.0,0.6380789022298456,110000.0,12.0,223842.19554030875,51457.975986277874,98692.66666666667,0.9699828473413379,100851.9639794168,0.9168360361765164,122990.23156089195,34170.97084048027,2.0,1.0,0.6380789022298456,0.36192109777015435,0.0,94180.9639794168,8.0,7.0,0.4166666666666667,0.6826758147512865,6.682700762248158,0.0
80,49,0,1166.0,0.6380789022298456,110000.0,12.0,223842.19554030875,51457.975986277874,98692.66666666667,0.9699828473413379,99606.1269296741,0.9055102448152191,124236.06861063465,34980.69296740995,2.0,1.0,1.0,0.0,0.0,92935.1269296741,8.0,7.0,0.4166666666666667,0.6826758147512865,6.682700762248158,0.0
80,10,0,1166.0,0.6380789022298456,110000.0,12.0,223842.19554030875,51457.975986277874,98692.66666666667,0.9699828473413379,94314.2075471698,0.8574018867924529,129527.98799313893,53198.656946826755,2.0,2.0,0.36192109777015435,0.6380789022298456,0.0,84039.33790737564,8.638078902229845,7.925214408233275,0.523013150371641,0.866000370709261,7.229725318755335,0.0
80,32,0,1166.0,0.6380789022298456,110000.0,12.0,223842.19554030875,51457.975986277874,98692.66666666667,0.9699828473413379,100035.72727272728,0.9094157024793389,123806.46826758147,34980.69296740995,2.0,1.0,0.6380789022298456,0.36192109777015435,0.0,93364.72727272728,8.0,7.0,0.4166666666666667,0.6826758147512865,6.682700762248158,0.0
80,20,0,1166.0,0.6380789022298456,110000.0,12.0,223842.19554030875,51457.975986277874,98692.66666666667,0.9699828473413379,100035.72727272728,0.9094157024793389,123806.46826758147,47477.137221269295,2.0,1.0,0.36192109777015435,0.6380789022298456,0.0,93364.72727272728,8.0,7.0,0.4166666666666667,0.6826758147512865,6.682700762248158,0.0
80,14,0,1166.0,0.6380789022298456,110000.0,12.0,223842.19554030875,51457.975986277874,98692.66666666667,0.9699828473413379,93725.74528301887,0.8520522298456261,130116.45025728988,41297.18953687821,2.0,2.0,0.6380789022298456,0.36192109777015435,0.0,84460.46998284734,8.638078902229845,7.925214408233275,0.523013150371641,0.866000370709261,7.229725318755335,0.0
81,33,1,1085.0,0.6055299539170507,100000.0,9.0,239631.33640552996,55299.53917050691,98885.66666666667,1.1963133640552996,90924.79262672811,0.9092479262672811,148706.54377880183,75241.96497695852,2.0,1.0,0.0,0.6055299539170507,0.39447004608294933,79767.79262672811,9.0,8.45,0.7777777777777778,1.1963133640552996,6.956666666666667,0.0
81,27,1,1085.0,0.6055299539170507,100000.0,9.0,239631.33640552996,55299.53917050691,98885.66666666667,1.1963133640552996,90076.29032258065,0.9007629032258064,149555.0460829493,58086.55207373272,2.0,1.0,0.6055299539170507,0.39447004608294933,0.0,79890.71797235023,9.0,8.45,0.7777777777777778,1.1963133640552996,6.956666666666667,0.0
81,52,1,1085.0,0.6055299539170507,100000.0,9.0,239631.33640552996,55299.53917050691,98885.66666666667,1.1963133640552996,91316.7465437788,0.913167465437788,148314.58986175116,74833.83778801843,2.0,1.0,0.0,1.0,0.0,80159.7465437788,9.0,8.45,0.7777777777777778,1.1963133640552996,6.956666666666667,0.0
82,22,1,645.0,0.6356589147286822,108000.0,12.0,387596.8992248062,93023.25581395348,104371.0,1.841860465116279,105655.5503875969,0.9782921332184898,281941.3488372093,164858.78294573643,2.0,2.0,0.0,1.0,0.0,95379.04651162791,8.635658914728682,7.921705426356589,0.522609819121447,1.6260801634517157,7.2335803697059395,0.0
82,23,1,645.0,0.6356589147286822,108000.0,12.0,387596.8992248062,93023.25581395348,104371.0,1.841860465116279,104021.90697674418,0.9631658053402239,283574.99224806204,166492.42635658916,2.0,1.0,0.0,1.0,0.0,96570.90697674418,8.0,7.0,0.4166666666666667,1.2496124031007751,6.698975908341834,0.0
82,29,1,645.0,0.6356589147286822,108000.0,12.0,387596.8992248062,93023.25581395348,104371.0,1.841860465116279,104021.90697674418,0.9631658053402239,283574.99224806204,110292.40310077519,2.0,1.0,1.0,0.0,0.0,96570.90697674418,8.0,7.0,0.4166666666666667,1.2496124031007751,6.698975908341834,0.0
82,58,0,645.0,0.6356589147286822,108000.0,12.0,387596.8992248062,93023.25581395348,104371.0,1.841860465116279,106563.51162790698,0.9866991817398794,281033.38759689924,163754.80620155038,2.0,1.0,0.0,1.0,0.0,94667.51162790698,9.0,8.45,0.5833333333333334,1.841860465116279,7.539999999999999,0.0
82,38,0,645.0,0.6356589147286822,108000.0,12.0,387596.8992248062,93023.25581395348,104371.0,1.841860465116279,107061.54263565892,0.9913105799598048,280535.3565891473,163239.28682170543,2.0,1.0,0.0,1.0,0.0,95165.54263565892,9.0,8.45,0.5833333333333334,1.841860465116279,7.539999999999999,0.0
82,61,0,645.0,0.6356589147286822,108000.0,12.0,387596.8992248062,93023.25581395348,104371.0,1.841860465116279,106368.70387596899,0.9848954062589722,281228.19534883724,129290.21085271318,2.0,1.0,0.3643410852713178,0.6356589147286822,0.0,95165.54263565892,9.0,8.45,0.5833333333333334,1.841860465116279,7.539999999999999,0.0
82,13,0,645.0,0.6356589147286822,108000.0,12.0,387596.8992248062,93023.25581395348,104371.0,1.841860465116279,106563.51162790698,0.9866991817398794,281033.38759689924,163754.80620155038,2.0,1.0,0.0,1.0,0.0,94667.51162790698,9.0,8.45,0.5833333333333334,1.841860465116279,7.539999999999999,0.0
82,32,0,645.0,0.6356589147286822,108000.0,12.0,387596.8992248062,93023.25581395348,104371.0,1.841860465116279,106390.12713178295,0.985093769738731,281206.77209302323,129268.78759689923,2.0,1.0,0.3643410852713178,0.6356589147286822,0.0,95187.40310077519,9.0,8.45,0.5833333333333334,1.841860465116279,7.539999999999999,0.0
83,46,1,1030.0,0.7262135922330097,101000.0,11.0,198058.25242718446,58252.42718446602,97514.66666666667,1.279611650485437,96523.80388349514,0.9556812265692589,101534.44854368932,45158.39417475728,2.0,2.0,0.7262135922330097,0.2737864077669903,0.0,87134.46213592232,8.726213592233009,8.053009708737862,0.5205648720211827,1.12544066358752,7.34046722249176,0.0
83,38,1,1030.0,0.7262135922330097,101000.0,11.0,198058.25242718446,58252.42718446602,97514.66666666667,1.279611650485437,97468.18640776699,0.9650315485917523,100590.06601941747,98160.3708737864,2.0,2.0,0.0,0.0,1.0,86838.22524271844,8.726213592233009,8.053009708737862,0.5205648720211827,1.12544066358752,7.34046722249176,0.0
83,43,1,1030.0,0.7262135922330097,101000.0,11.0,198058.25242718446,58252.42718446602,97514.66666666667,1.279611650485437,97247.35922330097,0.9628451408247621,100810.89320388349,42558.46601941747,2.0,2.0,0.2737864077669903,0.7262135922330097,0.0,86617.39805825242,8.726213592233009,8.053009708737862,0.5205648720211827,1.12544066358752,7.34046722249176,0.0
83,15,0,1030.0,0.7262135922330097,101000.0,11.0,198058.25242718446,58252.42718446602,97514.66666666667,1.279611650485437,97764.42330097087,0.9679645871383254,100293.82912621359,67144.87766990291,2.0,2.0,0.0,1.0,0.0,87134.46213592232,8.726213592233009,8.053009708737862,0.5205648720211827,1.12544066358752,7.34046722249176,0.0
83,9,0,1030.0,0.7262135922330097,101000.0,11.0,198058.25242718446,58252.42718446602,97514.66666666667,1.279611650485437,97764.42330097087,0.9679645871383254,100293.82912621359,98160.3708737864,2.0,2.0,0.0,0.0,1.0,87134.46213592232,8.726213592233009,8.053009708737862,0.5205648720211827,1.12544066358752,7.34046722249176,0.0
83,18,0,1030.0,0.7262135922330097,101000.0,11.0,198058.25242718446,58252.42718446602,97514.66666666667,1.279611650485437,97764.42330097087,0.9679645871383254,100293.82912621359,67144.87766990291,2.0,2.0,0.0,1.0,0.0,87134.46213592232,8.726213592233009,8.053009708737862,0.5205648720211827,1.12544066358752,7.34046722249176,0.0
83,27,0,1030.0,0.7262135922330097,101000.0,11.0,198058.25242718446,58252.42718446602,97514.66666666667,1.279611650485437,97764.42330097087,0.9679645871383254,100293.82912621359,98160.3708737864,2.0,2.0,0.0,0.0,1.0,87134.46213592232,8.726213592233009,8.053009708737862,0.5205648720211827,1.12544066358752,7.34046722249176,0.0
83,70,0,1030.0,0.7262135922330097,101000.0,11.0,198058.25242718446,58252.42718446602,97514.66666666667,1.279611650485437,97764.42330097087,0.9679645871383254,100293.82912621359,88643.34368932039,2.0,2.0,0.0,0.2737864077669903,0.7262135922330097,87134.46213592232,8.726213592233009,8.053009708737862,0.5205648720211827,1.12544066358752,7.34046722249176,0.0
83,33,0,1030.0,0.7262135922330097,101000.0,11.0,198058.25242718446,58252.42718446602,97514.66666666667,1.279611650485437,97764.42330097087,0.9679645871383254,100293.82912621359,98160.3708737864,2.0,2.0,0.0,0.0,1.0,87134.46213592232,8.726213592233009,8.053009708737862,0.5205648720211827,1.12544066358752,7.34046722249176,0.0
83,32,0,1030.0,0.7262135922330097,101000.0,11.0,198058.25242718446,58252.42718446602,97514.66666666667,1.279611650485437,97764.42330097087,0.9679645871383254,100293.82912621359,98160.3708737864,2.0,2.0,0.0,0.0,1.0,87134.46213592232,8.726213592233009,8.053009708737862,0.5205648720211827,1.12544066358752,7.34046722249176,0.0
83,65,0,1030.0,0.7262135922330097,101000.0,11.0,198058.25242718446,58252.42718446602,97514.66666666667,1.279611650485437,97764.42330097087,0.9679645871383254,100293.82912621359,88643.34368932039,2.0,2.0,0.0,0.2737864077669903,0.7262135922330097,87134.46213592232,8.726213592233009,8.053009708737862,0.5205648720211827,1.12544066358752,7.34046722249176,0.0
83,51,0,1030.0,0.7262135922330097,101000.0,11.0,198058.25242718446,58252.42718446602,97514.66666666667,1.279611650485437,97764.42330097087,0.9679645871383254,100293.82912621359,42041.40194174757,2.0,2.0,0.2737864077669903,0.7262135922330097,0.0,87134.46213592232,8.726213592233009,8.053009708737862,0.5205648720211827,1.12544066358752,7.34046722249176,0.0
84,62,1,914.0,0.5722100656455142,116000.0,14.0,324945.295404814,65645.51422319475,101415.0,1.3927789934354486,99553.8260393873,0.8582226382705802,225391.4693654267,96492.41903719913,2.0,1.0,0.0,0.5722100656455142,0.42778993435448576,92629.8260393873,8.0,7.0,0.35714285714285715,0.8654266958424508,6.8028432732316215,0.0
84,52,1,914.0,0.5722100656455142,116000.0,14.0,324945.295404814,65645.51422319475,101415.0,1.3927789934354486,99553.8260393873,0.8582226382705802,225391.4693654267,56901.316192560174,2.0,1.0,0.42778993435448576,0.5722100656455142,0.0,92629.8260393873,8.0,7.0,0.35714285714285715,0.8654266958424508,6.8028432732316215,0.0
84,51,1,914.0,0.5722100656455142,116000.0,14.0,324945.295404814,65645.51422319475,101415.0,1.3927789934354486,99553.8260393873,0.8582226382705802,225391.4693654267,75384.4146608315,2.0,1.0,0.5722100656455142,0.42778993435448576,0.0,92629.8260393873,8.0,7.0,0.35714285714285715,0.8654266958424508,6.8028432732316215,0.0
84,67,0,914.0,0.5722100656455142,116000.0,14.0,324945.295404814,65645.51422319475,101415.0,1.3927789934354486,104096.4409190372,0.8973831113710103,220848.8544857768,91955.36542669585,2.0,2.0,0.0,0.5722100656455142,0.42778993435448576,94210.10940919037,8.572210065645514,7.829704595185995,0.4388871522350734,1.1671829886664529,7.3677042886581665,0.0
84,21,0,914.0,0.5722100656455142,116000.0,14.0,324945.295404814,65645.51422319475,101415.0,1.3927789934354486,102829.20897155361,0.8864586980306346,222116.08643326038,53625.933260393875,2.0,2.0,0.42778993435448576,0.5722100656455142,0.0,94506.28446389496,8.427789934354486,7.620295404814004,0.4182557049077837,1.0910227006114466,7.225138984573456,0.0
84,61,0,914.0,0.5722100656455142,116000.0,14.0,324945.295404814,65645.51422319475,101415.0,1.3927789934354486,104580.69912472648,0.9015577510752283,220364.5962800875,79181.16630196937,2.0,2.0,0.42778993435448576,0.0,0.5722100656455142,94694.36761487965,8.572210065645514,7.829704595185995,0.4388871522350734,1.1671829886664529,7.3677042886581665,0.0
84,29,0,914.0,0.5722100656455142,116000.0,14.0,324945.295404814,65645.51422319475,101415.0,1.3927789934354486,104096.4409190372,0.8973831113710103,220848.8544857768,91955.36542669585,2.0,2.0,0.0,1.0,0.0,94210.10940919037,8.572210065645514,7.829704595185995,0.4388871522350734,1.1671829886664529,7.3677042886581665,0.0
84,14,0,914.0,0.5722100656455142,116000.0,14.0,324945.295404814,65645.51422319475,101415.0,1.3927789934354486,107846.87527352298,0.9297144420131291,217098.42013129103,117047.42013129103,2.0,1.0,0.0,0.42778993435448576,0.5722100656455142,95745.87527352298,9.0,8.45,0.5,1.3927789934354486,7.789999999999999,0.0
84,3,0,914.0,0.5722100656455142,116000.0,14.0,324945.295404814,65645.51422319475,101415.0,1.3927789934354486,104096.4409190372,0.8973831113710103,220848.8544857768,79665.42450765864,2.0,2.0,0.42778993435448576,0.0,0.5722100656455142,94210.10940919037,8.572210065645514,7.829704595185995,0.4388871522350734,1.1671829886664529,7.3677042886581665,0.0
84,5,0,914.0,0.5722100656455142,116000.0,14.0,324945.295404814,65645.51422319475,101415.0,1.3927789934354486,104580.69912472648,0.9015577510752283,220364.5962800875,119262.0886214442,2.0,2.0,0.0,0.42778993435448576,0.5722100656455142,94694.36761487965,8.572210065645514,7.829704595185995,0.4388871522350734,1.1671829886664529,7.3677042886581665,0.0
84,19,0,914.0,0.5722100656455142,116000.0,14.0,324945.295404814,65645.51422319475,101415.0,1.3927789934354486,103946.01531728666,0.8960863389421263,220999.28008752735,52509.12691466083,2.0,2.0,1.0,0.0,0.0,95161.29102844639,8.572210065645514,7.829704595185995,0.4388871522350734,1.1671829886664529,7.3677042886581665,0.0
84,18,0,914.0,0.5722100656455142,116000.0,14.0,324945.295404814,65645.51422319475,101415.0,1.3927789934354486,103995.74070021881,0.8965150060363691,220949.55470459518,93597.39277899344,2.0,2.0,0.0,0.5722100656455142,0.42778993435448576,94857.07221006564,8.427789934354486,7.620295404814004,0.4182557049077837,1.0910227006114466,7.225138984573456,0.0
85,41,1,1010.0,0.7594059405940594,120000.0,8.0,248514.8514851485,59405.94059405941,98521.0,1.205940594059406,93812.39405940594,0.7817699504950495,154702.45742574258,60643.05148514851,2.0,1.0,0.24059405940594059,0.7594059405940594,0.0,81406.40198019802,9.0,8.45,0.875,1.205940594059406,6.665000000000001,0.0
85,30,1,1010.0,0.7594059405940594,120000.0,8.0,248514.8514851485,59405.94059405941,98521.0,1.205940594059406,93674.02178217821,0.7806168481848185,154840.8297029703,81694.1,2.0,2.0,0.0,1.0,0.0,82312.92475247524,8.759405940594059,8.101138613861385,0.8148514851485148,1.1063680031369474,6.586465744041026,0.0
85,7,1,1010.0,0.7594059405940594,120000.0,8.0,248514.8514851485,59405.94059405941,98521.0,1.205940594059406,94179.78613861387,0.7848315511551155,154335.06534653465,81188.33564356435,2.0,2.0,0.0,1.0,0.0,82818.6891089109,8.759405940594059,8.101138613861385,0.8148514851485148,1.1063680031369474,6.586465744041026,0.0
85,67,0,1010.0,0.7594059405940594,120000.0,8.0,248514.8514851485,59405.94059405941,98521.0,1.205940594059406,94842.9811881188,0.7903581765676567,153671.8702970297,59612.464356435645,2.0,2.0,0.24059405940594059,0.7594059405940594,0.0,86969.43465346535,8.240594059405941,7.348861386138614,0.6851485148514852,0.8916517988432507,6.417116155059532,0.0
85,6,0,1010.0,0.7594059405940594,120000.0,8.0,248514.8514851485,59405.94059405941,98521.0,1.205940594059406,95058.77920792079,0.7921564933993399,153456.07227722774,80321.85346534653,2.0,1.0,0.0,1.0,0.0,88226.77920792079,8.0,7.0,0.625,0.7920792079207921,6.338581899100558,0.0
85,22,0,1010.0,0.7594059405940594,120000.0,8.0,248514.8514851485,59405.94059405941,98521.0,1.205940594059406,95058.77920792079,0.7921564933993399,153456.07227722774,80321.85346534653,2.0,1.0,0.0,1.0,0.0,88226.77920792079,8.0,7.0,0.625,0.7920792079207921,6.338581899100558,0.0
85,64,0,1010.0,0.7594059405940594,120000.0,8.0,248514.8514851485,59405.94059405941,98521.0,1.205940594059406,95236.33762376237,0.7936361468646864,153278.51386138613,78886.9504950495,2.0,2.0,0.0,1.0,0.0,86969.43465346535,8.240594059405941,7.348861386138614,0.6851485148514852,0.8916517988432507,6.417116155059532,0.0
85,17,0,1010.0,0.7594059405940594,120000.0,8.0,248514.8514851485,59405.94059405941,98521.0,1.205940594059406,95046.26831683169,0.7920522359735973,153468.58316831684,59409.17722772277,2.0,1.0,0.24059405940594059,0.7594059405940594,0.0,88214.26831683169,8.0,7.0,0.625,0.7920792079207921,6.338581899100558,0.0
85,50,0,1010.0,0.7594059405940594,120000.0,8.0,248514.8514851485,59405.94059405941,98521.0,1.205940594059406,95046.26831683169,0.7920522359735973,153468.58316831684,59409.17722772277,2.0,1.0,0.24059405940594059,0.7594059405940594,0.0,88214.26831683169,8.0,7.0,0.625,0.7920792079207921,6.338581899100558,0.0
85,3,0,1010.0,0.7594059405940594,120000.0,8.0,248514.8514851485,59405.94059405941,98521.0,1.205940594059406,95236.33762376237,0.7936361468646864,153278.51386138613,78886.9504950495,2.0,2.0,0.0,1.0,0.0,86969.43465346535,8.240594059405941,7.348861386138614,0.6851485148514852,0.8916517988432507,6.417116155059532,0.0
85,44,0,1010.0,0.7594059405940594,120000.0,8.0,248514.8514851485,59405.94059405941,98521.0,1.205940594059406,95310.68118811882,0.7942556765676567,153204.1702970297,80321.85346534653,2.0,1.0,0.0,1.0,0.0,88478.68118811882,8.0,7.0,0.625,0.7920792079207921,6.338581899100558,0.0
85,61,0,1010.0,0.7594059405940594,120000.0,8.0,248514.8514851485,59405.94059405941,98521.0,1.205940594059406,95068.88415841584,0.792240701320132,153445.96732673267,19589.354455445544,2.0,2.0,0.7594059405940594,0.24059405940594059,0.0,86801.9811881188,8.240594059405941,7.348861386138614,0.6851485148514852,0.8916517988432507,6.417116155059532,0.0
86,42,1,1219.0,0.7350287120590648,108000.0,11.0,262510.25430680887,49220.67268252666,99161.0,0.977850697292863,102673.82608695653,0.9506835748792271,159836.42821985233,153273.67186218212,2.0,2.0,0.2649712879409352,0.0,0.7350287120590648,91885.2953240361,8.735028712059064,8.065791632485643,0.6550078305615631,0.8776441642815659,6.87717503169513,0.0
86,35,1,1219.0,0.7350287120590648,108000.0,11.0,262510.25430680887,49220.67268252666,99161.0,0.977850697292863,101814.79573420837,0.942729590131559,160695.4585726005,129522.36587366695,2.0,2.0,0.2649712879409352,0.7350287120590648,0.0,91026.26497128794,8.735028712059064,8.065791632485643,0.6550078305615631,0.8776441642815659,6.87717503169513,0.0
86,62,1,1219.0,0.7350287120590648,108000.0,11.0,262510.25430680887,49220.67268252666,99161.0,0.977850697292863,102107.85397867105,0.9454430923951023,160402.40032813782,153839.6439704676,2.0,2.0,0.0,0.2649712879409352,0.7350287120590648,91319.32321575061,8.735028712059064,8.065791632485643,0.6550078305615631,0.8776441642815659,6.87717503169513,0.0
90,51,1,1145.0,0.5860262008733624,108000.0,8.0,147598.25327510916,52401.74672489083,98676.66666666667,1.0890829694323143,95809.15458515284,0.8871218017143782,51789.09868995633,3791.250655021834,2.0,1.0,0.5860262008733624,0.41397379912663756,0.0,84645.44890829694,9.0,8.45,0.875,1.0890829694323143,6.665,0.0
90,64,1,1145.0,0.5860262008733624,108000.0,8.0,147598.25327510916,52401.74672489083,98676.66666666667,1.0890829694323143,96498.73187772925,0.8935067766456413,51099.52139737991,51099.52139737991,2.0,1.0,0.0,1.0,0.0,84345.73187772925,9.0,8.45,0.875,1.0890829694323143,6.665,0.0
90,54,1,1145.0,0.5860262008733624,108000.0,8.0,147598.25327510916,52401.74672489083,98676.66666666667,1.0890829694323143,96116.74148471616,0.8899698285621866,51481.511790393015,20913.82620087336,2.0,1.0,0.41397379912663756,0.5860262008733624,0.0,84667.80349344978,9.0,8.45,0.875,1.0890829694323143,6.665,0.0
92,62,1,1140.0,0.6280701754385964,115000.0,7.0,207894.73684210525,52631.57894736842,99688.33333333333,0.9964912280701754,96544.99649122807,0.8395217086193745,111349.7403508772,53455.00350877193,2.0,1.0,0.3719298245614035,0.6280701754385964,0.0,89222.99649122807,8.0,7.0,0.7142857142857143,0.6728070175438596,6.104431961594615,0.0
92,27,1,1140.0,0.6280701754385964,115000.0,7.0,207894.73684210525,52631.57894736842,99688.33333333333,0.9964912280701754,95390.48771929824,0.8294825019069413,112504.24912280701,54609.512280701754,2.0,1.0,0.3719298245614035,0.6280701754385964,0.0,88068.48771929824,8.0,7.0,0.7142857142857143,0.6728070175438596,6.104431961594615,0.0
92,41,1,1140.0,0.6280701754385964,115000.0,7.0,207894.73684210525,52631.57894736842,99688.33333333333,0.9964912280701754,96225.13684210526,0.8367403203661328,111669.6,69564.33684210526,2.0,2.0,0.0,1.0,0.0,87395.7052631579,8.371929824561404,7.5392982456140345,0.7674185463659148,0.7931948291782087,6.332848745803535,0.0
93,36,1,748.0,0.6778074866310161,109000.0,9.0,332887.7005347594,80213.9037433155,106468.33333333333,1.6724598930481283,106956.36229946524,0.9812510302703233,225931.33823529413,184487.48796791444,2.0,1.0,0.32219251336898397,0.6778074866310161,0.0,99930.36229946524,8.0,7.0,0.5555555555555556,0.9893048128342246,6.163353855174436,0.0
93,44,1,748.0,0.6778074866310161,109000.0,9.0,332887.7005347594,80213.9037433155,106468.33333333333,1.6724598930481283,106551.6885026738,0.9775384266300349,226336.01203208556,184892.16176470587,2.0,1.0,0.0,1.0,0.0,99525.6885026738,8.0,7.0,0.5555555555555556,0.9893048128342246,6.163353855174436,0.0
93,24,1,748.0,0.6778074866310161,109000.0,9.0,332887.7005347594,80213.9037433155,106468.33333333333,1.6724598930481283,106956.36229946524,0.9812510302703233,225931.33823529413,126897.49197860963,2.0,1.0,1.0,0.0,0.0,99930.36229946524,8.0,7.0,0.5555555555555556,0.9893048128342246,6.163353855174436,0.0
93,57,0,748.0,0.6778074866310161,109000.0,9.0,332887.7005347594,80213.9037433155,106468.33333333333,1.6724598930481283,107877.16844919787,0.989698793111907,225010.53208556148,125983.12967914439,2.0,1.0,0.6778074866310161,0.32219251336898397,0.0,100851.16844919787,8.0,7.0,0.5555555555555556,0.9893048128342246,6.163353855174436,0.0
93,18,0,748.0,0.6778074866310161,109000.0,9.0,332887.7005347594,80213.9037433155,106468.33333333333,1.6724598930481283,107909.70989304813,0.9899973384683315,224977.99064171122,183534.14037433156,2.0,1.0,0.32219251336898397,0.6778074866310161,0.0,100883.70989304813,8.0,7.0,0.5555555555555556,0.9893048128342246,6.163353855174436,0.0
93,52,0,748.0,0.6778074866310161,109000.0,9.0,332887.7005347594,80213.9037433155,106468.33333333333,1.6724598930481283,107877.16844919787,0.989698793111907,225010.53208556148,183566.68181818182,2.0,1.0,0.0,1.0,0.0,100851.16844919787,8.0,7.0,0.5555555555555556,0.9893048128342246,6.163353855174436,0.0
93,39,0,748.0,0.6778074866310161,109000.0,9.0,332887.7005347594,80213.9037433155,106468.33333333333,1.6724598930481283,107877.16844919787,0.989698793111907,225010.53208556148,125983.12967914439,2.0,1.0,1.0,0.0,0.0,100851.16844919787,8.0,7.0,0.5555555555555556,0.9893048128342246,6.163353855174436,0.0
93,30,0,748.0,0.6778074866310161,109000.0,9.0,332887.7005347594,80213.9037433155,106468.33333333333,1.6724598930481283,107877.16844919787,0.989698793111907,225010.53208556148,125983.12967914439,2.0,1.0,0.6778074866310161,0.32219251336898397,0.0,100851.16844919787,8.0,7.0,0.5555555555555556,0.9893048128342246,6.163353855174436,0.0
93,12,0,748.0,0.6778074866310161,109000.0,9.0,332887.7005347594,80213.9037433155,106468.33333333333,1.6724598930481283,107877.16844919787,0.989698793111907,225010.53208556148,125983.12967914439,2.0,1.0,0.6778074866310161,0.32219251336898397,0.0,100851.16844919787,8.0,7.0,0.5555555555555556,0.9893048128342246,6.163353855174436,0.0
93,47,0,748.0,0.6778074866310161,109000.0,9.0,332887.7005347594,80213.9037433155,106468.33333333333,1.6724598930481283,107877.16844919787,0.989698793111907,225010.53208556148,183566.68181818182,2.0,1.0,0.0,1.0,0.0,100851.16844919787,8.0,7.0,0.5555555555555556,0.9893048128342246,6.163353855174436,0.0
93,61,0,748.0,0.6778074866310161,109000.0,9.0,332887.7005347594,80213.9037433155,106468.33333333333,1.6724598930481283,107877.16844919787,0.989698793111907,225010.53208556148,125983.12967914439,2.0,1.0,0.6778074866310161,0.32219251336898397,0.0,100851.16844919787,8.0,7.0,0.5555555555555556,0.9893048128342246,6.163353855174436,0.0
94,66,1,654.0,0.7966360856269113,102000.0,9.0,258409.78593272172,91743.11926605504,94988.0,1.6957186544342508,90786.5366972477,0.8900640852671344,167623.249235474,103403.06574923548,2.0,1.0,1.0,0.0,0.0,79986.26146788991,9.0,8.45,0.7777777777777778,1.6957186544342508,6.956666666666666,0.0
94,60,1,654.0,0.7966360856269113,102000.0,9.0,258409.78593272172,91743.11926605504,94988.0,1.6957186544342508,92604.54892966361,0.9078877346045452,165805.2370030581,103114.10550458716,2.0,1.0,0.20336391437308868,0.0,0.7966360856269113,80529.00764525995,9.0,8.45,0.7777777777777778,1.6957186544342508,6.956666666666666,0.0
94,42,1,654.0,0.7966360856269113,102000.0,9.0,258409.78593272172,91743.11926605504,94988.0,1.6957186544342508,92524.54892966361,0.9071034208790549,165885.2370030581,103194.10550458716,2.0,1.0,0.0,0.20336391437308868,0.7966360856269113,80124.54892966361,9.0,8.45,0.7777777777777778,1.6957186544342508,6.956666666666666,0.0
95,51,1,765.0,0.615686274509804,120000.0,7.0,203921.568627451,78431.37254901961,101124.0,1.6967320261437908,96580.81960784314,0.8048401633986928,107340.74901960784,69908.76470588235,2.0,1.0,0.615686274509804,0.3843137254901961,0.0,89858.81960784314,8.0,7.0,0.7142857142857143,1.096732026143791,6.062751971954426,0.0
95,38,1,765.0,0.615686274509804,120000.0,7.0,203921.568627451,78431.37254901961,101124.0,1.6967320261437908,97458.47450980393,0.812153954248366,106463.09411764707,90776.81960784314,2.0,2.0,0.0,1.0,0.0,87297.86666666667,8.615686274509804,7.8927450980392155,0.8901960784313726,1.466143790849673,6.202665463731505,0.0
95,21,1,765.0,0.615686274509804,120000.0,7.0,203921.568627451,78431.37254901961,101124.0,1.6967320261437908,96580.81960784314,0.8048401633986928,107340.74901960784,91654.47450980393,2.0,1.0,0.0,0.3843137254901961,0.615686274509804,89858.81960784314,8.0,7.0,0.7142857142857143,1.096732026143791,6.062751971954426,0.0
97,66,1,1096.0,0.5593065693430657,125000.0,11.0,201642.33576642335,54744.52554744526,101134.0,1.1222627737226278,98495.4041970803,0.7879632335766423,103146.93156934307,76857.049270073,2.0,1.0,0.0,0.5593065693430657,0.4406934306569343,91576.4041970803,8.0,7.0,0.45454545454545453,0.6815693430656934,6.7651954684084625,0.0
97,17,1,1096.0,0.5593065693430657,125000.0,11.0,201642.33576642335,54744.52554744526,101134.0,1.1222627737226278,99186.72445255474,0.793493795620438,102455.61131386862,57747.58211678832,2.0,1.0,0.4406934306569343,0.0,0.5593065693430657,92267.72445255474,8.0,7.0,0.45454545454545453,0.6815693430656934,6.7651954684084625,0.0
97,36,1,1096.0,0.5593065693430657,125000.0,11.0,201642.33576642335,54744.52554744526,101134.0,1.1222627737226278,98495.4041970803,0.7879632335766423,103146.93156934307,58438.902372262775,2.0,1.0,0.0,0.4406934306569343,0.5593065693430657,91576.4041970803,8.0,7.0,0.45454545454545453,0.6815693430656934,6.7651954684084625,0.0
97,60,0,1096.0,0.5593065693430657,125000.0,11.0,201642.33576642335,54744.52554744526,101134.0,1.1222627737226278,101726.58850364963,0.813812708029197,99915.74726277373,55207.71806569343,2.0,2.0,0.5593065693430657,0.4406934306569343,0.0,92457.15875912408,8.559306569343066,7.810994525547444,0.5562375580623756,0.9280520738984496,7.109568142307081,0.0
97,4,0,1096.0,0.5593065693430657,125000.0,11.0,201642.33576642335,54744.52554744526,101134.0,1.1222627737226278,101801.48266423358,0.8144118613138687,99840.85310218978,33235.01368613139,2.0,2.0,0.4406934306569343,0.5593065693430657,0.0,91499.79653284671,8.559306569343066,7.810994525547444,0.5562375580623756,0.9280520738984496,7.109568142307081,0.0
97,39,0,1096.0,0.5593065693430657,125000.0,11.0,201642.33576642335,54744.52554744526,101134.0,1.1222627737226278,103742.47354014599,0.8299397883211679,97899.86222627737,53191.83302919708,2.0,1.0,0.5593065693430657,0.4406934306569343,0.0,91799.02737226278,9.0,8.45,0.6363636363636364,1.1222627737226278,7.380909090909091,0.0
97,33,0,1096.0,0.5593065693430657,125000.0,11.0,201642.33576642335,54744.52554744526,101134.0,1.1222627737226278,101801.48266423358,0.8144118613138687,99840.85310218978,73557.1405109489,2.0,2.0,0.0,0.5593065693430657,0.4406934306569343,91499.79653284671,8.559306569343066,7.810994525547444,0.5562375580623756,0.9280520738984496,7.109568142307081,0.0
97,5,0,1096.0,0.5593065693430657,125000.0,11.0,201642.33576642335,54744.52554744526,101134.0,1.1222627737226278,104791.58759124088,0.838332700729927,96850.74817518248,52142.71897810219,2.0,1.0,0.0,1.0,0.0,91824.58759124088,9.0,8.45,0.6363636363636364,1.1222627737226278,7.380909090909091,0.0
97,16,0,1096.0,0.5593065693430657,125000.0,11.0,201642.33576642335,54744.52554744526,101134.0,1.1222627737226278,101810.61313868614,0.814484905109489,99831.72262773722,55123.69343065693,2.0,2.0,0.0,1.0,0.0,92226.299270073,8.440693430656934,7.639005474452554,0.5346715328467153,0.8757800428898715,7.036536417010472,0.0
97,0,0,1096.0,0.5593065693430657,125000.0,11.0,201642.33576642335,54744.52554744526,101134.0,1.1222627737226278,103361.23540145985,0.8268898832116788,98281.10036496351,31675.26094890511,2.0,1.0,1.0,0.0,0.0,92239.0155109489,9.0,8.45,0.6363636363636364,1.1222627737226278,7.380909090909091,0.0
97,53,0,1096.0,0.5593065693430657,125000.0,11.0,201642.33576642335,54744.52554744526,101134.0,1.1222627737226278,101801.48266423358,0.8144118613138687,99840.85310218978,55132.823905109486,2.0,2.0,0.0,1.0,0.0,91499.79653284671,8.559306569343066,7.810994525547444,0.5562375580623756,0.9280520738984496,7.109568142307081,0.0
97,49,0,1096.0,0.5593065693430657,125000.0,11.0,201642.33576642335,54744.52554744526,101134.0,1.1222627737226278,104173.75912408759,0.8333900729927007,97468.57664233577,52760.54744525548,2.0,1.0,0.5593065693430657,0.4406934306569343,0.0,92239.0155109489,9.0,8.45,0.6363636363636364,1.1222627737226278,7.380909090909091,0.0
98,21,1,705.0,0.5531914893617021,110000.0,12.0,323404.25531914894,85106.3829787234,96051.66666666667,1.6453900709219857,92346.08226950355,0.8395098388136686,231058.17304964538,120419.87517730496,2.0,1.0,1.0,0.0,0.0,81274.5744680851,9.0,8.45,0.5833333333333334,1.6453900709219857,7.539999999999998,0.0
98,24,1,705.0,0.5531914893617021,110000.0,12.0,323404.25531914894,85106.3829787234,96051.66666666667,1.6453900709219857,94049.66524822696,0.8549969568020632,229354.590070922,130672.3205673759,2.0,2.0,0.5531914893617021,0.0,0.44680851063829785,84696.36170212766,8.553191489361701,7.802127659574468,0.5088652482269503,1.4039233438961825,7.150108323079418,0.0
98,2,1,705.0,0.5531914893617021,110000.0,12.0,323404.25531914894,85106.3829787234,96051.66666666667,1.6453900709219857,93582.08510638298,0.8507462282398452,229822.17021276595,155309.68085106384,2.0,1.0,0.0,0.5531914893617021,0.44680851063829785,80885.08510638298,9.0,8.45,0.5833333333333334,1.6453900709219857,7.539999999999998,0.0
98,70,0,705.0,0.5531914893617021,110000.0,12.0,323404.25531914894,85106.3829787234,96051.66666666667,1.6453900709219857,97717.53191489361,0.8883411992263056,225686.72340425532,127478.07092198581,2.0,1.0,0.5531914893617021,0.44680851063829785,0.0,90500.53191489361,8.0,7.0,0.4166666666666667,1.1049645390070921,6.66738529451108,0.0
98,49,0,705.0,0.5531914893617021,110000.0,12.0,323404.25531914894,85106.3829787234,96051.66666666667,1.6453900709219857,97243.91489361702,0.884035589941973,226160.3404255319,115522.0425531915,2.0,1.0,0.44680851063829785,0.5531914893617021,0.0,90026.91489361702,8.0,7.0,0.4166666666666667,1.1049645390070921,6.66738529451108,0.0
98,56,0,705.0,0.5531914893617021,110000.0,12.0,323404.25531914894,85106.3829787234,96051.66666666667,1.6453900709219857,97717.53191489361,0.8883411992263056,225686.72340425532,155459.12765957447,2.0,1.0,0.0,1.0,0.0,90500.53191489361,8.0,7.0,0.4166666666666667,1.1049645390070921,6.66738529451108,0.0
98,34,0,705.0,0.5531914893617021,110000.0,12.0,323404.25531914894,85106.3829787234,96051.66666666667,1.6453900709219857,97103.1914893617,0.8827562862669246,226301.06382978722,128084.36879432623,2.0,1.0,0.5531914893617021,0.0,0.44680851063829785,89886.1914893617,8.0,7.0,0.4166666666666667,1.1049645390070921,6.66738529451108,0.0
98,1,0,705.0,0.5531914893617021,110000.0,12.0,323404.25531914894,85106.3829787234,96051.66666666667,1.6453900709219857,97717.53191489361,0.8883411992263056,225686.72340425532,127478.07092198581,2.0,1.0,0.5531914893617021,0.0,0.44680851063829785,90500.53191489361,8.0,7.0,0.4166666666666667,1.1049645390070921,6.66738529451108,0.0
98,43,0,705.0,0.5531914893617021,110000.0,12.0,323404.25531914894,85106.3829787234,96051.66666666667,1.6453900709219857,97717.53191489361,0.8883411992263056,225686.72340425532,155459.12765957447,2.0,1.0,0.0,0.5531914893617021,0.44680851063829785,90500.53191489361,8.0,7.0,0.4166666666666667,1.1049645390070921,6.66738529451108,0.0
98,69,0,705.0,0.5531914893617021,110000.0,12.0,323404.25531914894,85106.3829787234,96051.66666666667,1.6453900709219857,95803.48936170213,0.8709408123791103,227600.7659574468,116962.46808510639,2.0,2.0,0.44680851063829785,0.5531914893617021,0.0,85555.0,8.553191489361701,7.802127659574468,0.5088652482269503,1.4039233438961825,7.150108323079418,0.0
98,62,0,705.0,0.5531914893617021,110000.0,12.0,323404.25531914894,85106.3829787234,96051.66666666667,1.6453900709219857,96633.14893617021,0.8784831721470019,226771.10638297873,177567.90070921986,2.0,1.0,0.0,0.44680851063829785,0.5531914893617021,89416.14893617021,8.0,7.0,0.4166666666666667,1.1049645390070921,6.66738529451108,0.0
98,58,0,705.0,0.5531914893617021,110000.0,12.0,323404.25531914894,85106.3829787234,96051.66666666667,1.6453900709219857,97243.91489361702,0.884035589941973,226160.3404255319,177567.90070921986,2.0,1.0,0.0,0.44680851063829785,0.5531914893617021,90026.91489361702,8.0,7.0,0.4166666666666667,1.1049645390070921,6.66738529451108,0.0
99,19,1,1200.0,0.7958333333333333,108000.0,11.0,190833.33333333334,50000.0,100935.33333333333,1.0891666666666666,93225.27333333333,0.8631969753086419,97608.06,47463.10333333333,2.0,1.0,1.0,0.0,0.0,82680.89166666666,9.0,8.45,0.6363636363636364,1.0891666666666666,7.38090909090909,0.0
99,47,1,1200.0,0.7958333333333333,108000.0,11.0,190833.33333333334,50000.0,100935.33333333333,1.0891666666666666,95380.08166666667,0.8831489043209877,95453.25166666666,48012.16416666667,2.0,2.0,1.0,0.0,0.0,85442.00833333333,8.795833333333333,8.153958333333334,0.5992424242424242,0.9938888888888889,7.14723106060606,0.0
99,69,1,1200.0,0.7958333333333333,108000.0,11.0,190833.33333333334,50000.0,100935.33333333333,1.0891666666666666,93011.54416666667,0.8612180015432098,97821.78916666667,48012.16416666667,2.0,1.0,0.7958333333333333,0.20416666666666666,0.0,82118.58333333333,9.0,8.45,0.6363636363636364,1.0891666666666666,7.38090909090909,0.0
99,28,0,1200.0,0.7958333333333333,108000.0,11.0,190833.33333333334,50000.0,100935.33333333333,1.0891666666666666,97489.57083333333,0.9026812114197531,93343.7625,70843.7625,2.0,2.0,0.20416666666666666,0.7958333333333333,0.0,86246.45833333333,8.795833333333333,8.153958333333334,0.5992424242424242,0.9938888888888889,7.14723106060606,0.0
99,27,0,1200.0,0.7958333333333333,108000.0,11.0,190833.33333333334,50000.0,100935.33333333333,1.0891666666666666,97245.3875,0.9004202546296296,93587.94583333333,91277.9875,2.0,2.0,0.0,1.0,0.0,86002.275,8.795833333333333,8.153958333333334,0.5992424242424242,0.9938888888888889,7.14723106060606,0.0
99,9,0,1200.0,0.7958333333333333,108000.0,11.0,190833.33333333334,50000.0,100935.33333333333,1.0891666666666666,95624.265,0.8854098611111111,95209.06833333333,48012.16416666667,2.0,2.0,0.7958333333333333,0.20416666666666666,0.0,85686.19166666667,8.795833333333333,8.153958333333334,0.5992424242424242,0.9938888888888889,7.14723106060606,0.0
99,49,0,1200.0,0.7958333333333333,108000.0,11.0,190833.33333333334,50000.0,100935.33333333333,1.0891666666666666,97489.57083333333,0.9026812114197531,93343.7625,70843.7625,2.0,2.0,0.20416666666666666,0.7958333333333333,0.0,86246.45833333333,8.795833333333333,8.153958333333334,0.5992424242424242,0.9938888888888889,7.14723106060606,0.0
99,8,0,1200.0,0.7958333333333333,108000.0,11.0,190833.33333333334,50000.0,100935.33333333333,1.0891666666666666,95624.265,0.8854098611111111,95209.06833333333,48012.16416666667,2.0,2.0,1.0,0.0,0.0,85686.19166666667,8.795833333333333,8.153958333333334,0.5992424242424242,0.9938888888888889,7.14723106060606,0.0
99,10,0,1200.0,0.7958333333333333,108000.0,11.0,190833.33333333334,50000.0,100935.33333333333,1.0891666666666666,96173.32583333334,0.8904937577160493,94660.0075,47463.10333333333,2.0,2.0,1.0,0.0,0.0,86246.45833333333,8.795833333333333,8.153958333333334,0.5992424242424242,0.9938888888888889,7.14723106060606,0.0
99,34,0,1200.0,0.7958333333333333,108000.0,11.0,190833.33333333334,50000.0,100935.33333333333,1.0891666666666666,95929.1425,0.8882328009259259,94904.19083333333,47463.10333333333,2.0,2.0,0.7958333333333333,0.0,0.20416666666666666,86002.275,8.795833333333333,8.153958333333334,0.5992424242424242,0.9938888888888889,7.14723106060606,0.0
99,53,0,1200.0,0.7958333333333333,108000.0,11.0,190833.33333333334,50000.0,100935.33333333333,1.0891666666666666,97245.3875,0.9004202546296296,93587.94583333333,71087.94583333333,2.0,2.0,0.20416666666666666,0.7958333333333333,0.0,86002.275,8.795833333333333,8.153958333333334,0.5992424242424242,0.9938888888888889,7.14723106060606,0.0
99,71,0,1200.0,0.7958333333333333,108000.0,11.0,190833.33333333334,50000.0,100935.33333333333,1.0891666666666666,97245.3875,0.9004202546296296,93587.94583333333,71087.94583333333,2.0,2.0,0.20416666666666666,0.7958333333333333,0.0,86002.275,8.795833333333333,8.153958333333334,0.5992424242424242,0.9938888888888889,7.14723106060606,0.0
101,45,1,609.0,0.7389162561576355,101000.0,10.0,336617.4055829228,98522.16748768472,96228.0,2.0476190476190474,90968.51231527094,0.9006783397551578,245648.89326765187,99735.18062397373,2.0,2.0,0.7389162561576355,0.26108374384236455,0.0,81578.27586206897,8.738916256157635,8.071428571428571,0.5738916256157636,1.8444110105397689,7.237186106902007,0.0
101,0,1,609.0,0.7389162561576355,101000.0,10.0,336617.4055829228,98522.16748768472,96228.0,2.0476190476190474,90764.43513957308,0.8986577736591393,245852.97044334977,122700.26108374384,2.0,1.0,0.26108374384236455,0.7389162561576355,0.0,79302.40886699507,9.0,8.45,0.6,2.0476190476190474,7.489999999999999,0.0
101,56,1,609.0,0.7389162561576355,101000.0,10.0,336617.4055829228,98522.16748768472,96228.0,2.0476190476190474,89833.32019704433,0.8894388138321221,246784.08538587848,99735.18062397373,2.0,1.0,0.7389162561576355,0.26108374384236455,0.0,79125.39408866996,9.0,8.45,0.6,2.0476190476190474,7.489999999999999,0.0
101,70,0,609.0,0.7389162561576355,101000.0,10.0,336617.4055829228,98522.16748768472,96228.0,2.0476190476190474,95417.24137931035,0.9447251621713896,241200.16420361248,95283.57963875205,2.0,1.0,1.0,0.0,0.0,88586.24137931035,8.0,7.0,0.5,1.2692939244663382,6.521675088700141,0.0
101,25,0,609.0,0.7389162561576355,101000.0,10.0,336617.4055829228,98522.16748768472,96228.0,2.0476190476190474,95147.63054187193,0.942055747939326,241469.7750410509,138941.37602627257,2.0,2.0,0.0,0.7389162561576355,0.26108374384236455,86998.9408866995,8.261083743842365,7.378571428571429,0.5261083743842365,1.472501961545617,6.774488981798134,0.0
101,40,0,609.0,0.7389162561576355,101000.0,10.0,336617.4055829228,98522.16748768472,96228.0,2.0476190476190474,95324.64532019704,0.9438083695069014,241292.7602627258,94423.48111658456,2.0,2.0,0.7389162561576355,0.26108374384236455,0.0,87175.95566502464,8.261083743842365,7.378571428571429,0.5261083743842365,1.472501961545617,6.774488981798134,0.0
101,57,0,609.0,0.7389162561576355,101000.0,10.0,336617.4055829228,98522.16748768472,96228.0,2.0476190476190474,94464.54679802955,0.9352925425547481,242152.85878489327,139801.47454844008,2.0,2.0,0.0,1.0,0.0,86315.85714285714,8.261083743842365,7.378571428571429,0.5261083743842365,1.472501961545617,6.774488981798134,0.0
101,47,0,609.0,0.7389162561576355,101000.0,10.0,336617.4055829228,98522.16748768472,96228.0,2.0476190476190474,95432.12315270936,0.9448725064624689,241185.28243021347,118032.57307060756,2.0,1.0,0.26108374384236455,0.7389162561576355,0.0,88601.12315270936,8.0,7.0,0.5,1.2692939244663382,6.521675088700141,0.0
101,42,0,609.0,0.7389162561576355,101000.0,10.0,336617.4055829228,98522.16748768472,96228.0,2.0476190476190474,95710.960591133,0.9476332731795347,240906.44499178982,141119.16420361248,2.0,1.0,0.0,1.0,0.0,88879.960591133,8.0,7.0,0.5,1.2692939244663382,6.521675088700141,0.0
101,48,0,609.0,0.7389162561576355,101000.0,10.0,336617.4055829228,98522.16748768472,96228.0,2.0476190476190474,96575.49753694581,0.9561930449202556,240041.908045977,140259.065681445,2.0,1.0,0.0,0.7389162561576355,0.26108374384236455,89744.49753694581,8.0,7.0,0.5,1.2692939244663382,6.521675088700141,0.0
101,19,0,609.0,0.7389162561576355,101000.0,10.0,336617.4055829228,98522.16748768472,96228.0,2.0476190476190474,92909.4039408867,0.9198950885236307,243708.00164203614,143901.92282430214,2.0,2.0,0.0,1.0,0.0,82349.09359605912,8.738916256157635,8.071428571428571,0.5738916256157636,1.8444110105397689,7.237186106902007,0.0
101,37,0,609.0,0.7389162561576355,101000.0,10.0,336617.4055829228,98522.16748768472,96228.0,2.0476190476190474,95417.24137931035,0.9447251621713896,241200.16420361248,141119.16420361248,2.0,1.0,0.0,1.0,0.0,88586.24137931035,8.0,7.0,0.5,1.2692939244663382,6.521675088700141,0.0
102,20,1,1136.0,0.5589788732394366,112000.0,12.0,213028.1690140845,52816.90140845071,99853.0,1.0862676056338028,91060.3213028169,0.8130385830608652,121967.8477112676,60348.12940140845,2.0,1.0,0.0,0.4410211267605634,0.5589788732394366,79492.3213028169,9.0,8.450000000000001,0.5833333333333334,1.0862676056338028,7.539999999999999,0.0
102,40,1,1136.0,0.5589788732394366,112000.0,12.0,213028.1690140845,52816.90140845071,99853.0,1.0862676056338028,90167.96742957746,0.8050711377640845,122860.20158450704,61240.483274647886,2.0,1.0,0.5589788732394366,0.4410211267605634,0.0,79492.3213028169,9.0,8.450000000000001,0.5833333333333334,1.0862676056338028,7.539999999999999,0.0
102,6,1,1136.0,0.5589788732394366,112000.0,12.0,213028.1690140845,52816.90140845071,99853.0,1.0862676056338028,90083.21302816902,0.8043144020372234,122944.9559859155,61325.237676056335,2.0,1.0,0.4410211267605634,0.0,0.5589788732394366,79214.42517605633,9.0,8.450000000000001,0.5833333333333334,1.0862676056338028,7.539999999999999,0.0
102,59,0,1136.0,0.5589788732394366,112000.0,12.0,213028.1690140845,52816.90140845071,99853.0,1.0862676056338028,97307.44718309859,0.8688164927062374,115720.72183098592,54101.00352112676,2.0,1.0,0.0,0.4410211267605634,0.5589788732394366,89826.44718309859,8.0,7.0,0.4166666666666667,0.6927816901408451,6.9209499880354155,0.0
102,46,0,1136.0,0.5589788732394366,112000.0,12.0,213028.1690140845,52816.90140845071,99853.0,1.0862676056338028,93818.85563380281,0.8376683538732395,119209.31338028169,77489.35035211267,2.0,2.0,0.0,0.5589788732394366,0.4410211267605634,84053.30897887323,8.558978873239436,7.810519366197183,0.5098298122065728,0.9127320038186869,7.266985866202238,0.0
102,33,0,1136.0,0.5589788732394366,112000.0,12.0,213028.1690140845,52816.90140845071,99853.0,1.0862676056338028,94302.16813380281,0.8419836440518109,118726.00088028169,57106.28257042253,2.0,2.0,0.0,1.0,0.0,85018.7147887324,8.441021126760564,7.639480633802817,0.49017018779342725,0.8663172919559611,7.193964121833177,0.0
102,43,0,1136.0,0.5589788732394366,112000.0,12.0,213028.1690140845,52816.90140845071,99853.0,1.0862676056338028,93298.45070422535,0.8330218812877264,119729.71830985915,58110.0,2.0,2.0,0.0,0.4410211267605634,0.5589788732394366,83532.90404929577,8.558978873239436,7.810519366197183,0.5098298122065728,0.9127320038186869,7.266985866202238,0.0
102,28,0,1136.0,0.5589788732394366,112000.0,12.0,213028.1690140845,52816.90140845071,99853.0,1.0862676056338028,96625.46742957746,0.8627273877640845,116402.70158450704,54782.983274647886,2.0,1.0,0.0,0.4410211267605634,0.5589788732394366,89144.46742957746,8.0,7.0,0.4166666666666667,0.6927816901408451,6.9209499880354155,0.0
102,5,0,1136.0,0.5589788732394366,112000.0,12.0,213028.1690140845,52816.90140845071,99853.0,1.0862676056338028,97827.85211267606,0.8734629652917505,115200.31690140846,53580.59859154929,2.0,1.0,0.5589788732394366,0.4410211267605634,0.0,90346.85211267606,8.0,7.0,0.4166666666666667,0.6927816901408451,6.9209499880354155,0.0
102,53,0,1136.0,0.5589788732394366,112000.0,12.0,213028.1690140845,52816.90140845071,99853.0,1.0862676056338028,97144.1082746479,0.8673581095950704,115884.06073943662,49862.93397887324,2.0,1.0,1.0,0.0,0.0,89663.1082746479,8.0,7.0,0.4166666666666667,0.6927816901408451,6.9209499880354155,0.0
102,12,0,1136.0,0.5589788732394366,112000.0,12.0,213028.1690140845,52816.90140845071,99853.0,1.0862676056338028,97144.1082746479,0.8673581095950704,115884.06073943662,74160.12852112677,2.0,1.0,0.0,0.5589788732394366,0.4410211267605634,89663.1082746479,8.0,7.0,0.4166666666666667,0.6927816901408451,6.9209499880354155,0.0
102,57,0,1136.0,0.5589788732394366,112000.0,12.0,213028.1690140845,52816.90140845071,99853.0,1.0862676056338028,97827.85211267606,0.8734629652917505,115200.31690140846,53580.59859154929,2.0,1.0,0.4410211267605634,0.0,0.5589788732394366,90346.85211267606,8.0,7.0,0.4166666666666667,0.6927816901408451,6.9209499880354155,0.0
103,16,1,1125.0,0.7751111111111111,104000.0,12.0,260444.44444444444,53333.333333333336,100801.33333333333,0.9662222222222222,101611.83377777778,0.9770368632478632,158832.61066666667,22624.28088888889,2.0,2.0,0.7751111111111111,0.0,0.2248888888888889,92055.39111111111,8.77511111111111,8.123911111111111,0.5458518518518519,0.916246913580247,7.272382222222221,0.0
103,53,1,1125.0,0.7751111111111111,104000.0,12.0,260444.44444444444,53333.333333333336,100801.33333333333,0.9662222222222222,102550.87733333334,0.9860661282051282,157893.5671111111,67226.90044444444,2.0,1.0,0.2248888888888889,0.7751111111111111,0.0,90823.18133333333,9.0,8.45,0.5833333333333334,0.9662222222222222,7.54,0.0
103,48,1,1125.0,0.7751111111111111,104000.0,12.0,260444.44444444444,53333.333333333336,100801.33333333333,0.9662222222222222,103008.02577777777,0.9904617863247863,157436.41866666666,89015.536,2.0,2.0,0.0,1.0,0.0,92055.39111111111,8.77511111111111,8.123911111111111,0.5458518518518519,0.916246913580247,7.272382222222221,0.0
103,70,0,1125.0,0.7751111111111111,104000.0,12.0,260444.44444444444,53333.333333333336,100801.33333333333,0.9662222222222222,103606.41155555556,0.9962154957264957,156838.03288888888,91037.696,2.0,2.0,0.2248888888888889,0.0,0.7751111111111111,92653.77688888888,8.77511111111111,8.123911111111111,0.5458518518518519,0.916246913580247,7.272382222222221,0.0
103,71,0,1125.0,0.7751111111111111,104000.0,12.0,260444.44444444444,53333.333333333336,100801.33333333333,0.9662222222222222,103606.41155555556,0.9962154957264957,156838.03288888888,91037.696,2.0,2.0,0.2248888888888889,0.0,0.7751111111111111,92653.77688888888,8.77511111111111,8.123911111111111,0.5458518518518519,0.916246913580247,7.272382222222221,0.0
103,31,0,1125.0,0.7751111111111111,104000.0,12.0,260444.44444444444,53333.333333333336,100801.33333333333,0.9662222222222222,103606.41155555556,0.9962154957264957,156838.03288888888,88417.15022222222,2.0,2.0,0.0,0.7751111111111111,0.2248888888888889,92653.77688888888,8.77511111111111,8.123911111111111,0.5458518518518519,0.916246913580247,7.272382222222221,0.0
103,4,0,1125.0,0.7751111111111111,104000.0,12.0,260444.44444444444,53333.333333333336,100801.33333333333,0.9662222222222222,103606.41155555556,0.9962154957264957,156838.03288888888,91037.696,2.0,2.0,0.0,0.0,1.0,92653.77688888888,8.77511111111111,8.123911111111111,0.5458518518518519,0.916246913580247,7.272382222222221,0.0
103,23,0,1125.0,0.7751111111111111,104000.0,12.0,260444.44444444444,53333.333333333336,100801.33333333333,0.9662222222222222,103606.41155555556,0.9962154957264957,156838.03288888888,91037.696,2.0,2.0,0.2248888888888889,0.0,0.7751111111111111,92653.77688888888,8.77511111111111,8.123911111111111,0.5458518518518519,0.916246913580247,7.272382222222221,0.0
103,65,0,1125.0,0.7751111111111111,104000.0,12.0,260444.44444444444,53333.333333333336,100801.33333333333,0.9662222222222222,103606.41155555556,0.9962154957264957,156838.03288888888,91037.696,2.0,2.0,0.0,0.0,1.0,92653.77688888888,8.77511111111111,8.123911111111111,0.5458518518518519,0.916246913580247,7.272382222222221,0.0
103,45,0,1125.0,0.7751111111111111,104000.0,12.0,260444.44444444444,53333.333333333336,100801.33333333333,0.9662222222222222,103606.41155555556,0.9962154957264957,156838.03288888888,88417.15022222222,2.0,2.0,0.0,0.7751111111111111,0.2248888888888889,92653.77688888888,8.77511111111111,8.123911111111111,0.5458518518518519,0.916246913580247,7.272382222222221,0.0
104,2,1,945.0,0.5164021164021164,124000.0,14.0,296296.2962962963,63492.06349206349,102906.33333333333,1.143915343915344,99037.5417989418,0.7986898532172726,197258.7544973545,54047.88148148148,2.0,1.0,0.5164021164021164,0.0,0.4835978835978836,87709.59047619048,9.0,8.45,0.5,1.143915343915344,7.789999999999999,0.0
104,45,1,945.0,0.5164021164021164,124000.0,14.0,296296.2962962963,63492.06349206349,102906.33333333333,1.143915343915344,99843.88042328043,0.8051925840587131,196452.41587301588,91254.94285714286,2.0,1.0,0.4835978835978836,0.0,0.5164021164021164,88465.39365079365,9.0,8.45,0.5,1.143915343915344,7.789999999999999,0.0
104,56,1,945.0,0.5164021164021164,124000.0,14.0,296296.2962962963,63492.06349206349,102906.33333333333,1.143915343915344,98574.1671957672,0.7949529612561871,197722.1291005291,53668.32592592593,2.0,1.0,1.0,0.0,0.0,88102.21164021164,9.0,8.45,0.5,1.143915343915344,7.789999999999999,0.0
104,36,0,945.0,0.5164021164021164,124000.0,14.0,296296.2962962963,63492.06349206349,102906.33333333333,1.143915343915344,102188.59682539683,0.8241015873015873,194107.69947089948,53668.32592592593,2.0,2.0,1.0,0.0,0.0,93224.48042328042,8.516402116402116,7.7487830687830686,0.43091458805744515,0.9658285042412027,7.223405242325522,0.0
104,20,0,945.0,0.5164021164021164,124000.0,14.0,296296.2962962963,63492.06349206349,102906.33333333333,1.143915343915344,106972.82010582011,0.8626840331114525,189323.47619047618,61281.148148148146,2.0,1.0,0.4835978835978836,0.5164021164021164,0.0,99610.82010582011,8.0,7.0,0.35714285714285715,0.7756613756613756,6.618376266953214,0.0
104,61,0,945.0,0.5164021164021164,124000.0,14.0,296296.2962962963,63492.06349206349,102906.33333333333,1.143915343915344,106348.49523809523,0.8576491551459293,189947.80105820106,61905.473015873016,2.0,1.0,0.4835978835978836,0.5164021164021164,0.0,98986.49523809523,8.0,7.0,0.35714285714285715,0.7756613756613756,6.618376266953214,0.0
104,48,0,945.0,0.5164021164021164,124000.0,14.0,296296.2962962963,63492.06349206349,102906.33333333333,1.143915343915344,106972.82010582011,0.8626840331114525,189323.47619047618,61281.148148148146,2.0,1.0,0.4835978835978836,0.5164021164021164,0.0,99610.82010582011,8.0,7.0,0.35714285714285715,0.7756613756613756,6.618376266953214,0.0
104,38,0,945.0,0.5164021164021164,124000.0,14.0,296296.2962962963,63492.06349206349,102906.33333333333,1.143915343915344,105668.40211640211,0.8521645331967913,190627.89417989418,100960.15238095238,2.0,1.0,0.0,0.0,1.0,98306.40211640211,8.0,7.0,0.35714285714285715,0.7756613756613756,6.618376266953214,0.0
104,59,0,945.0,0.5164021164021164,124000.0,14.0,296296.2962962963,63492.06349206349,102906.33333333333,1.143915343915344,106972.82010582011,0.8626840331114525,189323.47619047618,49508.427513227514,2.0,1.0,1.0,0.0,0.0,99610.82010582011,8.0,7.0,0.35714285714285715,0.7756613756613756,6.618376266953214,0.0
104,7,0,945.0,0.5164021164021164,124000.0,14.0,296296.2962962963,63492.06349206349,102906.33333333333,1.143915343915344,102433.36613756613,0.8260755333674689,193862.93015873016,54047.88148148148,2.0,2.0,0.5164021164021164,0.0,0.4835978835978836,93461.50370370371,8.516402116402116,7.7487830687830686,0.43091458805744515,0.9658285042412027,7.223405242325522,0.0
104,46,0,945.0,0.5164021164021164,124000.0,14.0,296296.2962962963,63492.06349206349,102906.33333333333,1.143915343915344,106291.27619047619,0.8571877112135177,190005.02010582012,50180.78306878307,2.0,1.0,1.0,0.0,0.0,98929.27619047619,8.0,7.0,0.35714285714285715,0.7756613756613756,6.618376266953214,0.0
104,25,0,945.0,0.5164021164021164,124000.0,14.0,296296.2962962963,63492.06349206349,102906.33333333333,1.143915343915344,106348.49523809523,0.8576491551459293,189947.80105820106,61905.473015873016,2.0,1.0,0.4835978835978836,0.5164021164021164,0.0,98986.49523809523,8.0,7.0,0.35714285714285715,0.7756613756613756,6.618376266953214,0.0
105,39,1,1074.0,0.6312849162011173,110000.0,14.0,339851.0242085661,55865.9217877095,97519.33333333333,1.1284916201117319,98406.03631284916,0.8946003301168106,241444.98789571694,98055.7886405959,2.0,2.0,0.3687150837988827,0.6312849162011173,0.0,90074.91620111732,8.368715083798882,7.53463687150838,0.4361532322426177,0.9162999490236469,7.063294732356969,0.0
105,3,1,1074.0,0.6312849162011173,110000.0,14.0,339851.0242085661,55865.9217877095,97519.33333333333,1.1284916201117319,97362.62104283053,0.8851147367530049,242488.40316573557,127944.82122905029,2.0,2.0,0.3687150837988827,0.0,0.6312849162011173,89026.11731843576,8.368715083798882,7.53463687150838,0.4361532322426177,0.9162999490236469,7.063294732356969,0.0
105,6,1,1074.0,0.6312849162011173,110000.0,14.0,339851.0242085661,55865.9217877095,97519.33333333333,1.1284916201117319,98408.37430167598,0.8946215845606907,241442.64990689012,124973.33333333333,2.0,2.0,0.3687150837988827,0.0,0.6312849162011173,87855.57541899441,8.631284916201118,7.915363128491618,0.49241819632881084,1.0045566617770982,7.276424989063109,0.0
105,58,0,1074.0,0.6312849162011173,110000.0,14.0,339851.0242085661,55865.9217877095,97519.33333333333,1.1284916201117319,99217.68156424581,0.9019789233113256,240633.3426443203,97244.14338919925,2.0,1.0,0.3687150837988827,0.6312849162011173,0.0,92486.68156424581,8.0,7.0,0.35714285714285715,0.792364990689013,6.764005435705793,0.0
105,35,0,1074.0,0.6312849162011173,110000.0,14.0,339851.0242085661,55865.9217877095,97519.33333333333,1.1284916201117319,99217.68156424581,0.9019789233113256,240633.3426443203,160495.38919925512,2.0,1.0,0.0,0.0,1.0,92486.68156424581,8.0,7.0,0.35714285714285715,0.792364990689013,6.764005435705793,0.0
105,11,0,1074.0,0.6312849162011173,110000.0,14.0,339851.0242085661,55865.9217877095,97519.33333333333,1.1284916201117319,99217.68156424581,0.9019789233113256,240633.3426443203,103946.61638733705,2.0,1.0,0.6312849162011173,0.3687150837988827,0.0,92486.68156424581,8.0,7.0,0.35714285714285715,0.792364990689013,6.764005435705793,0.0
105,49,0,1074.0,0.6312849162011173,110000.0,14.0,339851.0242085661,55865.9217877095,97519.33333333333,1.1284916201117319,99217.68156424581,0.9019789233113256,240633.3426443203,126479.5791433892,2.0,1.0,0.3687150837988827,0.0,0.6312849162011173,92486.68156424581,8.0,7.0,0.35714285714285715,0.792364990689013,6.764005435705793,0.0
105,4,0,1074.0,0.6312849162011173,110000.0,14.0,339851.0242085661,55865.9217877095,97519.33333333333,1.1284916201117319,99217.68156424581,0.9019789233113256,240633.3426443203,97244.14338919925,2.0,1.0,1.0,0.0,0.0,92486.68156424581,8.0,7.0,0.35714285714285715,0.792364990689013,6.764005435705793,0.0
105,47,0,1074.0,0.6312849162011173,110000.0,14.0,339851.0242085661,55865.9217877095,97519.33333333333,1.1284916201117319,99038.11731843576,0.9003465210766887,240812.90689013034,158263.18808193668,2.0,2.0,0.0,0.3687150837988827,0.6312849162011173,90074.91620111732,8.368715083798882,7.53463687150838,0.4361532322426177,0.9162999490236469,7.063294732356969,0.0
105,16,0,1074.0,0.6312849162011173,110000.0,14.0,339851.0242085661,55865.9217877095,97519.33333333333,1.1284916201117319,99038.11731843576,0.9003465210766887,240812.90689013034,103946.61638733705,2.0,2.0,0.6312849162011173,0.3687150837988827,0.0,90074.91620111732,8.368715083798882,7.53463687150838,0.4361532322426177,0.9162999490236469,7.063294732356969,0.0
105,17,0,1074.0,0.6312849162011173,110000.0,14.0,339851.0242085661,55865.9217877095,97519.33333333333,1.1284916201117319,99217.68156424581,0.9019789233113256,240633.3426443203,131259.95344506518,2.0,1.0,0.0,0.6312849162011173,0.3687150837988827,92486.68156424581,8.0,7.0,0.35714285714285715,0.792364990689013,6.764005435705793,0.0
105,40,0,1074.0,0.6312849162011173,110000.0,14.0,339851.0242085661,55865.9217877095,97519.33333333333,1.1284916201117319,99217.68156424581,0.9019789233113256,240633.3426443203,103946.61638733705,2.0,1.0,0.6312849162011173,0.0,0.3687150837988827,92486.68156424581,8.0,7.0,0.35714285714285715,0.792364990689013,6.764005435705793,0.0
107,42,1,732.0,0.5587431693989071,101000.0,9.0,419398.9071038251,81967.2131147541,99695.66666666667,1.6830601092896176,95375.4043715847,0.9443109343721258,324023.5027322404,250218.00546448087,2.0,1.0,0.0,1.0,0.0,83154.4043715847,9.0,8.45,0.7777777777777778,1.6830601092896176,6.956666666666668,0.0
107,69,1,732.0,0.5587431693989071,101000.0,9.0,419398.9071038251,81967.2131147541,99695.66666666667,1.6830601092896176,95061.10655737705,0.9411990748255153,324337.8005464481,213682.06284153005,2.0,1.0,0.4412568306010929,0.5587431693989071,0.0,83577.6762295082,9.0,8.45,0.7777777777777778,1.6830601092896176,6.956666666666668,0.0
107,25,1,732.0,0.5587431693989071,101000.0,9.0,419398.9071038251,81967.2131147541,99695.66666666667,1.6830601092896176,93405.28961748634,0.9248048476978845,325993.6174863388,215337.87978142078,2.0,1.0,1.0,0.0,0.0,82841.11202185792,9.0,8.45,0.7777777777777778,1.6830601092896176,6.956666666666668,0.0
107,54,0,732.0,0.5587431693989071,101000.0,9.0,419398.9071038251,81967.2131147541,99695.66666666667,1.6830601092896176,102608.9631147541,1.0159303278688525,316789.94398907106,214502.93715846995,2.0,1.0,0.5587431693989071,0.4412568306010929,0.0,95930.9631147541,8.0,7.0,0.5555555555555556,1.0901639344262295,6.012338290682268,0.0
107,30,0,732.0,0.5587431693989071,101000.0,9.0,419398.9071038251,81967.2131147541,99695.66666666667,1.6830601092896176,102608.9631147541,1.0159303278688525,316789.94398907106,214502.93715846995,2.0,1.0,0.5587431693989071,0.4412568306010929,0.0,95930.9631147541,8.0,7.0,0.5555555555555556,1.0901639344262295,6.012338290682268,0.0
107,4,0,732.0,0.5587431693989071,101000.0,9.0,419398.9071038251,81967.2131147541,99695.66666666667,1.6830601092896176,99289.38797814208,0.9830632473083374,320109.51912568306,214502.93715846995,2.0,2.0,0.5587431693989071,0.4412568306010929,0.0,90165.50136612022,8.441256830601093,7.639822404371585,0.6536126290224651,1.3517834214219595,6.429029636915822,0.0
107,46,0,732.0,0.5587431693989071,101000.0,9.0,419398.9071038251,81967.2131147541,99695.66666666667,1.6830601092896176,99216.75136612022,0.9823440729318833,320182.15573770495,209526.4180327869,2.0,2.0,0.4412568306010929,0.5587431693989071,0.0,90823.70081967213,8.441256830601093,7.639822404371585,0.6536126290224651,1.3517834214219595,6.429029636915822,0.0
107,0,0,732.0,0.5587431693989071,101000.0,9.0,419398.9071038251,81967.2131147541,99695.66666666667,1.6830601092896176,98786.8674863388,0.9780877968944436,320612.03961748636,252268.8606557377,2.0,2.0,0.0,0.5587431693989071,0.4412568306010929,89011.75409836066,8.558743169398907,7.8101775956284145,0.6797207043108683,1.4214406222938876,6.539975320433114,0.0
107,60,0,732.0,0.5587431693989071,101000.0,9.0,419398.9071038251,81967.2131147541,99695.66666666667,1.6830601092896176,103299.8155737705,1.0227704512254505,316099.09153005463,247783.27049180327,2.0,1.0,0.0,0.5587431693989071,0.4412568306010929,96621.8155737705,8.0,7.0,0.5555555555555556,1.0901639344262295,6.012338290682268,0.0
107,48,0,732.0,0.5587431693989071,101000.0,9.0,419398.9071038251,81967.2131147541,99695.66666666667,1.6830601092896176,102608.9631147541,1.0159303278688525,316789.94398907106,206134.206284153,2.0,1.0,1.0,0.0,0.0,95930.9631147541,8.0,7.0,0.5555555555555556,1.0901639344262295,6.012338290682268,0.0
107,70,0,732.0,0.5587431693989071,101000.0,9.0,419398.9071038251,81967.2131147541,99695.66666666667,1.6830601092896176,98391.83606557376,0.9741765947086511,321007.0710382514,252663.89207650273,2.0,2.0,0.0,0.5587431693989071,0.4412568306010929,88616.72267759562,8.558743169398907,7.8101775956284145,0.6797207043108683,1.4214406222938876,6.539975320433114,0.0
107,31,0,732.0,0.5587431693989071,101000.0,9.0,419398.9071038251,81967.2131147541,99695.66666666667,1.6830601092896176,97465.75273224043,0.9650074527944598,321933.1543715847,219651.44262295082,2.0,2.0,0.5587431693989071,0.4412568306010929,0.0,88616.72267759562,8.558743169398907,7.8101775956284145,0.6797207043108683,1.4214406222938876,6.539975320433114,0.0
108,61,1,638.0,0.774294670846395,109000.0,13.0,485893.4169278997,94043.88714733542,100869.66666666667,1.8197492163009403,95793.97805642633,0.8788438353800581,390099.43887147336,159295.97805642633,2.0,1.0,1.0,0.0,0.0,88433.97805642633,8.0,7.0,0.38461538461538464,1.1489028213166144,7.099229506840848,0.0
108,20,1,638.0,0.774294670846395,109000.0,13.0,485893.4169278997,94043.88714733542,100869.66666666667,1.8197492163009403,95596.32288401254,0.8770304851744269,390297.09404388716,223704.131661442,2.0,2.0,0.0,1.0,0.0,84096.94357366771,8.774294670846395,8.122727272727271,0.4441765131420304,1.6683356099094937,7.723431111261885,0.0
108,29,1,638.0,0.774294670846395,109000.0,13.0,485893.4169278997,94043.88714733542,100869.66666666667,1.8197492163009403,95793.97805642633,0.8788438353800581,390099.43887147336,159295.97805642633,2.0,1.0,1.0,0.0,0.0,88433.97805642633,8.0,7.0,0.38461538461538464,1.1489028213166144,7.099229506840848,0.0
108,41,0,638.0,0.774294670846395,109000.0,13.0,485893.4169278997,94043.88714733542,100869.66666666667,1.8197492163009403,96793.71473354232,0.8880157315003883,389099.70219435735,227596.2288401254,2.0,2.0,0.0,1.0,0.0,88227.09404388715,8.225705329153605,7.327272727272727,0.4019773330118158,1.300316427708061,7.281183010963579,0.0
108,71,0,638.0,0.774294670846395,109000.0,13.0,485893.4169278997,94043.88714733542,100869.66666666667,1.8197492163009403,96977.6645768025,0.8897033447413074,388915.7523510972,158363.72727272726,2.0,1.0,1.0,0.0,0.0,89617.6645768025,8.0,7.0,0.38461538461538464,1.1489028213166144,7.099229506840848,0.0
108,24,0,638.0,0.774294670846395,109000.0,13.0,485893.4169278997,94043.88714733542,100869.66666666667,1.8197492163009403,96793.71473354232,0.8880157315003883,389099.70219435735,158363.72727272726,2.0,2.0,0.774294670846395,0.22570532915360503,0.0,88227.09404388715,8.225705329153605,7.327272727272727,0.4019773330118158,1.300316427708061,7.281183010963579,0.0
108,59,0,638.0,0.774294670846395,109000.0,13.0,485893.4169278997,94043.88714733542,100869.66666666667,1.8197492163009403,96793.71473354232,0.8880157315003883,389099.70219435735,227596.2288401254,2.0,2.0,0.0,1.0,0.0,88227.09404388715,8.225705329153605,7.327272727272727,0.4019773330118158,1.300316427708061,7.281183010963579,0.0
108,12,0,638.0,0.774294670846395,109000.0,13.0,485893.4169278997,94043.88714733542,100869.66666666667,1.8197492163009403,96977.6645768025,0.8897033447413074,388915.7523510972,208664.9686520376,2.0,1.0,0.22570532915360503,0.774294670846395,0.0,89617.6645768025,8.0,7.0,0.38461538461538464,1.1489028213166144,7.099229506840848,0.0
108,66,0,638.0,0.774294670846395,109000.0,13.0,485893.4169278997,94043.88714733542,100869.66666666667,1.8197492163009403,96977.6645768025,0.8897033447413074,388915.7523510972,227843.51097178683,2.0,1.0,0.0,1.0,0.0,89617.6645768025,8.0,7.0,0.38461538461538464,1.1489028213166144,7.099229506840848,0.0
108,15,0,638.0,0.774294670846395,109000.0,13.0,485893.4169278997,94043.88714733542,100869.66666666667,1.8197492163009403,96977.6645768025,0.8897033447413074,388915.7523510972,208664.9686520376,2.0,1.0,0.22570532915360503,0.774294670846395,0.0,89617.6645768025,8.0,7.0,0.38461538461538464,1.1489028213166144,7.099229506840848,0.0
108,40,0,638.0,0.774294670846395,109000.0,13.0,485893.4169278997,94043.88714733542,100869.66666666667,1.8197492163009403,96793.71473354232,0.8880157315003883,389099.70219435735,227596.2288401254,2.0,2.0,0.0,0.774294670846395,0.22570532915360503,88227.09404388715,8.225705329153605,7.327272727272727,0.4019773330118158,1.300316427708061,7.281183010963579,0.0
108,17,0,638.0,0.774294670846395,109000.0,13.0,485893.4169278997,94043.88714733542,100869.66666666667,1.8197492163009403,96977.6645768025,0.8897033447413074,388915.7523510972,158363.72727272726,2.0,1.0,0.774294670846395,0.22570532915360503,0.0,89617.6645768025,8.0,7.0,0.38461538461538464,1.1489028213166144,7.099229506840848,0.0
109,63,1,931.0,0.7228786251342643,101000.0,8.0,227712.13748657357,64446.8313641246,102661.33333333333,1.2900107411385606,94865.24274973148,0.9392598292052621,132846.8947368421,86659.99892588615,2.0,2.0,0.7228786251342643,0.2771213748657358,0.0,85943.99892588615,8.722878625134264,8.048174006444683,0.715359828141783,1.1789835952471328,6.82614069883937,0.0
109,18,1,931.0,0.7228786251342643,101000.0,8.0,227712.13748657357,64446.8313641246,102661.33333333333,1.2900107411385606,95563.47153598281,0.9461729855047804,132148.66595059077,85961.7701396348,2.0,2.0,0.2771213748657358,0.0,0.7228786251342643,85432.92373791622,8.722878625134264,8.048174006444683,0.715359828141783,1.1789835952471328,6.82614069883937,0.0
109,7,1,931.0,0.7228786251342643,101000.0,8.0,227712.13748657357,64446.8313641246,102661.33333333333,1.2900107411385606,95126.79162191192,0.9418494219991279,132585.34586466165,86398.45005370569,2.0,1.0,0.0,0.2771213748657358,0.7228786251342643,83568.79162191192,9.0,8.45,0.75,1.2900107411385606,7.039999999999999,0.0
109,1,0,931.0,0.7228786251342643,101000.0,8.0,227712.13748657357,64446.8313641246,102661.33333333333,1.2900107411385606,98635.70569280344,0.9765911454733014,129076.43179377014,59259.03114930182,2.0,1.0,0.2771213748657358,0.7228786251342643,0.0,92228.70569280344,8.0,7.0,0.625,0.8893662728249194,6.26828290937773,0.0
109,32,0,931.0,0.7228786251342643,101000.0,8.0,227712.13748657357,64446.8313641246,102661.33333333333,1.2900107411385606,99525.56928034371,0.9854016760430071,128186.56820622986,83847.98388829216,2.0,1.0,0.0,0.7228786251342643,0.2771213748657358,93118.56928034371,8.0,7.0,0.625,0.8893662728249194,6.26828290937773,0.0
109,68,0,931.0,0.7228786251342643,101000.0,8.0,227712.13748657357,64446.8313641246,102661.33333333333,1.2900107411385606,98635.70569280344,0.9765911454733014,129076.43179377014,82889.53598281418,2.0,1.0,0.0,0.2771213748657358,0.7228786251342643,92228.70569280344,8.0,7.0,0.625,0.8893662728249194,6.26828290937773,0.0
109,47,0,931.0,0.7228786251342643,101000.0,8.0,227712.13748657357,64446.8313641246,102661.33333333333,1.2900107411385606,97493.13426423201,0.965278557071604,130219.00322234156,84032.1074113856,2.0,2.0,0.0,0.2771213748657358,0.7228786251342643,89658.6820622986,8.277121374865736,7.401825993555318,0.659640171858217,1.0003934187163475,6.482142210538359,0.0
109,34,0,931.0,0.7228786251342643,101000.0,8.0,227712.13748657357,64446.8313641246,102661.33333333333,1.2900107411385606,98635.70569280344,0.9765911454733014,129076.43179377014,82889.53598281418,2.0,1.0,0.0,1.0,0.0,92228.70569280344,8.0,7.0,0.625,0.8893662728249194,6.26828290937773,0.0
109,38,0,931.0,0.7228786251342643,101000.0,8.0,227712.13748657357,64446.8313641246,102661.33333333333,1.2900107411385606,98635.70569280344,0.9765911454733014,129076.43179377014,95628.94414607949,2.0,1.0,0.0,0.0,1.0,92228.70569280344,8.0,7.0,0.625,0.8893662728249194,6.26828290937773,0.0
109,71,0,931.0,0.7228786251342643,101000.0,8.0,227712.13748657357,64446.8313641246,102661.33333333333,1.2900107411385606,99525.56928034371,0.9854016760430071,128186.56820622986,81999.6723952739,2.0,1.0,0.0,0.2771213748657358,0.7228786251342643,93118.56928034371,8.0,7.0,0.625,0.8893662728249194,6.26828290937773,0.0
109,46,0,931.0,0.7228786251342643,101000.0,8.0,227712.13748657357,64446.8313641246,102661.33333333333,1.2900107411385606,98635.70569280344,0.9765911454733014,129076.43179377014,82889.53598281418,2.0,1.0,0.7228786251342643,0.2771213748657358,0.0,92228.70569280344,8.0,7.0,0.625,0.8893662728249194,6.26828290937773,0.0
109,64,0,931.0,0.7228786251342643,101000.0,8.0,227712.13748657357,64446.8313641246,102661.33333333333,1.2900107411385606,98933.33404940924,0.9795379608852399,128778.80343716434,95480.12996777658,2.0,1.0,0.0,0.0,1.0,92526.33404940924,8.0,7.0,0.625,0.8893662728249194,6.26828290937773,0.0
110,7,1,629.0,0.6359300476947536,103000.0,7.0,459459.45945945947,95389.50715421303,97901.66666666667,2.0604133545310015,92113.71701112877,0.8943079321468813,367345.7424483307,190922.0985691574,2.0,1.0,1.0,0.0,0.0,84913.71701112877,8.0,7.0,0.7142857142857143,1.3354531001589824,6.242129020312367,0.0
110,10,1,629.0,0.6359300476947536,103000.0,7.0,459459.45945945947,95389.50715421303,97901.66666666667,2.0604133545310015,91758.02066772655,0.8908545695895782,367701.4387917329,245023.84737678856,2.0,1.0,0.0,1.0,0.0,84558.02066772655,8.0,7.0,0.7142857142857143,1.3354531001589824,6.242129020312367,0.0
110,51,1,629.0,0.6359300476947536,103000.0,7.0,459459.45945945947,95389.50715421303,97901.66666666667,2.0604133545310015,93336.26391096979,0.9061773195239786,366123.1955484897,190922.0985691574,2.0,2.0,0.6359300476947536,0.3640699523052464,0.0,84548.91891891892,8.364069952305247,7.527901430842606,0.8703156938451057,1.599389345391403,6.259557405604049,0.0
113,11,1,1177.0,0.5751911639762107,113000.0,12.0,288020.39082412916,50977.06032285472,103161.66666666667,1.0671197960917587,94045.28632115548,0.8322591709836769,193975.10450297367,149112.4868309261,2.0,1.0,0.0,0.5751911639762107,0.42480883602378927,87406.28632115548,8.0,7.0,0.4166666666666667,0.7017841971112999,7.3500000000000005,0.0
113,10,1,1177.0,0.5751911639762107,113000.0,12.0,288020.39082412916,50977.06032285472,103161.66666666667,1.0671197960917587,94045.28632115548,0.8322591709836769,193975.10450297367,142148.42650807137,2.0,1.0,0.0,0.42480883602378927,0.5751911639762107,87406.28632115548,8.0,7.0,0.4166666666666667,0.7017841971112999,7.3500000000000005,0.0
113,55,1,1177.0,0.5751911639762107,113000.0,12.0,288020.39082412916,50977.06032285472,103161.66666666667,1.0671197960917587,95197.5683942226,0.8424563574709965,192822.82242990655,125703.02633814783,2.0,1.0,0.42480883602378927,0.5751911639762107,0.0,88558.5683942226,8.0,7.0,0.4166666666666667,0.7017841971112999,7.3500000000000005,0.0
113,63,0,1177.0,0.5751911639762107,113000.0,12.0,288020.39082412916,50977.06032285472,103161.66666666667,1.0671197960917587,104411.63126593034,0.9239967368666401,183608.7595581988,92650.39932030586,2.0,1.0,1.0,0.0,0.0,94637.37892948174,9.0,8.45,0.5833333333333334,1.0671197960917587,7.497831934472646,0.0
113,12,0,1177.0,0.5751911639762107,113000.0,12.0,288020.39082412916,50977.06032285472,103161.66666666667,1.0671197960917587,99414.02039082412,0.8797700919541959,188606.370433305,136779.6924384027,2.0,2.0,0.0,0.42480883602378927,0.5751911639762107,90639.08156329651,8.42480883602379,7.615972812234494,0.4874681393372982,0.8569819876722425,7.41280031201047,0.0
113,9,0,1177.0,0.5751911639762107,113000.0,12.0,288020.39082412916,50977.06032285472,103161.66666666667,1.0671197960917587,101294.59473237043,0.8964123427643401,186725.7960917587,146220.4256584537,2.0,2.0,0.0,0.0,1.0,91763.53355989805,8.57519116397621,7.834027187765505,0.5125318606627017,0.9119220055308163,7.435031622462176,0.0
113,41,0,1177.0,0.5751911639762107,113000.0,12.0,288020.39082412916,50977.06032285472,103161.66666666667,1.0671197960917587,103951.59218351742,0.9199255945444019,184068.79864061173,93105.85896346644,2.0,1.0,1.0,0.0,0.0,94167.9515717927,9.0,8.45,0.5833333333333334,1.0671197960917587,7.497831934472646,0.0
113,16,0,1177.0,0.5751911639762107,113000.0,12.0,288020.39082412916,50977.06032285472,103161.66666666667,1.0671197960917587,98607.67374681393,0.8726342809452561,189412.7170773152,98790.73746813934,2.0,2.0,1.0,0.0,0.0,90639.08156329651,8.42480883602379,7.615972812234494,0.4874681393372982,0.8569819876722425,7.41280031201047,0.0
113,17,0,1177.0,0.5751911639762107,113000.0,12.0,288020.39082412916,50977.06032285472,103161.66666666667,1.0671197960917587,99070.7748513169,0.8767325208081143,188949.61597281223,137122.93797790995,2.0,2.0,0.0,0.42480883602378927,0.5751911639762107,90295.83602378929,8.42480883602379,7.615972812234494,0.4874681393372982,0.8569819876722425,7.41280031201047,0.0
113,62,0,1177.0,0.5751911639762107,113000.0,12.0,288020.39082412916,50977.06032285472,103161.66666666667,1.0671197960917587,101759.34919286321,0.9005252140961346,186261.04163126592,146220.4256584537,2.0,2.0,0.0,0.5751911639762107,0.42480883602378927,92228.28802039083,8.57519116397621,7.834027187765505,0.5125318606627017,0.9119220055308163,7.435031622462176,0.0
113,24,0,1177.0,0.5751911639762107,113000.0,12.0,288020.39082412916,50977.06032285472,103161.66666666667,1.0671197960917587,100191.14698385727,0.8866473184412147,187829.24384027187,92650.39932030586,2.0,2.0,0.5751911639762107,0.42480883602378927,0.0,91753.35174171622,8.57519116397621,7.834027187765505,0.5125318606627017,0.9119220055308163,7.435031622462176,0.0
113,2,0,1177.0,0.5751911639762107,113000.0,12.0,288020.39082412916,50977.06032285472,103161.66666666667,1.0671197960917587,105504.89719626168,0.9336716566040857,182515.49362786746,115395.69753610875,2.0,1.0,0.42480883602378927,0.5751911639762107,0.0,94637.37892948174,9.0,8.45,0.5833333333333334,1.0671197960917587,7.497831934472646,0.0
114,47,1,1083.0,0.5364727608494921,111000.0,9.0,275161.5881809788,55401.662049861494,101977.0,1.1948291782086795,102646.52539242843,0.9247434720038599,172515.06278855033,57927.58725761773,2.0,2.0,0.5364727608494921,0.46352723915050786,0.0,93416.8624192059,8.463527239150508,7.672114496768236,0.7100646352723915,0.9833112937370885,6.486929466921566,0.0
114,15,1,1083.0,0.5364727608494921,111000.0,9.0,275161.5881809788,55401.662049861494,101977.0,1.1948291782086795,100919.84764542936,0.9091878166254898,174241.7405355494,63840.985226223456,2.0,1.0,0.46352723915050786,0.0,0.5364727608494921,93816.84764542936,8.0,7.0,0.5555555555555556,0.8005540166204986,6.369072769953052,0.0
114,66,1,1083.0,0.5364727608494921,111000.0,9.0,275161.5881809788,55401.662049861494,101977.0,1.1948291782086795,100919.84764542936,0.9091878166254898,174241.7405355494,106991.19944598338,2.0,1.0,0.0,0.46352723915050786,0.5364727608494921,93816.84764542936,8.0,7.0,0.5555555555555556,0.8005540166204986,6.369072769953052,0.0
114,5,0,1083.0,0.5364727608494921,111000.0,9.0,275161.5881809788,55401.662049861494,101977.0,1.1948291782086795,103438.58725761774,0.9318791644830426,171723.00092336105,61350.94736842105,2.0,2.0,0.46352723915050786,0.0,0.5364727608494921,93874.25023084026,8.536472760849492,7.777885503231764,0.734379809172053,1.0120719010920898,6.5054766363648175,0.0
114,20,0,1083.0,0.5364727608494921,111000.0,9.0,275161.5881809788,55401.662049861494,101977.0,1.1948291782086795,104400.09972299168,0.9405414389458711,170761.48845798708,56168.450600184675,2.0,1.0,0.5364727608494921,0.0,0.46352723915050786,93714.94367497692,9.0,8.45,0.8888888888888888,1.1948291782086795,6.623333333333333,0.0
114,7,0,1083.0,0.5364727608494921,111000.0,9.0,275161.5881809788,55401.662049861494,101977.0,1.1948291782086795,103697.76638965835,0.9342141116185437,171463.8217913204,104864.53647276085,2.0,2.0,0.0,0.0,1.0,94468.10341643583,8.463527239150508,7.672114496768236,0.7100646352723915,0.9833112937370885,6.486929466921566,0.0
114,22,0,1083.0,0.5364727608494921,111000.0,9.0,275161.5881809788,55401.662049861494,101977.0,1.1948291782086795,104773.23915050786,0.9439030554099807,170388.3490304709,56168.450600184675,2.0,1.0,0.5364727608494921,0.0,0.46352723915050786,94088.08310249308,9.0,8.45,0.8888888888888888,1.1948291782086795,6.623333333333333,0.0
114,60,0,1083.0,0.5364727608494921,111000.0,9.0,275161.5881809788,55401.662049861494,101977.0,1.1948291782086795,103697.76638965835,0.9342141116185437,171463.8217913204,79531.21975992613,2.0,2.0,0.0,1.0,0.0,94468.10341643583,8.463527239150508,7.672114496768236,0.7100646352723915,0.9833112937370885,6.486929466921566,0.0
114,65,0,1083.0,0.5364727608494921,111000.0,9.0,275161.5881809788,55401.662049861494,101977.0,1.1948291782086795,103586.13573407203,0.9332084300366849,171575.45244690674,35841.38042474607,2.0,2.0,0.46352723915050786,0.5364727608494921,0.0,94021.79870729455,8.536472760849492,7.777885503231764,0.734379809172053,1.0120719010920898,6.5054766363648175,0.0
114,57,0,1083.0,0.5364727608494921,111000.0,9.0,275161.5881809788,55401.662049861494,101977.0,1.1948291782086795,103960.31855955679,0.9365794464824936,171201.269621422,35467.19759926131,2.0,1.0,1.0,0.0,0.0,94152.36657433056,9.0,8.45,0.8888888888888888,1.1948291782086795,6.623333333333333,0.0
114,1,0,1083.0,0.5364727608494921,111000.0,9.0,275161.5881809788,55401.662049861494,101977.0,1.1948291782086795,103697.76638965835,0.9342141116185437,171463.8217913204,79531.21975992613,2.0,2.0,0.0,1.0,0.0,94468.10341643583,8.463527239150508,7.672114496768236,0.7100646352723915,0.9833112937370885,6.486929466921566,0.0
114,46,0,1083.0,0.5364727608494921,111000.0,9.0,275161.5881809788,55401.662049861494,101977.0,1.1948291782086795,104017.99630655587,0.9370990658248276,171143.5918744229,35409.51985226224,2.0,2.0,0.46352723915050786,0.5364727608494921,0.0,94453.6592797784,8.536472760849492,7.777885503231764,0.734379809172053,1.0120719010920898,6.5054766363648175,0.0
115,29,1,907.0,0.5843439911797134,117000.0,7.0,367144.4321940463,66152.1499448732,99250.33333333333,1.3914002205071665,93385.47298787211,0.7981664357937787,273758.9592061742,186282.8269018743,2.0,1.0,0.0,1.0,0.0,81067.47298787211,9.0,8.45,1.0,1.3914002205071665,6.29,0.0
115,33,1,907.0,0.5843439911797134,117000.0,7.0,367144.4321940463,66152.1499448732,99250.33333333333,1.3914002205071665,93673.93825799339,0.8006319509230204,273470.4939360529,186282.8269018743,2.0,1.0,0.0,1.0,0.0,81355.93825799339,9.0,8.45,1.0,1.3914002205071665,6.29,0.0
115,47,1,907.0,0.5843439911797134,117000.0,7.0,367144.4321940463,66152.1499448732,99250.33333333333,1.3914002205071665,92732.63506063947,0.79258662444991,274411.79713340686,153132.85556780596,2.0,1.0,0.41565600882028664,0.5843439911797134,0.0,81091.16538037486,9.0,8.45,1.0,1.3914002205071665,6.29,0.0
116,30,1,1373.0,0.5520757465404225,114000.0,10.0,196649.67225054625,43699.92716678805,102480.33333333333,0.8077203204661325,92054.74872541879,0.807497795837007,104594.92352512745,63808.32483612527,2.0,1.0,0.4479242534595776,0.0,0.5520757465404225,84504.74872541879,8.0,7.0,0.5,0.6045156591405682,7.1,0.0
116,2,1,1373.0,0.5520757465404225,114000.0,10.0,196649.67225054625,43699.92716678805,102480.33333333333,0.8077203204661325,92697.56300072833,0.8131365175502485,103952.10924981792,63165.51056081573,2.0,1.0,0.0,0.4479242534595776,0.5520757465404225,85147.56300072833,8.0,7.0,0.5,0.6045156591405682,7.1,0.0
116,55,1,1373.0,0.5520757465404225,114000.0,10.0,196649.67225054625,43699.92716678805,102480.33333333333,0.8077203204661325,93204.16533139111,0.8175803976437817,103445.50691915513,45907.26948288419,2.0,1.0,1.0,0.0,0.0,85654.16533139111,8.0,7.0,0.5,0.6045156591405682,7.1,0.0
116,65,0,1373.0,0.5520757465404225,114000.0,10.0,196649.67225054625,43699.92716678805,102480.33333333333,0.8077203204661325,99126.1718863802,0.8695278235647385,97523.50036416606,48282.218499635834,2.0,2.0,0.5520757465404225,0.0,0.4479242534595776,89170.37072104879,8.447924253459577,7.6494901675163876,0.5895848506919156,0.6955359553643278,7.085767610385624,0.0
116,10,0,1373.0,0.5520757465404225,114000.0,10.0,196649.67225054625,43699.92716678805,102480.33333333333,0.8077203204661325,105665.94683175528,0.9268942704539936,90983.72541879097,50197.12672978878,2.0,1.0,0.0,1.0,0.0,92744.94683175528,9.0,8.45,0.7,0.8077203204661325,7.0682259009096935,0.0
116,54,0,1373.0,0.5520757465404225,114000.0,10.0,196649.67225054625,43699.92716678805,102480.33333333333,0.8077203204661325,99994.3481427531,0.8771434047609921,96655.32410779316,55868.72541879097,2.0,2.0,0.0,0.4479242534595776,0.5520757465404225,89479.14930808448,8.552075746540423,7.800509832483612,0.6104151493080845,0.7167000242423729,7.082458290524069,0.0
116,40,0,1373.0,0.5520757465404225,114000.0,10.0,196649.67225054625,43699.92716678805,102480.33333333333,0.8077203204661325,99994.3481427531,0.8771434047609921,96655.32410779316,55868.72541879097,2.0,2.0,0.4479242534595776,0.0,0.5520757465404225,89479.14930808448,8.552075746540423,7.800509832483612,0.6104151493080845,0.7167000242423729,7.082458290524069,0.0
116,56,0,1373.0,0.5520757465404225,114000.0,10.0,196649.67225054625,43699.92716678805,102480.33333333333,0.8077203204661325,106422.95702840496,0.933534710775482,90226.7152221413,70359.74726875455,2.0,1.0,0.0,0.5520757465404225,0.4479242534595776,93501.95702840496,9.0,8.45,0.7,0.8077203204661325,7.0682259009096935,0.0
116,24,0,1373.0,0.5520757465404225,114000.0,10.0,196649.67225054625,43699.92716678805,102480.33333333333,0.8077203204661325,106096.86817188638,0.9306742822095296,90552.80407865987,70522.79169701383,2.0,1.0,0.0,0.0,1.0,93175.86817188638,9.0,8.45,0.7,0.8077203204661325,7.0682259009096935,0.0
116,48,0,1373.0,0.5520757465404225,114000.0,10.0,196649.67225054625,43699.92716678805,102480.33333333333,0.8077203204661325,104641.19519300801,0.9179052209912983,92008.47705753824,42435.28332119447,2.0,1.0,0.5520757465404225,0.0,0.4479242534595776,92744.94683175528,9.0,8.45,0.7,0.8077203204661325,7.0682259009096935,0.0
116,70,0,1373.0,0.5520757465404225,114000.0,10.0,196649.67225054625,43699.92716678805,102480.33333333333,0.8077203204661325,99994.3481427531,0.8771434047609921,96655.32410779316,55868.72541879097,2.0,2.0,0.4479242534595776,0.0,0.5520757465404225,89479.14930808448,8.552075746540423,7.800509832483612,0.6104151493080845,0.7167000242423729,7.082458290524069,0.0
116,15,0,1373.0,0.5520757465404225,114000.0,10.0,196649.67225054625,43699.92716678805,102480.33333333333,0.8077203204661325,98961.09395484341,0.8680797715337141,97688.57829570284,42018.687545520756,2.0,2.0,0.5520757465404225,0.0,0.4479242534595776,89479.14930808448,8.552075746540423,7.800509832483612,0.6104151493080845,0.7167000242423729,7.082458290524069,0.0
117,30,1,1334.0,0.7031484257871065,114000.0,10.0,162668.6656671664,44977.51124437781,103334.66666666667,0.946776611694153,100099.31334332834,0.8780641521344591,62569.35232383808,26401.35232383808,2.0,2.0,0.0,0.7031484257871065,0.29685157421289354,89514.6671664168,8.703148425787106,8.019565217391303,0.6406296851574214,0.831284882296483,7.106582336610075,0.0
117,59,1,1334.0,0.7031484257871065,114000.0,10.0,162668.6656671664,44977.51124437781,103334.66666666667,0.946776611694153,100303.29535232384,0.8798534680028407,62365.37031484258,6143.481259370315,2.0,2.0,0.29685157421289354,0.7031484257871065,0.0,89718.6491754123,8.703148425787106,8.019565217391303,0.6406296851574214,0.831284882296483,7.106582336610075,0.0
117,50,1,1334.0,0.7031484257871065,114000.0,10.0,162668.6656671664,44977.51124437781,103334.66666666667,0.946776611694153,100099.31334332834,0.8780641521344591,62569.35232383808,13094.08995502249,2.0,2.0,0.29685157421289354,0.0,0.7031484257871065,89514.6671664168,8.703148425787106,8.019565217391303,0.6406296851574214,0.831284882296483,7.106582336610075,0.0
117,32,0,1334.0,0.7031484257871065,114000.0,10.0,162668.6656671664,44977.51124437781,103334.66666666667,0.946776611694153,102249.75112443778,0.8969276414424366,60418.914542728635,24228.947526236883,2.0,1.0,0.0,0.7031484257871065,0.29685157421289354,90010.75112443778,9.0,8.45,0.7,0.946776611694153,7.1899999999999995,0.0
117,58,0,1334.0,0.7031484257871065,114000.0,10.0,162668.6656671664,44977.51124437781,103334.66666666667,0.946776611694153,102478.3268365817,0.8989326915489624,60190.33883058471,10715.076461769115,2.0,1.0,0.0,1.0,0.0,90239.3268365817,9.0,8.45,0.7,0.946776611694153,7.1899999999999995,0.0
117,38,0,1334.0,0.7031484257871065,114000.0,10.0,162668.6656671664,44977.51124437781,103334.66666666667,0.946776611694153,101942.34332833583,0.8942310818275073,60726.322338830585,4504.433283358321,2.0,1.0,0.29685157421289354,0.7031484257871065,0.0,90239.3268365817,9.0,8.45,0.7,0.946776611694153,7.1899999999999995,0.0
117,26,0,1334.0,0.7031484257871065,114000.0,10.0,162668.6656671664,44977.51124437781,103334.66666666667,0.946776611694153,102249.75112443778,0.8969276414424366,60418.914542728635,10943.652173913044,2.0,1.0,0.0,0.29685157421289354,0.7031484257871065,90010.75112443778,9.0,8.45,0.7,0.946776611694153,7.1899999999999995,0.0
117,47,0,1334.0,0.7031484257871065,114000.0,10.0,162668.6656671664,44977.51124437781,103334.66666666667,0.946776611694153,101934.74662668665,0.8941644440937426,60733.91904047976,11258.656671664168,2.0,1.0,0.0,0.29685157421289354,0.7031484257871065,89695.74662668665,9.0,8.45,0.7,0.946776611694153,7.1899999999999995,0.0
117,52,0,1334.0,0.7031484257871065,114000.0,10.0,162668.6656671664,44977.51124437781,103334.66666666667,0.946776611694153,101934.74662668665,0.8941644440937426,60733.91904047976,24656.458770614692,2.0,1.0,0.0,0.0,1.0,89695.74662668665,9.0,8.45,0.7,0.946776611694153,7.1899999999999995,0.0
117,20,0,1334.0,0.7031484257871065,114000.0,10.0,162668.6656671664,44977.51124437781,103334.66666666667,0.946776611694153,101934.74662668665,0.8941644440937426,60733.91904047976,24656.458770614692,2.0,1.0,0.0,0.7031484257871065,0.29685157421289354,89695.74662668665,9.0,8.45,0.7,0.946776611694153,7.1899999999999995,0.0
117,56,0,1334.0,0.7031484257871065,114000.0,10.0,162668.6656671664,44977.51124437781,103334.66666666667,0.946776611694153,102249.75112443778,0.8969276414424366,60418.914542728635,10943.652173913044,2.0,1.0,0.0,1.0,0.0,90010.75112443778,9.0,8.45,0.7,0.946776611694153,7.1899999999999995,0.0
117,12,0,1334.0,0.7031484257871065,114000.0,10.0,162668.6656671664,44977.51124437781,103334.66666666667,0.946776611694153,101718.3395802099,0.8922661366685078,60950.32608695652,11475.06371814093,2.0,1.0,0.29685157421289354,0.0,0.7031484257871065,90010.75112443778,9.0,8.45,0.7,0.946776611694153,7.1899999999999995,0.0
118,5,1,876.0,0.5901826484018264,123000.0,7.0,263698.6301369863,68493.1506849315,98044.0,1.3573059360730593,91772.88812785388,0.7461210416898689,171925.74200913243,141103.82420091325,2.0,1.0,0.4098173515981735,0.5901826484018264,0.0,84976.88812785388,8.0,7.0,0.7142857142857143,0.934931506849315,6.24839184115803,0.0
118,27,1,876.0,0.5901826484018264,123000.0,7.0,263698.6301369863,68493.1506849315,98044.0,1.3573059360730593,92199.09817351599,0.749586164012325,171499.53196347033,140677.61415525115,2.0,1.0,0.4098173515981735,0.5901826484018264,0.0,85403.09817351599,8.0,7.0,0.7142857142857143,0.934931506849315,6.24839184115803,0.0
118,15,1,876.0,0.5901826484018264,123000.0,7.0,263698.6301369863,68493.1506849315,98044.0,1.3573059360730593,92452.36643835617,0.7516452555963916,171246.26369863015,147273.6609589041,2.0,1.0,0.0,1.0,0.0,85656.36643835617,8.0,7.0,0.7142857142857143,0.934931506849315,6.24839184115803,0.0
118,0,0,876.0,0.5901826484018264,123000.0,7.0,263698.6301369863,68493.1506849315,98044.0,1.3573059360730593,95729.07876712328,0.7782851932286446,167969.551369863,143996.948630137,2.0,2.0,0.0,0.4098173515981735,0.5901826484018264,85760.25684931508,8.590182648401827,7.855764840182648,0.8829093281148076,1.1842095661057943,6.272948254538507,0.0
118,33,0,876.0,0.5901826484018264,123000.0,7.0,263698.6301369863,68493.1506849315,98044.0,1.3573059360730593,95488.70319634704,0.7763309202955043,168209.92694063927,119807.1392694064,2.0,2.0,0.5901826484018264,0.0,0.4098173515981735,86489.52511415526,8.409817351598173,7.594235159817351,0.8313763861709067,1.10802787681658,6.265443586619522,0.0
118,38,0,876.0,0.5901826484018264,123000.0,7.0,263698.6301369863,68493.1506849315,98044.0,1.3573059360730593,94537.10616438356,0.7685943590600289,169161.52397260274,145188.92123287672,2.0,2.0,0.0,1.0,0.0,85537.92808219178,8.409817351598173,7.594235159817351,0.8313763861709067,1.10802787681658,6.265443586619522,0.0
118,25,0,876.0,0.5901826484018264,123000.0,7.0,263698.6301369863,68493.1506849315,98044.0,1.3573059360730593,96595.25342465754,0.7853272636151019,167103.37671232875,143130.77397260274,2.0,2.0,0.4098173515981735,0.0,0.5901826484018264,86626.43150684932,8.590182648401827,7.855764840182648,0.8829093281148076,1.1842095661057943,6.272948254538507,0.0
118,14,0,876.0,0.5901826484018264,123000.0,7.0,263698.6301369863,68493.1506849315,98044.0,1.3573059360730593,96166.99429223745,0.7818454820507109,167531.63584474885,143559.03310502283,2.0,2.0,0.0,1.0,0.0,86198.17237442922,8.590182648401827,7.855764840182648,0.8829093281148076,1.1842095661057943,6.272948254538507,0.0
118,49,0,876.0,0.5901826484018264,123000.0,7.0,263698.6301369863,68493.1506849315,98044.0,1.3573059360730593,98514.5102739726,0.8009309778371756,165184.1198630137,141211.51712328766,2.0,1.0,0.4098173515981735,0.0,0.5901826484018264,87055.5102739726,9.0,8.45,1.0,1.3573059360730593,6.29,0.0
118,58,0,876.0,0.5901826484018264,123000.0,7.0,263698.6301369863,68493.1506849315,98044.0,1.3573059360730593,99227.5102739726,0.8067277258046553,164471.1198630137,158323.52283105024,2.0,1.0,0.0,0.5901826484018264,0.4098173515981735,87055.5102739726,9.0,8.45,1.0,1.3573059360730593,6.29,0.0
118,34,0,876.0,0.5901826484018264,123000.0,7.0,263698.6301369863,68493.1506849315,98044.0,1.3573059360730593,96157.33789954337,0.7817669747930356,167541.29223744292,143568.6894977169,2.0,2.0,0.0,1.0,0.0,86188.51598173517,8.590182648401827,7.855764840182648,0.8829093281148076,1.1842095661057943,6.272948254538507,0.0
118,28,0,876.0,0.5901826484018264,123000.0,7.0,263698.6301369863,68493.1506849315,98044.0,1.3573059360730593,96595.25342465754,0.7853272636151019,167103.37671232875,143130.77397260274,2.0,2.0,0.0,0.4098173515981735,0.5901826484018264,86626.43150684932,8.590182648401827,7.855764840182648,0.8829093281148076,1.1842095661057943,6.272948254538507,0.0
119,43,1,910.0,0.5428571428571428,105000.0,10.0,303296.7032967033,65934.06593406593,97998.0,1.2835164835164836,90582.74285714286,0.8626927891156463,212713.96043956044,153373.3010989011,2.0,1.0,0.45714285714285713,0.5428571428571428,0.0,83310.74285714286,8.0,7.0,0.5,0.8263736263736263,7.1,0.0
119,39,1,910.0,0.5428571428571428,105000.0,10.0,303296.7032967033,65934.06593406593,97998.0,1.2835164835164836,90613.37142857142,0.8629844897959184,212683.33186813188,173122.8923076923,2.0,1.0,0.0,1.0,0.0,83341.37142857142,8.0,7.0,0.5,0.8263736263736263,7.1,0.0
119,2,1,910.0,0.5428571428571428,105000.0,10.0,303296.7032967033,65934.06593406593,97998.0,1.2835164835164836,91120.8,0.8678171428571428,212175.9032967033,172615.46373626374,2.0,1.0,0.0,1.0,0.0,83848.8,8.0,7.0,0.5,0.8263736263736263,7.1,0.0
119,31,0,910.0,0.5428571428571428,105000.0,10.0,303296.7032967033,65934.06593406593,97998.0,1.2835164835164836,97910.4,0.93248,205386.3032967033,178767.54285714286,2.0,2.0,0.5428571428571428,0.0,0.45714285714285713,88237.02857142857,8.457142857142857,7.662857142857143,0.5914285714285714,1.035353218210361,7.052116940822286,0.0
119,10,0,910.0,0.5428571428571428,105000.0,10.0,303296.7032967033,65934.06593406593,97998.0,1.2835164835164836,97541.95824175824,0.928971030873888,205754.74505494506,146414.08571428573,2.0,2.0,1.0,0.0,0.0,88425.5142857143,8.542857142857143,7.7871428571428565,0.6085714285714285,1.0745368916797489,7.043138867226464,0.0
119,27,0,910.0,0.5428571428571428,105000.0,10.0,303296.7032967033,65934.06593406593,97998.0,1.2835164835164836,96103.48351648351,0.9152712715855573,207193.21978021978,147852.56043956045,2.0,2.0,1.0,0.0,0.0,87270.5142857143,8.457142857142857,7.662857142857143,0.5914285714285714,1.035353218210361,7.052116940822286,0.0
119,55,0,910.0,0.5428571428571428,105000.0,10.0,303296.7032967033,65934.06593406593,97998.0,1.2835164835164836,96943.88571428572,0.9232751020408163,206352.81758241757,187802.43516483516,2.0,2.0,0.0,0.5428571428571428,0.45714285714285713,87270.5142857143,8.457142857142857,7.662857142857143,0.5914285714285714,1.035353218210361,7.052116940822286,0.0
119,66,0,910.0,0.5428571428571428,105000.0,10.0,303296.7032967033,65934.06593406593,97998.0,1.2835164835164836,104904.34285714285,0.9990889795918367,198392.36043956043,158831.92087912088,2.0,1.0,0.0,0.45714285714285713,0.5428571428571428,92379.34285714285,9.0,8.45,0.7,1.2835164835164836,6.995255808048749,0.0
119,20,0,910.0,0.5428571428571428,105000.0,10.0,303296.7032967033,65934.06593406593,97998.0,1.2835164835164836,97304.57142857143,0.9267102040816326,205992.13186813187,166431.6923076923,2.0,2.0,0.0,1.0,0.0,87631.2,8.457142857142857,7.662857142857143,0.5914285714285714,1.035353218210361,7.052116940822286,0.0
119,23,0,910.0,0.5428571428571428,105000.0,10.0,303296.7032967033,65934.06593406593,97998.0,1.2835164835164836,104904.34285714285,0.9990889795918367,198392.36043956043,179841.97802197802,2.0,1.0,0.0,0.5428571428571428,0.45714285714285713,92379.34285714285,9.0,8.45,0.7,1.2835164835164836,6.995255808048749,0.0
119,18,0,910.0,0.5428571428571428,105000.0,10.0,303296.7032967033,65934.06593406593,97998.0,1.2835164835164836,97549.71428571429,0.9290448979591837,205746.989010989,166186.54945054944,2.0,2.0,0.0,1.0,0.0,87876.34285714285,8.457142857142857,7.662857142857143,0.5914285714285714,1.035353218210361,7.052116940822286,0.0
119,67,0,910.0,0.5428571428571428,105000.0,10.0,303296.7032967033,65934.06593406593,97998.0,1.2835164835164836,104471.62857142858,0.9949678911564626,198825.07472527472,159264.63516483517,2.0,1.0,0.0,0.45714285714285713,0.5428571428571428,91946.62857142858,9.0,8.45,0.7,1.2835164835164836,6.995255808048749,0.0
120,52,1,916.0,0.5240174672489083,124000.0,10.0,278384.27947598253,65502.18340611354,102896.33333333333,1.3187772925764192,101419.61135371179,0.8179000915621919,176964.66812227076,99453.75109170306,2.0,1.0,1.0,0.0,0.0,94275.61135371179,8.0,7.0,0.5,0.7980349344978166,6.588765832855962,0.0
120,67,1,916.0,0.5240174672489083,124000.0,10.0,278384.27947598253,65502.18340611354,102896.33333333333,1.3187772925764192,101845.43449781659,0.8213341491759403,176538.84497816593,99027.92794759825,2.0,2.0,1.0,0.0,0.0,93358.8689956332,8.475982532751091,7.690174672489083,0.5951965065502184,1.0458992010068457,6.874942794509674,0.0
120,32,1,916.0,0.5240174672489083,124000.0,10.0,278384.27947598253,65502.18340611354,102896.33333333333,1.3187772925764192,102093.63318777292,0.8233357515142978,176290.6462882096,98779.72925764193,2.0,1.0,0.4759825327510917,0.5240174672489083,0.0,94949.63318777292,8.0,7.0,0.5,0.7980349344978166,6.588765832855962,0.0
120,56,0,916.0,0.5240174672489083,124000.0,10.0,278384.27947598253,65502.18340611354,102896.33333333333,1.3187772925764192,104046.61572052402,0.8390856106493872,174337.66375545852,108835.48034934497,2.0,1.0,0.0,1.0,0.0,92222.61572052402,9.0,8.45,0.7,1.3187772925764192,7.189999999999999,0.0
120,68,0,916.0,0.5240174672489083,124000.0,10.0,278384.27947598253,65502.18340611354,102896.33333333333,1.3187772925764192,104464.68122270743,0.8424571066347373,173919.59825327512,108417.41484716158,2.0,1.0,0.0,1.0,0.0,92640.68122270743,9.0,8.45,0.7,1.3187772925764192,7.189999999999999,0.0
121,58,1,844.0,0.7582938388625592,106000.0,11.0,343601.8957345972,71090.04739336493,105575.0,1.4656398104265402,102291.77488151658,0.9650167441652509,241310.12085308056,97945.19194312797,2.0,2.0,1.0,0.0,0.0,92564.67298578199,8.75829383886256,8.09952606635071,0.5924170616113744,1.3187259944745178,7.17173255104721,0.0
121,13,1,844.0,0.7582938388625592,106000.0,11.0,343601.8957345972,71090.04739336493,105575.0,1.4656398104265402,103661.75355450237,0.9779410712688903,239940.1421800948,96575.21327014218,2.0,2.0,0.24170616113744076,0.7582938388625592,0.0,92564.67298578199,8.75829383886256,8.09952606635071,0.5924170616113744,1.3187259944745178,7.17173255104721,0.0
121,42,1,844.0,0.7582938388625592,106000.0,11.0,343601.8957345972,71090.04739336493,105575.0,1.4656398104265402,103970.05213270143,0.9808495484217116,239631.84360189573,154596.1895734597,2.0,2.0,0.0,0.0,1.0,92872.97156398105,8.75829383886256,8.09952606635071,0.5924170616113744,1.3187259944745178,7.17173255104721,0.0
121,45,0,844.0,0.7582938388625592,106000.0,11.0,343601.8957345972,71090.04739336493,105575.0,1.4656398104265402,107316.72985781991,1.0124219797907539,236285.16587677726,116985.95260663507,2.0,1.0,0.0,1.0,0.0,100112.72985781991,8.0,7.0,0.45454545454545453,0.8578199052132701,6.515492425990327,0.0
121,28,0,844.0,0.7582938388625592,106000.0,11.0,343601.8957345972,71090.04739336493,105575.0,1.4656398104265402,107316.72985781991,1.0124219797907539,236285.16587677726,92920.23696682464,2.0,1.0,1.0,0.0,0.0,100112.72985781991,8.0,7.0,0.45454545454545453,0.8578199052132701,6.515492425990327,0.0
121,19,0,844.0,0.7582938388625592,106000.0,11.0,343601.8957345972,71090.04739336493,105575.0,1.4656398104265402,105422.70616113744,0.9945538317088438,238179.1895734597,116761.90521327015,2.0,2.0,0.0,0.7582938388625592,0.24170616113744076,96977.78672985782,8.24170616113744,7.3504739336492895,0.4984920292977165,1.0047337211652927,6.724668965852208,0.0
121,32,0,844.0,0.7582938388625592,106000.0,11.0,343601.8957345972,71090.04739336493,105575.0,1.4656398104265402,107036.5924170616,1.0097791737458643,236565.30331753555,96215.35545023697,2.0,1.0,0.7582938388625592,0.24170616113744076,0.0,99832.5924170616,8.0,7.0,0.45454545454545453,0.8578199052132701,6.515492425990327,0.0
121,25,0,844.0,0.7582938388625592,106000.0,11.0,343601.8957345972,71090.04739336493,105575.0,1.4656398104265402,107316.72985781991,1.0124219797907539,236285.16587677726,116985.95260663507,2.0,1.0,0.0,1.0,0.0,100112.72985781991,8.0,7.0,0.45454545454545453,0.8578199052132701,6.515492425990327,0.0
121,37,0,844.0,0.7582938388625592,106000.0,11.0,343601.8957345972,71090.04739336493,105575.0,1.4656398104265402,107340.90047393365,1.0126500044710722,236260.9952606635,116985.95260663507,2.0,1.0,0.0,1.0,0.0,100136.90047393365,8.0,7.0,0.45454545454545453,0.8578199052132701,6.515492425990327,0.0
121,53,0,844.0,0.7582938388625592,106000.0,11.0,343601.8957345972,71090.04739336493,105575.0,1.4656398104265402,106295.26540284361,1.0027855226683358,237306.63033175355,118002.82464454976,2.0,1.0,0.0,1.0,0.0,99091.26540284361,8.0,7.0,0.45454545454545453,0.8578199052132701,6.515492425990327,0.0
121,44,0,844.0,0.7582938388625592,106000.0,11.0,343601.8957345972,71090.04739336493,105575.0,1.4656398104265402,107036.5924170616,1.0097791737458643,236565.30331753555,93200.37440758295,2.0,1.0,1.0,0.0,0.0,99832.5924170616,8.0,7.0,0.45454545454545453,0.8578199052132701,6.515492425990327,0.0
121,49,0,844.0,0.7582938388625592,106000.0,11.0,343601.8957345972,71090.04739336493,105575.0,1.4656398104265402,107316.72985781991,1.0124219797907539,236285.16587677726,96215.35545023697,2.0,1.0,0.7582938388625592,0.24170616113744076,0.0,100112.72985781991,8.0,7.0,0.45454545454545453,0.8578199052132701,6.515492425990327,0.0
124,7,1,1380.0,0.6427536231884058,105000.0,11.0,163043.47826086957,43478.260869565216,98317.66666666667,0.8260869565217391,91398.15869565218,0.8704586542443065,71645.31956521739,31438.55579710145,2.0,1.0,0.0,0.6427536231884058,0.3572463768115942,79512.15869565218,9.0,8.45,0.6363636363636364,0.8260869565217391,7.380909090909091,0.0
124,51,1,1380.0,0.6427536231884058,105000.0,11.0,163043.47826086957,43478.260869565216,98317.66666666667,0.8260869565217391,91067.43405797101,0.8673088957902001,71976.04420289856,11106.478985507247,2.0,1.0,0.3572463768115942,0.6427536231884058,0.0,79751.87101449276,9.0,8.45,0.6363636363636364,0.8260869565217391,7.380909090909091,0.0
124,48,1,1380.0,0.6427536231884058,105000.0,11.0,163043.47826086957,43478.260869565216,98317.66666666667,0.8260869565217391,91398.15869565218,0.8704586542443065,71645.31956521739,17297.49347826087,2.0,1.0,0.0,1.0,0.0,79512.15869565218,9.0,8.45,0.6363636363636364,0.8260869565217391,7.380909090909091,0.0
124,18,0,1380.0,0.6427536231884058,105000.0,11.0,163043.47826086957,43478.260869565216,98317.66666666667,0.8260869565217391,96324.7115942029,0.9173782056590752,66718.76666666666,12370.940579710144,2.0,2.0,0.0,1.0,0.0,86378.20217391304,8.642753623188407,7.931992753623188,0.5714097496706192,0.7264203948750263,6.972024374176549,0.0
124,3,0,1380.0,0.6427536231884058,105000.0,11.0,163043.47826086957,43478.260869565216,98317.66666666667,0.8260869565217391,95736.54057971014,0.9117765769496204,67306.93768115943,6437.372463768116,2.0,2.0,1.0,0.0,0.0,86814.63188405798,8.642753623188407,7.931992753623188,0.5714097496706192,0.7264203948750263,6.972024374176549,0.0
124,63,0,1380.0,0.6427536231884058,105000.0,11.0,163043.47826086957,43478.260869565216,98317.66666666667,0.8260869565217391,96761.14130434782,0.9215346790890269,66282.33695652174,5412.771739130435,2.0,2.0,0.3572463768115942,0.6427536231884058,0.0,86814.63188405798,8.642753623188407,7.931992753623188,0.5714097496706192,0.7264203948750263,6.972024374176549,0.0
124,60,0,1380.0,0.6427536231884058,105000.0,11.0,163043.47826086957,43478.260869565216,98317.66666666667,0.8260869565217391,96324.7115942029,0.9173782056590752,66718.76666666666,5849.201449275362,2.0,2.0,0.3572463768115942,0.6427536231884058,0.0,86378.20217391304,8.642753623188407,7.931992753623188,0.5714097496706192,0.7264203948750263,6.972024374176549,0.0
124,69,0,1380.0,0.6427536231884058,105000.0,11.0,163043.47826086957,43478.260869565216,98317.66666666667,0.8260869565217391,95853.1463768116,0.9128871083505866,67190.33188405797,12842.505797101448,2.0,2.0,0.0,1.0,0.0,85906.63695652173,8.642753623188407,7.931992753623188,0.5714097496706192,0.7264203948750263,6.972024374176549,0.0
124,28,0,1380.0,0.6427536231884058,105000.0,11.0,163043.47826086957,43478.260869565216,98317.66666666667,0.8260869565217391,96324.7115942029,0.9173782056590752,66718.76666666666,12370.940579710144,2.0,2.0,0.0,1.0,0.0,86378.20217391304,8.642753623188407,7.931992753623188,0.5714097496706192,0.7264203948750263,6.972024374176549,0.0
124,22,0,1380.0,0.6427536231884058,105000.0,11.0,163043.47826086957,43478.260869565216,98317.66666666667,0.8260869565217391,96289.57608695653,0.9170435817805384,66753.90217391304,12406.076086956522,2.0,2.0,0.0,1.0,0.0,86343.06666666667,8.642753623188407,7.931992753623188,0.5714097496706192,0.7264203948750263,6.972024374176549,0.0
124,44,0,1380.0,0.6427536231884058,105000.0,11.0,163043.47826086957,43478.260869565216,98317.66666666667,0.8260869565217391,96324.7115942029,0.9173782056590752,66718.76666666666,30163.239130434784,2.0,2.0,0.0,0.6427536231884058,0.3572463768115942,86378.20217391304,8.642753623188407,7.931992753623188,0.5714097496706192,0.7264203948750263,6.972024374176549,0.0
124,57,0,1380.0,0.6427536231884058,105000.0,11.0,163043.47826086957,43478.260869565216,98317.66666666667,0.8260869565217391,94837.27391304348,0.903212132505176,68206.20434782609,13858.378260869566,2.0,2.0,0.6427536231884058,0.3572463768115942,0.0,85906.63695652173,8.642753623188407,7.931992753623188,0.5714097496706192,0.7264203948750263,6.972024374176549,0.0
125,64,1,1001.0,0.7572427572427572,111000.0,11.0,230769.23076923078,59940.05994005994,97396.0,1.152847152847153,93859.52347652348,0.8455812925812926,136909.7072927073,84355.01298701299,2.0,2.0,0.24275724275724275,0.0,0.7572427572427572,85913.73126873127,8.242757242757243,7.351998001998003,0.4986831350467714,0.8600869659810719,7.152714939191868,0.0
125,39,1,1001.0,0.7572427572427572,111000.0,11.0,230769.23076923078,59940.05994005994,97396.0,1.152847152847153,94106.41258741259,0.8478055188055188,136662.81818181818,91443.37662337662,2.0,2.0,0.0,0.24275724275724275,0.7572427572427572,85736.76123876123,8.242757242757243,7.351998001998003,0.4986831350467714,0.8600869659810719,7.152714939191868,0.0
125,47,1,1001.0,0.7572427572427572,111000.0,11.0,230769.23076923078,59940.05994005994,97396.0,1.152847152847153,92291.31668331668,0.8314533034533035,138477.9140859141,26722.595404595406,2.0,1.0,0.7572427572427572,0.0,0.24275724275724275,85081.31668331668,8.0,7.0,0.45454545454545453,0.7662337662337663,7.07956034965719,0.0
125,3,0,1001.0,0.7572427572427572,111000.0,11.0,230769.23076923078,59940.05994005994,97396.0,1.152847152847153,98064.92907092907,0.8834678294678294,132704.3016983017,22764.078921078923,2.0,1.0,0.7572427572427572,0.0,0.24275724275724275,87405.72427572428,9.0,8.45,0.6363636363636364,1.152847152847153,7.380909090909091,0.0
125,67,0,1001.0,0.7572427572427572,111000.0,11.0,230769.23076923078,59940.05994005994,97396.0,1.152847152847153,97256.68531468531,0.8761863541863542,133512.54545454544,69195.8981018981,2.0,2.0,0.0,0.7572427572427572,0.24275724275724275,86429.33666333667,8.757242757242757,8.098001998001997,0.5922259558623195,1.0589939530998471,7.307754501374413,0.0
125,59,0,1001.0,0.7572427572427572,111000.0,11.0,230769.23076923078,59940.05994005994,97396.0,1.152847152847153,96249.83316683317,0.8671156141156141,134519.3976023976,22764.078921078923,2.0,2.0,0.7572427572427572,0.0,0.24275724275724275,86750.27972027972,8.757242757242757,8.098001998001997,0.5922259558623195,1.0589939530998471,7.307754501374413,0.0
125,71,0,1001.0,0.7572427572427572,111000.0,11.0,230769.23076923078,59940.05994005994,97396.0,1.152847152847153,95940.06693306693,0.8643249273249273,134829.16383616385,23311.747252747253,2.0,2.0,0.7572427572427572,0.0,0.24275724275724275,86429.33666333667,8.757242757242757,8.098001998001997,0.5922259558623195,1.0589939530998471,7.307754501374413,0.0
125,55,0,1001.0,0.7572427572427572,111000.0,11.0,230769.23076923078,59940.05994005994,97396.0,1.152847152847153,97644.60939060939,0.8796811656811657,133124.62137862138,22764.078921078923,2.0,1.0,1.0,0.0,0.0,87405.72427572428,9.0,8.45,0.6363636363636364,1.152847152847153,7.380909090909091,0.0
125,49,0,1001.0,0.7572427572427572,111000.0,11.0,230769.23076923078,59940.05994005994,97396.0,1.152847152847153,96487.73526473527,0.8692588762588762,134281.4955044955,22764.078921078923,2.0,2.0,0.7572427572427572,0.24275724275724275,0.0,86988.18181818182,8.757242757242757,8.098001998001997,0.5922259558623195,1.0589939530998471,7.307754501374413,0.0
125,30,0,1001.0,0.7572427572427572,111000.0,11.0,230769.23076923078,59940.05994005994,97396.0,1.152847152847153,97256.68531468531,0.8761863541863542,133512.54545454544,48597.46053946054,2.0,2.0,0.24275724275724275,0.7572427572427572,0.0,86429.33666333667,8.757242757242757,8.098001998001997,0.5922259558623195,1.0589939530998471,7.307754501374413,0.0
125,35,0,1001.0,0.7572427572427572,111000.0,11.0,230769.23076923078,59940.05994005994,97396.0,1.152847152847153,95940.06693306693,0.8643249273249273,134829.16383616385,23311.747252747253,2.0,2.0,0.7572427572427572,0.24275724275724275,0.0,86429.33666333667,8.757242757242757,8.098001998001997,0.5922259558623195,1.0589939530998471,7.307754501374413,0.0
125,66,0,1001.0,0.7572427572427572,111000.0,11.0,230769.23076923078,59940.05994005994,97396.0,1.152847152847153,98411.18081918082,0.8865872145872146,132358.04995004996,80358.41458541459,2.0,1.0,0.24275724275724275,0.0,0.7572427572427572,86844.45154845154,9.0,8.45,0.6363636363636364,1.152847152847153,7.380909090909091,0.0
126,40,1,1377.0,0.6376180101670298,116000.0,7.0,212781.40885984024,43572.98474945534,101282.33333333333,0.9411764705882353,100917.7966594045,0.8699810056845215,111863.61220043573,72436.16122004358,2.0,2.0,0.0,1.0,0.0,90613.6049382716,8.63761801016703,7.924546114742192,0.8964622886191513,0.8027502348205212,6.184922671786193,0.0
126,62,1,1377.0,0.6376180101670298,116000.0,7.0,212781.40885984024,43572.98474945534,101282.33333333333,0.9411764705882353,100248.05519244735,0.864207372348684,112533.35366739289,34964.310820624545,2.0,2.0,1.0,0.0,0.0,91102.02033405955,8.63761801016703,7.924546114742192,0.8964622886191513,0.8027502348205212,6.184922671786193,0.0
126,17,1,1377.0,0.6376180101670298,116000.0,7.0,212781.40885984024,43572.98474945534,101282.33333333333,0.9411764705882353,101406.21205519245,0.8741914832344176,111375.19680464779,81600.32389251997,2.0,2.0,0.0,0.3623819898329702,0.6376180101670298,91102.02033405955,8.63761801016703,7.924546114742192,0.8964622886191513,0.8027502348205212,6.184922671786193,0.0
126,47,0,1377.0,0.6376180101670298,116000.0,7.0,212781.40885984024,43572.98474945534,101282.33333333333,0.9411764705882353,102810.44226579521,0.8862969160844414,109970.96659404502,70053.93754538853,2.0,1.0,0.0,0.6376180101670298,0.3623819898329702,90612.44226579521,9.0,8.45,1.0,0.9411764705882353,6.29,0.0
126,63,0,1377.0,0.6376180101670298,116000.0,7.0,212781.40885984024,43572.98474945534,101282.33333333333,0.9411764705882353,102810.44226579521,0.8862969160844414,109970.96659404502,70053.93754538853,2.0,1.0,0.0,1.0,0.0,90612.44226579521,9.0,8.45,1.0,0.9411764705882353,6.29,0.0
126,42,0,1377.0,0.6376180101670298,116000.0,7.0,212781.40885984024,43572.98474945534,101282.33333333333,0.9411764705882353,102810.44226579521,0.8862969160844414,109970.96659404502,91713.98402323893,2.0,1.0,0.0,0.0,1.0,90612.44226579521,9.0,8.45,1.0,0.9411764705882353,6.29,0.0
126,16,0,1377.0,0.6376180101670298,116000.0,7.0,212781.40885984024,43572.98474945534,101282.33333333333,0.9411764705882353,102810.44226579521,0.8862969160844414,109970.96659404502,70053.93754538853,2.0,1.0,0.0,0.6376180101670298,0.3623819898329702,90612.44226579521,9.0,8.45,1.0,0.9411764705882353,6.29,0.0
126,61,0,1377.0,0.6376180101670298,116000.0,7.0,212781.40885984024,43572.98474945534,101282.33333333333,0.9411764705882353,103091.28830791576,0.8887180026544462,109690.12055192447,91713.98402323893,2.0,1.0,0.0,0.0,1.0,90893.28830791576,9.0,8.45,1.0,0.9411764705882353,6.29,0.0
126,15,0,1377.0,0.6376180101670298,116000.0,7.0,212781.40885984024,43572.98474945534,101282.33333333333,0.9411764705882353,103091.28830791576,0.8887180026544462,109690.12055192447,91713.98402323893,2.0,1.0,0.0,0.0,1.0,90893.28830791576,9.0,8.45,1.0,0.9411764705882353,6.29,0.0
126,60,0,1377.0,0.6376180101670298,116000.0,7.0,212781.40885984024,43572.98474945534,101282.33333333333,0.9411764705882353,103091.28830791576,0.8887180026544462,109690.12055192447,70053.93754538853,2.0,1.0,0.0,0.6376180101670298,0.3623819898329702,90893.28830791576,9.0,8.45,1.0,0.9411764705882353,6.29,0.0
126,50,0,1377.0,0.6376180101670298,116000.0,7.0,212781.40885984024,43572.98474945534,101282.33333333333,0.9411764705882353,103091.28830791576,0.8887180026544462,109690.12055192447,79915.24763979665,2.0,1.0,0.0,0.3623819898329702,0.6376180101670298,90893.28830791576,9.0,8.45,1.0,0.9411764705882353,6.29,0.0
127,4,1,851.0,0.5334900117508813,119000.0,14.0,297297.2972972973,70505.28789659224,98899.0,1.4559341950646298,92925.41128084606,0.7808858090827401,204371.88601645123,138421.40305522914,2.0,1.0,0.5334900117508813,0.0,0.46650998824911866,86418.41128084606,8.0,7.0,0.35714285714285715,0.9576968272620446,7.5285714285714285,0.0
127,52,1,851.0,0.5334900117508813,119000.0,14.0,297297.2972972973,70505.28789659224,98899.0,1.4559341950646298,92334.97649823737,0.7759241722540955,204962.32079905993,160751.9177438308,2.0,1.0,0.46650998824911866,0.0,0.5334900117508813,85827.97649823737,8.0,7.0,0.35714285714285715,0.9576968272620446,7.5285714285714285,0.0
127,58,1,851.0,0.5334900117508813,119000.0,14.0,297297.2972972973,70505.28789659224,98899.0,1.4559341950646298,92425.77908343126,0.7766872191884979,204871.51821386605,177844.491186839,2.0,1.0,0.0,0.46650998824911866,0.5334900117508813,85918.77908343126,8.0,7.0,0.35714285714285715,0.9576968272620446,7.5285714285714285,0.0
127,40,0,851.0,0.5334900117508813,119000.0,14.0,297297.2972972973,70505.28789659224,98899.0,1.4559341950646298,98521.96944770857,0.8279157096446099,198775.3278495887,131795.30434782608,2.0,2.0,0.46650998824911866,0.5334900117508813,0.0,89268.56286721503,8.533490011750882,7.773560517038777,0.4333557159644116,1.2235014864657738,7.637956788377716,0.0
127,53,0,851.0,0.5334900117508813,119000.0,14.0,297297.2972972973,70505.28789659224,98899.0,1.4559341950646298,98521.96944770857,0.8279157096446099,198775.3278495887,181796.2749706228,2.0,2.0,0.0,0.0,1.0,89268.56286721503,8.533490011750882,7.773560517038777,0.4333557159644116,1.2235014864657738,7.637956788377716,0.0
127,11,0,851.0,0.5334900117508813,119000.0,14.0,297297.2972972973,70505.28789659224,98899.0,1.4559341950646298,102152.83548766158,0.858427188971946,195144.46180963572,128164.43830787309,2.0,1.0,1.0,0.0,0.0,92344.72972972973,9.0,8.45,0.5,1.4559341950646298,7.733608743979251,0.0
127,9,0,851.0,0.5334900117508813,119000.0,14.0,297297.2972972973,70505.28789659224,98899.0,1.4559341950646298,98270.68272620447,0.8258040565227266,199026.61457109282,171999.5875440658,2.0,2.0,0.0,0.46650998824911866,0.5334900117508813,89362.089306698,8.466509988249118,7.6764394829612215,0.42378714117844557,1.1901295358609005,7.624223384172962,0.0
127,67,0,851.0,0.5334900117508813,119000.0,14.0,297297.2972972973,70505.28789659224,98899.0,1.4559341950646298,98600.67802585194,0.8285771262676633,198696.61927144535,172013.7285546416,2.0,2.0,0.0,0.5334900117508813,0.46650998824911866,89347.2714453584,8.533490011750882,7.773560517038777,0.4333557159644116,1.2235014864657738,7.637956788377716,0.0
127,8,0,851.0,0.5334900117508813,119000.0,14.0,297297.2972972973,70505.28789659224,98899.0,1.4559341950646298,98032.18096357227,0.823799840030019,199265.11633372502,132285.0928319624,2.0,2.0,1.0,0.0,0.0,89768.19506462985,8.533490011750882,7.773560517038777,0.4333557159644116,1.2235014864657738,7.637956788377716,0.0
127,62,0,851.0,0.5334900117508813,119000.0,14.0,297297.2972972973,70505.28789659224,98899.0,1.4559341950646298,98101.04582843713,0.8243785363734213,199196.25146886017,181796.2749706228,2.0,2.0,0.0,0.0,1.0,88847.63924794359,8.533490011750882,7.773560517038777,0.4333557159644116,1.2235014864657738,7.637956788377716,0.0
127,22,0,851.0,0.5334900117508813,119000.0,14.0,297297.2972972973,70505.28789659224,98899.0,1.4559341950646298,103142.25616921269,0.866741648480779,194155.04112808462,151910.54876615747,2.0,1.0,0.46650998824911866,0.0,0.5334900117508813,92344.72972972973,9.0,8.45,0.5,1.4559341950646298,7.733608743979251,0.0
127,61,0,851.0,0.5334900117508813,119000.0,14.0,297297.2972972973,70505.28789659224,98899.0,1.4559341950646298,97903.53936545241,0.822718818197079,199393.75793184488,138421.40305522914,2.0,2.0,0.5334900117508813,0.0,0.46650998824911866,88994.94594594595,8.466509988249118,7.6764394829612215,0.42378714117844557,1.1901295358609005,7.624223384172962,0.0
128,59,1,1062.0,0.6563088512241054,116000.0,9.0,182674.19962335218,56497.17514124294,93394.0,1.2297551789077212,92934.19303201507,0.8011568364828885,89740.00659133709,81066.63559322034,2.0,2.0,0.6563088512241054,0.0,0.3436911487758945,84251.3418079096,8.656308851224106,7.951647834274953,0.6284787612471229,1.072472788789939,6.883002423538304,0.0
128,34,1,1062.0,0.6563088512241054,116000.0,9.0,182674.19962335218,56497.17514124294,93394.0,1.2297551789077212,94460.61299435029,0.8143156292616404,88213.58662900189,88213.58662900189,2.0,1.0,0.0,0.6563088512241054,0.3436911487758945,87603.61299435029,8.0,7.0,0.5555555555555556,0.7721280602636534,6.105804311774461,0.0
128,21,1,1062.0,0.6563088512241054,116000.0,9.0,182674.19962335218,56497.17514124294,93394.0,1.2297551789077212,94011.19585687382,0.8104413435937399,88663.00376647834,85838.1450094162,2.0,2.0,0.3436911487758945,0.0,0.6563088512241054,84251.3418079096,8.656308851224106,7.951647834274953,0.6284787612471229,1.072472788789939,6.883002423538304,0.0
128,47,0,1062.0,0.6563088512241054,116000.0,9.0,182674.19962335218,56497.17514124294,93394.0,1.2297551789077212,95594.21280602636,0.8240880414312618,87079.9868173258,87079.9868173258,2.0,1.0,0.0,0.6563088512241054,0.3436911487758945,88737.21280602636,8.0,7.0,0.5555555555555556,0.7721280602636534,6.105804311774461,0.0
128,10,0,1062.0,0.6563088512241054,116000.0,9.0,182674.19962335218,56497.17514124294,93394.0,1.2297551789077212,95231.6186440678,0.8209622296902396,87442.58097928436,78406.61581920904,2.0,1.0,0.6563088512241054,0.0,0.3436911487758945,88374.6186440678,8.0,7.0,0.5555555555555556,0.7721280602636534,6.105804311774461,0.0
128,57,0,1062.0,0.6563088512241054,116000.0,9.0,182674.19962335218,56497.17514124294,93394.0,1.2297551789077212,95231.6186440678,0.8209622296902396,87442.58097928436,68610.18926553673,2.0,1.0,0.3436911487758945,0.6563088512241054,0.0,88374.6186440678,8.0,7.0,0.5555555555555556,0.7721280602636534,6.105804311774461,0.0
128,16,0,1062.0,0.6563088512241054,116000.0,9.0,182674.19962335218,56497.17514124294,93394.0,1.2297551789077212,95231.6186440678,0.8209622296902396,87442.58097928436,84617.72222222222,2.0,1.0,0.0,0.3436911487758945,0.6563088512241054,88374.6186440678,8.0,7.0,0.5555555555555556,0.7721280602636534,6.105804311774461,0.0
128,51,0,1062.0,0.6563088512241054,116000.0,9.0,182674.19962335218,56497.17514124294,93394.0,1.2297551789077212,95086.2372881356,0.8197089421391,87587.96233521657,87587.96233521657,2.0,2.0,0.0,0.6563088512241054,0.3436911487758945,86709.09133709982,8.343691148775894,7.498352165725047,0.5937434609750993,0.9294104503814358,6.512801888236158,0.0
128,26,0,1062.0,0.6563088512241054,116000.0,9.0,182674.19962335218,56497.17514124294,93394.0,1.2297551789077212,95594.21280602636,0.8240880414312618,87079.9868173258,68247.59510357815,2.0,1.0,0.3436911487758945,0.6563088512241054,0.0,88737.21280602636,8.0,7.0,0.5555555555555556,0.7721280602636534,6.105804311774461,0.0
128,0,0,1062.0,0.6563088512241054,116000.0,9.0,182674.19962335218,56497.17514124294,93394.0,1.2297551789077212,95594.21280602636,0.8240880414312618,87079.9868173258,78406.61581920904,2.0,1.0,0.6563088512241054,0.3436911487758945,0.0,88737.21280602636,8.0,7.0,0.5555555555555556,0.7721280602636534,6.105804311774461,0.0
128,42,0,1062.0,0.6563088512241054,116000.0,9.0,182674.19962335218,56497.17514124294,93394.0,1.2297551789077212,95231.6186440678,0.8209622296902396,87442.58097928436,84617.72222222222,2.0,1.0,0.0,0.3436911487758945,0.6563088512241054,88374.6186440678,8.0,7.0,0.5555555555555556,0.7721280602636534,6.105804311774461,0.0
128,31,0,1062.0,0.6563088512241054,116000.0,9.0,182674.19962335218,56497.17514124294,93394.0,1.2297551789077212,95086.2372881356,0.8197089421391,87587.96233521657,78406.61581920904,2.0,2.0,0.6563088512241054,0.3436911487758945,0.0,86709.09133709982,8.343691148775894,7.498352165725047,0.5937434609750993,0.9294104503814358,6.512801888236158,0.0
129,66,1,1192.0,0.6644295302013423,120000.0,11.0,173657.71812080537,50335.57046979866,102602.33333333333,0.9328859060402684,105705.92617449665,0.8808827181208053,67951.79194630873,28522.261744966443,2.0,2.0,0.33557046979865773,0.6644295302013423,0.0,94879.06040268457,8.664429530201343,7.963422818791946,0.5753508236729713,0.859972523760191,6.997054447405415,0.0
129,23,1,1192.0,0.6644295302013423,120000.0,11.0,173657.71812080537,50335.57046979866,102602.33333333333,0.9328859060402684,104972.94043624161,0.8747745036353467,68684.77768456376,19758.267617449663,2.0,2.0,1.0,0.0,0.0,95403.29530201343,8.664429530201343,7.963422818791946,0.5753508236729713,0.859972523760191,6.997054447405415,0.0
129,65,1,1192.0,0.6644295302013423,120000.0,11.0,173657.71812080537,50335.57046979866,102602.33333333333,0.9328859060402684,105473.60402684564,0.8789467002237137,68184.11409395972,20177.40268456376,2.0,2.0,0.6644295302013423,0.33557046979865773,0.0,96430.46979865772,8.335570469798657,7.4865771812080535,0.5155582672361196,0.7885174091257151,6.620876896771812,0.0
129,28,0,1192.0,0.6644295302013423,120000.0,11.0,173657.71812080537,50335.57046979866,102602.33333333333,0.9328859060402684,106621.69798657719,0.8885141498881431,67036.0201342282,50257.4966442953,2.0,1.0,0.0,0.33557046979865773,0.6644295302013423,93974.69798657719,9.0,8.45,0.6363636363636364,0.9328859060402684,7.380909090909091,0.0
129,34,0,1192.0,0.6644295302013423,120000.0,11.0,173657.71812080537,50335.57046979866,102602.33333333333,0.9328859060402684,106517.12080536912,0.887642673378076,67140.59731543624,50362.07382550336,2.0,1.0,0.33557046979865773,0.0,0.6644295302013423,94502.95973154363,9.0,8.45,0.6363636363636364,0.9328859060402684,7.380909090909091,0.0
129,51,0,1192.0,0.6644295302013423,120000.0,11.0,173657.71812080537,50335.57046979866,102602.33333333333,0.9328859060402684,107149.95973154363,0.8929163310961968,66507.75838926174,49729.23489932886,2.0,1.0,0.0,0.33557046979865773,0.6644295302013423,94502.95973154363,9.0,8.45,0.6363636363636364,0.9328859060402684,7.380909090909091,0.0
129,20,0,1192.0,0.6644295302013423,120000.0,11.0,173657.71812080537,50335.57046979866,102602.33333333333,0.9328859060402684,107149.95973154363,0.8929163310961968,66507.75838926174,49729.23489932886,2.0,1.0,0.0,0.33557046979865773,0.6644295302013423,94502.95973154363,9.0,8.45,0.6363636363636364,0.9328859060402684,7.380909090909091,0.0
129,64,0,1192.0,0.6644295302013423,120000.0,11.0,173657.71812080537,50335.57046979866,102602.33333333333,0.9328859060402684,106880.8322147651,0.8906736017897092,66776.88590604028,49998.36241610738,2.0,1.0,0.0,0.33557046979865773,0.6644295302013423,94233.8322147651,9.0,8.45,0.6363636363636364,0.9328859060402684,7.380909090909091,0.0
131,52,1,1258.0,0.6589825119236884,106000.0,14.0,271065.1828298887,47694.753577106516,99022.66666666667,0.8744038155802861,102110.25755166932,0.9633043165251822,168954.9252782194,91848.40699523053,2.0,2.0,0.3410174880763116,0.6589825119236884,0.0,91070.79093799682,8.65898251192369,7.9555246422893475,0.4512832159890983,0.7844055595855839,7.610504208975678,0.0
131,49,1,1258.0,0.6589825119236884,106000.0,14.0,271065.1828298887,47694.753577106516,99022.66666666667,0.8744038155802861,101740.25357710652,0.9598137129915709,169324.9292527822,120835.26311605723,2.0,2.0,0.0,1.0,0.0,90700.78696343402,8.65898251192369,7.9555246422893475,0.4512832159890983,0.7844055595855839,7.610504208975678,0.0
131,5,1,1258.0,0.6589825119236884,106000.0,14.0,271065.1828298887,47694.753577106516,99022.66666666667,0.8744038155802861,102110.25755166932,0.9633043165251822,168954.9252782194,91848.40699523053,2.0,2.0,0.3410174880763116,0.6589825119236884,0.0,91070.79093799682,8.65898251192369,7.9555246422893475,0.4512832159890983,0.7844055595855839,7.610504208975678,0.0
131,54,0,1258.0,0.6589825119236884,106000.0,14.0,271065.1828298887,47694.753577106516,99022.66666666667,0.8744038155802861,105202.26311605723,0.9924741803401625,165862.91971383148,120200.60095389507,2.0,1.0,0.0,0.6589825119236884,0.3410174880763116,92127.26311605723,9.0,8.45,0.5,0.8744038155802861,7.79,0.0
131,71,0,1258.0,0.6589825119236884,106000.0,14.0,271065.1828298887,47694.753577106516,99022.66666666667,0.8744038155802861,104682.84658187599,0.9875740243573207,166382.33624801273,117892.67011128776,2.0,1.0,0.0,1.0,0.0,91607.84658187599,9.0,8.45,0.5,0.8744038155802861,7.79,0.0
131,55,0,1258.0,0.6589825119236884,106000.0,14.0,271065.1828298887,47694.753577106516,99022.66666666667,0.8744038155802861,103459.71303656598,0.9760350286468489,167605.46979332273,77888.4173290938,2.0,1.0,0.6589825119236884,0.3410174880763116,0.0,91588.06756756757,9.0,8.45,0.5,0.8744038155802861,7.79,0.0
131,15,0,1258.0,0.6589825119236884,106000.0,14.0,271065.1828298887,47694.753577106516,99022.66666666667,0.8744038155802861,103968.8227344992,0.9808379503254642,167096.3600953895,77383.39984101748,2.0,1.0,0.6589825119236884,0.3410174880763116,0.0,92107.4841017488,9.0,8.45,0.5,0.8744038155802861,7.79,0.0
131,22,0,1258.0,0.6589825119236884,106000.0,14.0,271065.1828298887,47694.753577106516,99022.66666666667,0.8744038155802861,105202.26311605723,0.9924741803401625,165862.91971383148,117373.25357710652,2.0,1.0,0.0,1.0,0.0,92127.26311605723,9.0,8.45,0.5,0.8744038155802861,7.79,0.0
131,31,0,1258.0,0.6589825119236884,106000.0,14.0,271065.1828298887,47694.753577106516,99022.66666666667,0.8744038155802861,104034.6613672496,0.9814590695023547,167030.5214626391,89924.00317965024,2.0,1.0,0.3410174880763116,0.6589825119236884,0.0,91588.06756756757,9.0,8.45,0.5,0.8744038155802861,7.79,0.0
131,35,0,1258.0,0.6589825119236884,106000.0,14.0,271065.1828298887,47694.753577106516,99022.66666666667,0.8744038155802861,104663.06756756757,0.9873874298827129,166402.11526232114,117912.44912559619,2.0,1.0,0.0,1.0,0.0,91588.06756756757,9.0,8.45,0.5,0.8744038155802861,7.79,0.0
131,14,0,1258.0,0.6589825119236884,106000.0,14.0,271065.1828298887,47694.753577106516,99022.66666666667,0.8744038155802861,104553.9960254372,0.9863584530701622,166511.1868044515,89404.66852146263,2.0,1.0,0.3410174880763116,0.6589825119236884,0.0,92107.4841017488,9.0,8.45,0.5,0.8744038155802861,7.79,0.0
131,8,0,1258.0,0.6589825119236884,106000.0,14.0,271065.1828298887,47694.753577106516,99022.66666666667,0.8744038155802861,104293.99046104928,0.9839055703872575,166771.19236883943,89664.67408585055,2.0,1.0,0.3410174880763116,0.6589825119236884,0.0,91842.17249602544,9.0,8.45,0.5,0.8744038155802861,7.79,0.0
133,50,1,1076.0,0.5585501858736059,110000.0,11.0,218401.48698884758,55762.08178438662,102887.66666666667,1.1505576208178439,103615.16078066915,0.9419560070969922,114786.32620817843,69425.51951672863,2.0,1.0,0.44144981412639406,0.0,0.5585501858736059,97071.16078066915,8.0,7.0,0.45454545454545453,0.7053903345724907,6.236363636363636,0.0
133,18,1,1076.0,0.5585501858736059,110000.0,11.0,218401.48698884758,55762.08178438662,102887.66666666667,1.1505576208178439,104887.47583643123,0.9535225076039202,113514.01115241635,111877.73327137546,2.0,1.0,0.0,0.0,1.0,98343.47583643123,8.0,7.0,0.45454545454545453,0.7053903345724907,6.236363636363636,0.0
133,32,1,1076.0,0.5585501858736059,110000.0,11.0,218401.48698884758,55762.08178438662,102887.66666666667,1.1505576208178439,106653.78066914498,0.9695798242649544,111747.7063197026,81306.41914498141,2.0,1.0,0.0,1.0,0.0,94859.78066914498,9.0,8.45,0.6363636363636364,1.1505576208178439,7.380909090909091,0.0
134,29,1,1345.0,0.5033457249070632,115000.0,14.0,129368.02973977695,44609.665427509295,99032.33333333333,0.875092936802974,90393.77918215614,0.7860328624535315,38974.25055762082,32816.05278810409,2.0,1.0,0.0,0.5033457249070632,0.4966542750929368,78884.77918215614,9.0,8.45,0.5,0.875092936802974,7.789999999999999,0.0
134,64,1,1345.0,0.5033457249070632,115000.0,14.0,129368.02973977695,44609.665427509295,99032.33333333333,0.875092936802974,90044.05947955391,0.7829918215613383,39323.970260223046,33120.57695167286,2.0,1.0,0.0,1.0,0.0,78535.05947955391,9.0,8.45,0.5,0.875092936802974,7.789999999999999,0.0
134,39,1,1345.0,0.5033457249070632,115000.0,14.0,129368.02973977695,44609.665427509295,99032.33333333333,0.875092936802974,90083.37026022305,0.7833336544367222,39284.659479553906,32816.05278810409,2.0,1.0,0.0,1.0,0.0,78574.37026022305,9.0,8.45,0.5,0.875092936802974,7.789999999999999,0.0
134,27,0,1345.0,0.5033457249070632,115000.0,14.0,129368.02973977695,44609.665427509295,99032.33333333333,0.875092936802974,94180.96059479554,0.8189648747373525,35187.06914498141,-10166.090706319703,2.0,2.0,0.4966542750929368,0.5033457249070632,0.0,85599.92118959108,8.496654275092936,7.720148698884757,0.4280934678704195,0.7209082240433383,7.341488535104021,0.0
134,1,0,1345.0,0.5033457249070632,115000.0,14.0,129368.02973977695,44609.665427509295,99032.33333333333,0.875092936802974,100127.79925650558,0.8706765152739615,29240.230483271374,24779.263940520446,2.0,1.0,0.0,1.0,0.0,92891.79925650558,8.0,7.0,0.35714285714285715,0.5687732342007435,6.898939556447427,0.0
134,43,0,1345.0,0.5033457249070632,115000.0,14.0,129368.02973977695,44609.665427509295,99032.33333333333,0.875092936802974,100731.79256505576,0.8759286310004849,28636.23717472119,24175.27063197026,2.0,1.0,0.0,1.0,0.0,93495.79256505576,8.0,7.0,0.35714285714285715,0.5687732342007435,6.898939556447427,0.0
134,62,0,1345.0,0.5033457249070632,115000.0,14.0,129368.02973977695,44609.665427509295,99032.33333333333,0.875092936802974,95027.91747211896,0.8263297171488605,34340.11226765799,7355.582899628253,2.0,2.0,0.5033457249070632,0.4966542750929368,0.0,86434.91747211896,8.503345724907064,7.729851301115241,0.4290493892724376,0.7229579469603792,7.347451021343406,0.0
134,59,0,1345.0,0.5033457249070632,115000.0,14.0,129368.02973977695,44609.665427509295,99032.33333333333,0.875092936802974,100713.85130111524,0.8757726200096978,28654.17843866171,-16698.981412639405,2.0,1.0,1.0,0.0,0.0,93477.85130111524,8.0,7.0,0.35714285714285715,0.5687732342007435,6.898939556447427,0.0
134,22,0,1345.0,0.5033457249070632,115000.0,14.0,129368.02973977695,44609.665427509295,99032.33333333333,0.875092936802974,100127.79925650558,0.8706765152739615,29240.230483271374,24779.263940520446,2.0,1.0,0.0,1.0,0.0,92891.79925650558,8.0,7.0,0.35714285714285715,0.5687732342007435,6.898939556447427,0.0
134,4,0,1345.0,0.5033457249070632,115000.0,14.0,129368.02973977695,44609.665427509295,99032.33333333333,0.875092936802974,101362.5434944238,0.8814134216906416,28005.48624535316,1020.95687732342,2.0,1.0,0.5033457249070632,0.4966542750929368,0.0,94126.5434944238,8.0,7.0,0.35714285714285715,0.5687732342007435,6.898939556447427,0.0
134,61,0,1345.0,0.5033457249070632,115000.0,14.0,129368.02973977695,44609.665427509295,99032.33333333333,0.875092936802974,95517.18959107807,0.8305842573137223,33850.84014869889,29389.873605947956,2.0,2.0,0.0,1.0,0.0,86130.39330855019,8.503345724907064,7.729851301115241,0.4290493892724376,0.7229579469603792,7.347451021343406,0.0
134,50,0,1345.0,0.5033457249070632,115000.0,14.0,129368.02973977695,44609.665427509295,99032.33333333333,0.875092936802974,100731.79256505576,0.8759286310004849,28636.23717472119,24175.27063197026,2.0,1.0,0.0,1.0,0.0,93495.79256505576,8.0,7.0,0.35714285714285715,0.5687732342007435,6.898939556447427,0.0
136,58,1,1266.0,0.7567140600315956,123000.0,14.0,248025.2764612954,47393.364928909956,107579.33333333333,0.8696682464454977,107564.38704581358,0.874507211754582,140460.88941548183,55924.81674565561,2.0,2.0,0.0,1.0,0.0,96047.88309636651,8.756714060031596,8.097235387045812,0.46524486571879936,0.8072133250476055,7.607233846534908,0.0
136,67,1,1266.0,0.7567140600315956,123000.0,14.0,248025.2764612954,47393.364928909956,107579.33333333333,0.8696682464454977,106117.0047393365,0.862739875929565,141908.27172195894,6951.257503949447,2.0,2.0,0.7567140600315956,0.24328593996840442,0.0,96047.88309636651,8.756714060031596,8.097235387045812,0.46524486571879936,0.8072133250476055,7.607233846534908,0.0
136,49,1,1266.0,0.7567140600315956,123000.0,14.0,248025.2764612954,47393.364928909956,107579.33333333333,0.8696682464454977,107564.38704581358,0.874507211754582,140460.88941548183,32246.039494470773,2.0,2.0,0.24328593996840442,0.7567140600315956,0.0,96047.88309636651,8.756714060031596,8.097235387045812,0.46524486571879936,0.8072133250476055,7.607233846534908,0.0
136,60,0,1266.0,0.7567140600315956,123000.0,14.0,248025.2764612954,47393.364928909956,107579.33333333333,0.8696682464454977,109366.85781990521,0.8891614456902863,138658.4186413902,53868.355450236966,2.0,1.0,0.0,1.0,0.0,96409.85781990521,9.0,8.45,0.5,0.8696682464454977,7.789999999999999,0.0
139,64,1,896.0,0.5111607142857143,113000.0,13.0,231026.7857142857,66964.28571428571,93335.33333333333,1.2611607142857142,94766.78125,0.8386440818584071,136260.0044642857,88268.93303571429,2.0,2.0,0.0,1.0,0.0,85039.67857142857,8.488839285714286,7.708816964285715,0.45982142857142855,1.1128328284438775,7.241355698961676,0.0
139,69,1,896.0,0.5111607142857143,113000.0,13.0,231026.7857142857,66964.28571428571,93335.33333333333,1.2611607142857142,93474.77901785714,0.8272104337863464,137552.00669642858,66123.43526785714,2.0,1.0,1.0,0.0,0.0,86677.77901785714,8.0,7.0,0.38461538461538464,0.9709821428571429,6.827015650236076,0.0
139,32,1,896.0,0.5111607142857143,113000.0,13.0,231026.7857142857,66964.28571428571,93335.33333333333,1.2611607142857142,94819.64285714286,0.8391118836915297,136207.14285714287,88216.07142857143,2.0,2.0,0.0,1.0,0.0,84958.74553571429,8.511160714285714,7.741183035714285,0.4632554945054945,1.1193100286989794,7.260275335889785,0.0
139,0,0,896.0,0.5111607142857143,113000.0,13.0,231026.7857142857,66964.28571428571,93335.33333333333,1.2611607142857142,95618.94754464286,0.8461853765012642,135407.83816964287,87416.76674107143,2.0,1.0,0.5111607142857143,0.4888392857142857,0.0,83687.14732142857,9.0,8.45,0.5384615384615384,1.2611607142857142,7.674615384615384,0.0
139,71,0,896.0,0.5111607142857143,113000.0,13.0,231026.7857142857,66964.28571428571,93335.33333333333,1.2611607142857142,95254.3984375,0.8429592782079646,135772.3872767857,105065.59486607143,2.0,1.0,0.5111607142857143,0.0,0.4888392857142857,83315.26785714286,9.0,8.45,0.5384615384615384,1.2611607142857142,7.674615384615384,0.0
139,33,0,896.0,0.5111607142857143,113000.0,13.0,231026.7857142857,66964.28571428571,93335.33333333333,1.2611607142857142,96006.61272321429,0.8496160417983565,135020.17299107142,85071.59709821429,2.0,1.0,0.4888392857142857,0.0,0.5111607142857143,84037.15625,9.0,8.45,0.5384615384615384,1.2611607142857142,7.674615384615384,0.0
139,52,0,896.0,0.5111607142857143,113000.0,13.0,231026.7857142857,66964.28571428571,93335.33333333333,1.2611607142857142,95186.14508928571,0.8423552662768647,135840.640625,64412.06919642857,2.0,2.0,0.4888392857142857,0.5111607142857143,0.0,85325.24776785714,8.511160714285714,7.741183035714285,0.4632554945054945,1.1193100286989794,7.260275335889785,0.0
139,47,0,896.0,0.5111607142857143,113000.0,13.0,231026.7857142857,66964.28571428571,93335.33333333333,1.2611607142857142,96006.61272321429,0.8496160417983565,135020.17299107142,63591.6015625,2.0,1.0,0.4888392857142857,0.5111607142857143,0.0,84037.15625,9.0,8.45,0.5384615384615384,1.2611607142857142,7.674615384615384,0.0
139,42,0,896.0,0.5111607142857143,113000.0,13.0,231026.7857142857,66964.28571428571,93335.33333333333,1.2611607142857142,95968.95647321429,0.8492828006479141,135057.82924107142,104706.42299107143,2.0,1.0,0.5111607142857143,0.0,0.4888392857142857,84037.15625,9.0,8.45,0.5384615384615384,1.2611607142857142,7.674615384615384,0.0
139,63,0,896.0,0.5111607142857143,113000.0,13.0,231026.7857142857,66964.28571428571,93335.33333333333,1.2611607142857142,95186.14508928571,0.8423552662768647,135840.640625,87849.56919642857,2.0,2.0,0.0,0.4888392857142857,0.5111607142857143,85325.24776785714,8.511160714285714,7.741183035714285,0.4632554945054945,1.1193100286989794,7.260275335889785,0.0
139,55,0,896.0,0.5111607142857143,113000.0,13.0,231026.7857142857,66964.28571428571,93335.33333333333,1.2611607142857142,95618.94754464286,0.8461853765012642,135407.83816964287,104706.42299107143,2.0,1.0,0.5111607142857143,0.0,0.4888392857142857,83687.14732142857,9.0,8.45,0.5384615384615384,1.2611607142857142,7.674615384615384,0.0
139,40,0,896.0,0.5111607142857143,113000.0,13.0,231026.7857142857,66964.28571428571,93335.33333333333,1.2611607142857142,95291.83258928571,0.8432905538874842,135734.953125,85603.12611607143,2.0,1.0,0.4888392857142857,0.0,0.5111607142857143,83315.26785714286,9.0,8.45,0.5384615384615384,1.2611607142857142,7.674615384615384,0.0
140,4,1,1194.0,0.6675041876046901,102000.0,14.0,262981.5745393635,50251.25628140703,102849.0,0.914572864321608,97937.66164154104,0.9601731533484416,165043.91289782245,113955.13567839196,2.0,1.0,0.3324958123953099,0.6675041876046901,0.0,90688.66164154104,8.0,7.0,0.35714285714285715,0.7303182579564489,7.351362199251072,0.0
140,8,1,1194.0,0.6675041876046901,102000.0,14.0,262981.5745393635,50251.25628140703,102849.0,0.914572864321608,97471.73450586265,0.9556052402535553,165509.84003350083,114421.06281407035,2.0,1.0,0.0,1.0,0.0,90222.73450586265,8.0,7.0,0.35714285714285715,0.7303182579564489,7.351362199251072,0.0
140,2,1,1194.0,0.6675041876046901,102000.0,14.0,262981.5745393635,50251.25628140703,102849.0,0.914572864321608,97501.99162479062,0.9559018786744179,165479.58291457288,114390.80569514238,2.0,1.0,0.3324958123953099,0.6675041876046901,0.0,90252.99162479062,8.0,7.0,0.35714285714285715,0.7303182579564489,7.351362199251072,0.0
140,54,0,1194.0,0.6675041876046901,102000.0,14.0,262981.5745393635,50251.25628140703,102849.0,0.914572864321608,100080.26465661642,0.9811790652609452,162901.30988274707,111812.53266331658,2.0,2.0,0.0,1.0,0.0,91631.61976549414,8.33249581239531,7.482118927973199,0.4046422589136157,0.7915821429874105,7.497207431158378,0.0
140,6,0,1194.0,0.6675041876046901,102000.0,14.0,262981.5745393635,50251.25628140703,102849.0,0.914572864321608,101491.5418760469,0.9950151164318324,161490.03266331658,110401.2554438861,2.0,2.0,0.0,1.0,0.0,91834.18676716917,8.66750418760469,7.967881072026801,0.45250059822924144,0.8533089792906464,7.644154768092692,0.0
140,28,0,1194.0,0.6675041876046901,102000.0,14.0,262981.5745393635,50251.25628140703,102849.0,0.914572864321608,102542.51423785594,1.0053187670378034,160439.06030150753,109350.28308207705,2.0,1.0,0.3324958123953099,0.6675041876046901,0.0,92300.73115577889,9.0,8.45,0.5,0.914572864321608,7.789999999999998,0.0
140,42,0,1194.0,0.6675041876046901,102000.0,14.0,262981.5745393635,50251.25628140703,102849.0,0.914572864321608,101360.59128978224,0.9937312871547279,161620.98324958124,110532.20603015076,2.0,2.0,0.3324958123953099,0.6675041876046901,0.0,91703.23618090453,8.66750418760469,7.967881072026801,0.45250059822924144,0.8533089792906464,7.644154768092692,0.0
140,39,0,1194.0,0.6675041876046901,102000.0,14.0,262981.5745393635,50251.25628140703,102849.0,0.914572864321608,101491.5418760469,0.9950151164318324,161490.03266331658,110401.2554438861,2.0,2.0,0.3324958123953099,0.6675041876046901,0.0,91834.18676716917,8.66750418760469,7.967881072026801,0.45250059822924144,0.8533089792906464,7.644154768092692,0.0
140,49,0,1194.0,0.6675041876046901,102000.0,14.0,262981.5745393635,50251.25628140703,102849.0,0.914572864321608,101360.59128978224,0.9937312871547279,161620.98324958124,110532.20603015076,2.0,2.0,0.3324958123953099,0.6675041876046901,0.0,91703.23618090453,8.66750418760469,7.967881072026801,0.45250059822924144,0.8533089792906464,7.644154768092692,0.0
140,43,0,1194.0,0.6675041876046901,102000.0,14.0,262981.5745393635,50251.25628140703,102849.0,0.914572864321608,103677.70184254607,1.0164480572798633,159303.87269681742,108215.09547738693,2.0,1.0,0.0,1.0,0.0,92820.70184254607,9.0,8.45,0.5,0.914572864321608,7.789999999999998,0.0
140,50,0,1194.0,0.6675041876046901,102000.0,14.0,262981.5745393635,50251.25628140703,102849.0,0.914572864321608,100250.42462311558,0.9828473002266234,162731.1499162479,92742.18257956448,2.0,2.0,1.0,0.0,0.0,91834.18676716917,8.66750418760469,7.967881072026801,0.45250059822924144,0.8533089792906464,7.644154768092692,0.0
140,29,0,1194.0,0.6675041876046901,102000.0,14.0,262981.5745393635,50251.25628140703,102849.0,0.914572864321608,101360.59128978224,0.9937312871547279,161620.98324958124,110532.20603015076,2.0,2.0,0.0,1.0,0.0,91703.23618090453,8.66750418760469,7.967881072026801,0.45250059822924144,0.8533089792906464,7.644154768092692,0.0
141,17,1,655.0,0.5312977099236641,119000.0,13.0,377099.2366412214,91603.0534351145,100066.66666666667,1.7053435114503817,95512.09312977099,0.8026226313426134,281587.1435114504,153757.09923664122,2.0,1.0,0.0,0.5312977099236641,0.4687022900763359,83187.09312977099,9.0,8.45,0.5384615384615384,1.7053435114503817,7.674615384615385,0.0
141,1,1,655.0,0.5312977099236641,119000.0,13.0,377099.2366412214,91603.0534351145,100066.66666666667,1.7053435114503817,94709.72213740458,0.7958800179613831,282389.5145038168,153757.09923664122,2.0,1.0,0.4687022900763359,0.5312977099236641,0.0,83164.12671755726,9.0,8.45,0.5384615384615384,1.7053435114503817,7.674615384615385,0.0
141,51,1,655.0,0.5312977099236641,119000.0,13.0,377099.2366412214,91603.0534351145,100066.66666666667,1.7053435114503817,95846.27786259542,0.8054309064083649,281252.95877862594,153757.09923664122,2.0,1.0,0.0,0.5312977099236641,0.4687022900763359,83521.27786259542,9.0,8.45,0.5384615384615384,1.7053435114503817,7.674615384615385,0.0
141,65,0,655.0,0.5312977099236641,119000.0,13.0,377099.2366412214,91603.0534351145,100066.66666666667,1.7053435114503817,101503.29312977099,0.8529688498300083,275595.9435114504,106641.08702290077,2.0,1.0,0.5312977099236641,0.4687022900763359,0.0,94523.29312977099,8.0,7.0,0.38461538461538464,1.3221374045801526,6.711164874664589,0.0
141,23,0,655.0,0.5312977099236641,119000.0,13.0,377099.2366412214,91603.0534351145,100066.66666666667,1.7053435114503817,98070.34045801527,0.8241205080505485,279028.8961832061,110076.38320610687,2.0,2.0,0.5312977099236641,0.4687022900763359,0.0,89141.99694656489,8.531297709923663,7.770381679389313,0.4663534938344099,1.5257339315890683,7.223043924226234,0.0
141,0,0,655.0,0.5312977099236641,119000.0,13.0,377099.2366412214,91603.0534351145,100066.66666666667,1.7053435114503817,101541.72671755725,0.8532918211559433,275557.5099236641,156596.8854961832,2.0,1.0,0.0,1.0,0.0,94561.72671755725,8.0,7.0,0.38461538461538464,1.3221374045801526,6.711164874664589,0.0
141,44,0,655.0,0.5312977099236641,119000.0,13.0,377099.2366412214,91603.0534351145,100066.66666666667,1.7053435114503817,98961.78320610688,0.83161162358073,278137.4534351145,153757.09923664122,2.0,2.0,0.0,1.0,0.0,89141.99694656489,8.531297709923663,7.770381679389313,0.4663534938344099,1.5257339315890683,7.223043924226234,0.0
141,70,0,655.0,0.5312977099236641,119000.0,13.0,377099.2366412214,91603.0534351145,100066.66666666667,1.7053435114503817,98415.95114503817,0.8270247995381359,278683.2854961832,156596.8854961832,2.0,2.0,0.0,1.0,0.0,88930.73740458016,8.468702290076337,7.679618320610686,0.4567234292425132,1.5017469844414661,7.162736335053741,0.0
141,35,0,655.0,0.5312977099236641,119000.0,13.0,377099.2366412214,91603.0534351145,100066.66666666667,1.7053435114503817,98748.2610687023,0.8298173199050612,278350.97557251906,156596.8854961832,2.0,2.0,0.0,1.0,0.0,89263.04732824427,8.468702290076337,7.679618320610686,0.4567234292425132,1.5017469844414661,7.162736335053741,0.0
141,52,0,655.0,0.5312977099236641,119000.0,13.0,377099.2366412214,91603.0534351145,100066.66666666667,1.7053435114503817,101585.64885496184,0.8536609147475784,275513.58778625954,106045.50229007633,2.0,1.0,0.5312977099236641,0.4687022900763359,0.0,94605.64885496184,8.0,7.0,0.38461538461538464,1.3221374045801526,6.711164874664589,0.0
141,61,0,655.0,0.5312977099236641,119000.0,13.0,377099.2366412214,91603.0534351145,100066.66666666667,1.7053435114503817,102146.21679389312,0.8583715696965809,274953.01984732825,156596.8854961832,2.0,1.0,0.0,0.5312977099236641,0.4687022900763359,95166.21679389312,8.0,7.0,0.38461538461538464,1.3221374045801526,6.711164874664589,0.0
141,59,0,655.0,0.5312977099236641,119000.0,13.0,377099.2366412214,91603.0534351145,100066.66666666667,1.7053435114503817,97554.7679389313,0.8197879658733722,279544.4687022901,110076.38320610687,2.0,2.0,0.5312977099236641,0.4687022900763359,0.0,88626.42442748092,8.531297709923663,7.770381679389313,0.4663534938344099,1.5257339315890683,7.223043924226234,0.0
142,16,1,1152.0,0.5217013888888888,114000.0,13.0,248263.88888888888,52083.333333333336,99721.0,0.9644097222222222,94431.25868055556,0.8283443743908382,153832.63020833334,101749.296875,2.0,1.0,0.5217013888888888,0.4782986111111111,0.0,86997.25868055556,8.0,7.0,0.38461538461538464,0.6901041666666666,7.34258731666139,0.0
142,45,1,1152.0,0.5217013888888888,114000.0,13.0,248263.88888888888,52083.333333333336,99721.0,0.9644097222222222,94366.69270833333,0.8277780062134503,153897.19618055556,101813.86284722222,2.0,1.0,0.5217013888888888,0.4782986111111111,0.0,86932.69270833333,8.0,7.0,0.38461538461538464,0.6901041666666666,7.34258731666139,0.0
142,71,1,1152.0,0.5217013888888888,114000.0,13.0,248263.88888888888,52083.333333333336,99721.0,0.9644097222222222,94978.91059027778,0.8331483385112086,153284.97829861112,101201.64496527778,2.0,1.0,0.0,1.0,0.0,87544.91059027778,8.0,7.0,0.38461538461538464,0.6901041666666666,7.34258731666139,0.0
142,28,0,1152.0,0.5217013888888888,114000.0,13.0,248263.88888888888,52083.333333333336,99721.0,0.9644097222222222,97317.11197916667,0.8536588770102339,150946.77690972222,80634.27690972222,2.0,2.0,1.0,0.0,0.0,88745.44010416667,8.47829861111111,7.693532986111112,0.49499198717948717,0.8213041329089505,7.39101927784959,0.0
142,27,0,1152.0,0.5217013888888888,114000.0,13.0,248263.88888888888,52083.333333333336,99721.0,0.9644097222222222,102363.78038194444,0.897927898087232,145900.10850694444,93816.77517361111,2.0,1.0,0.0,1.0,0.0,90750.78038194444,9.0,8.45,0.6153846153846154,0.9644097222222222,7.443846153846156,0.0
142,6,0,1152.0,0.5217013888888888,114000.0,13.0,248263.88888888888,52083.333333333336,99721.0,0.9644097222222222,98178.25,0.8612127192982456,150085.63888888888,98002.30555555556,2.0,2.0,0.0,1.0,0.0,88745.44010416667,8.47829861111111,7.693532986111112,0.49499198717948717,0.8213041329089505,7.39101927784959,0.0
142,52,0,1152.0,0.5217013888888888,114000.0,13.0,248263.88888888888,52083.333333333336,99721.0,0.9644097222222222,97908.97222222222,0.8588506335282651,150354.91666666666,98271.58333333333,2.0,2.0,0.0,1.0,0.0,88476.16232638889,8.47829861111111,7.693532986111112,0.49499198717948717,0.8213041329089505,7.39101927784959,0.0
142,8,0,1152.0,0.5217013888888888,114000.0,13.0,248263.88888888888,52083.333333333336,99721.0,0.9644097222222222,98282.45833333333,0.8621268274853802,149981.43055555556,79668.93055555556,2.0,2.0,0.4782986111111111,0.5217013888888888,0.0,88668.26822916667,8.52170138888889,7.75646701388889,0.5050080128205129,0.8332097559799383,7.395414192657957,0.0
142,17,0,1152.0,0.5217013888888888,114000.0,13.0,248263.88888888888,52083.333333333336,99721.0,0.9644097222222222,102405.39236111111,0.8982929154483431,145858.49652777778,93775.16319444444,2.0,1.0,0.0,1.0,0.0,90792.39236111111,9.0,8.45,0.6153846153846154,0.9644097222222222,7.443846153846156,0.0
142,35,0,1152.0,0.5217013888888888,114000.0,13.0,248263.88888888888,52083.333333333336,99721.0,0.9644097222222222,97908.97222222222,0.8588506335282651,150354.91666666666,98271.58333333333,2.0,2.0,0.5217013888888888,0.4782986111111111,0.0,88476.16232638889,8.47829861111111,7.693532986111112,0.49499198717948717,0.8213041329089505,7.39101927784959,0.0
142,57,0,1152.0,0.5217013888888888,114000.0,13.0,248263.88888888888,52083.333333333336,99721.0,0.9644097222222222,102029.44965277778,0.8949951723927875,146234.43923611112,94151.10590277778,2.0,1.0,0.0,1.0,0.0,90416.44965277778,9.0,8.45,0.6153846153846154,0.9644097222222222,7.443846153846156,0.0
142,24,0,1152.0,0.5217013888888888,114000.0,13.0,248263.88888888888,52083.333333333336,99721.0,0.9644097222222222,97516.34114583333,0.8554065012792398,150747.54774305556,80435.04774305556,2.0,2.0,1.0,0.0,0.0,88841.86024305556,8.52170138888889,7.75646701388889,0.5050080128205129,0.8332097559799383,7.395414192657957,0.0
146,18,1,900.0,0.5022222222222222,113000.0,11.0,331111.1111111111,66666.66666666667,97352.0,1.3877777777777778,90979.01777777777,0.8051240511307768,240132.09333333332,188699.34666666668,2.0,1.0,0.0,1.0,0.0,79376.01777777777,9.0,8.45,0.6363636363636364,1.3877777777777778,7.380909090909091,0.0
146,43,1,900.0,0.5022222222222222,113000.0,11.0,331111.1111111111,66666.66666666667,97352.0,1.3877777777777778,91004.40444444444,0.8053487118977385,240106.70666666667,188699.34666666668,2.0,1.0,0.0,0.5022222222222222,0.49777777777777776,79401.40444444444,9.0,8.45,0.6363636363636364,1.3877777777777778,7.380909090909091,0.0
146,60,1,900.0,0.5022222222222222,113000.0,11.0,331111.1111111111,66666.66666666667,97352.0,1.3877777777777778,90987.51555555555,0.8051992527040315,240123.59555555554,188357.83555555556,2.0,1.0,0.0,1.0,0.0,79384.51555555555,9.0,8.45,0.6363636363636364,1.3877777777777778,7.380909090909091,0.0
146,8,0,900.0,0.5022222222222222,113000.0,11.0,331111.1111111111,66666.66666666667,97352.0,1.3877777777777778,105455.03111111111,0.9332303638151426,225656.08,134544.9688888889,2.0,1.0,0.49777777777777776,0.5022222222222222,0.0,98691.03111111111,8.0,7.0,0.45454545454545453,0.9233333333333333,6.236363636363636,0.0
146,29,0,900.0,0.5022222222222222,113000.0,11.0,331111.1111111111,66666.66666666667,97352.0,1.3877777777777778,98101.48888888888,0.8681547689282203,233009.6222222222,181581.85333333333,2.0,2.0,0.5022222222222222,0.49777777777777776,0.0,88928.74222222222,8.497777777777777,7.721777777777777,0.5450505050505051,1.1545234567901235,6.80609292929293,0.0
146,11,0,900.0,0.5022222222222222,113000.0,11.0,331111.1111111111,66666.66666666667,97352.0,1.3877777777777778,104810.53777777778,0.9275268829891838,226300.57333333333,179633.90666666668,2.0,1.0,0.0,1.0,0.0,98046.53777777778,8.0,7.0,0.45454545454545453,0.9233333333333333,6.236363636363636,0.0
146,65,0,900.0,0.5022222222222222,113000.0,11.0,331111.1111111111,66666.66666666667,97352.0,1.3877777777777778,105404.88444444444,0.9327865880039331,225706.22666666665,134595.11555555556,2.0,1.0,0.49777777777777776,0.5022222222222222,0.0,98640.88444444444,8.0,7.0,0.45454545454545453,0.9233333333333333,6.236363636363636,0.0
146,41,0,900.0,0.5022222222222222,113000.0,11.0,331111.1111111111,66666.66666666667,97352.0,1.3877777777777778,104810.53777777778,0.9275268829891838,226300.57333333333,179633.90666666668,2.0,1.0,0.5022222222222222,0.49777777777777776,0.0,98046.53777777778,8.0,7.0,0.45454545454545453,0.9233333333333333,6.236363636363636,0.0
146,28,0,900.0,0.5022222222222222,113000.0,11.0,331111.1111111111,66666.66666666667,97352.0,1.3877777777777778,97240.24333333333,0.8605331268436578,233870.86777777778,187204.20111111112,2.0,2.0,0.5022222222222222,0.49777777777777776,0.0,88846.77333333333,8.502222222222223,7.728222222222222,0.5458585858585858,1.1565876543209876,6.811179797979798,0.0
146,62,0,900.0,0.5022222222222222,113000.0,11.0,331111.1111111111,66666.66666666667,97352.0,1.3877777777777778,106068.29333333333,0.9386574631268436,225042.8177777778,178376.1511111111,2.0,1.0,0.0,1.0,0.0,99304.29333333333,8.0,7.0,0.45454545454545453,0.9233333333333333,6.236363636363636,0.0
146,71,0,900.0,0.5022222222222222,113000.0,11.0,331111.1111111111,66666.66666666667,97352.0,1.3877777777777778,97580.76444444444,0.8635465880039331,233530.34666666668,142419.23555555556,2.0,2.0,0.49777777777777776,0.5022222222222222,0.0,89194.92444444445,8.497777777777777,7.721777777777777,0.5450505050505051,1.1545234567901235,6.80609292929293,0.0
146,58,0,900.0,0.5022222222222222,113000.0,11.0,331111.1111111111,66666.66666666667,97352.0,1.3877777777777778,105454.16444444444,0.9332226941986234,225656.94666666666,134545.83555555556,2.0,1.0,0.49777777777777776,0.5022222222222222,0.0,98690.16444444444,8.0,7.0,0.45454545454545453,0.9233333333333333,6.236363636363636,0.0
148,64,1,1251.0,0.657074340527578,100000.0,7.0,238209.43245403678,47961.630695443644,95492.0,0.9176658673061551,91777.42206235012,0.9177742206235012,146432.01039168666,33722.17825739409,2.0,1.0,0.34292565947242204,0.657074340527578,0.0,84503.42206235012,8.0,7.0,0.7142857142857143,0.6954436450839329,6.28223174259656,0.0
148,10,1,1251.0,0.657074340527578,100000.0,7.0,238209.43245403678,47961.630695443644,95492.0,0.9176658673061551,91402.26139088729,0.9140226139088728,146807.1710631495,62867.08713029576,2.0,1.0,0.0,1.0,0.0,84128.26139088729,8.0,7.0,0.7142857142857143,0.6954436450839329,6.28223174259656,0.0
148,50,1,1251.0,0.657074340527578,100000.0,7.0,238209.43245403678,47961.630695443644,95492.0,0.9176658673061551,92496.91127098321,0.9249691127098322,145712.52118305356,18255.46762589928,2.0,1.0,0.657074340527578,0.34292565947242204,0.0,85222.91127098321,8.0,7.0,0.7142857142857143,0.6954436450839329,6.28223174259656,0.0
148,3,0,1251.0,0.657074340527578,100000.0,7.0,238209.43245403678,47961.630695443644,95492.0,0.9176658673061551,95408.4964028777,0.954084964028777,142800.93605115908,14996.15587529976,2.0,2.0,0.657074340527578,0.34292565947242204,0.0,86256.35491606714,8.657074340527577,7.952757793764988,0.8081534772182255,0.8414601652011725,6.568939354004508,0.0
148,33,0,1251.0,0.657074340527578,100000.0,7.0,238209.43245403678,47961.630695443644,95492.0,0.9176658673061551,96558.15347721822,0.9655815347721822,141651.27897681855,28941.44684252598,2.0,2.0,0.34292565947242204,0.657074340527578,0.0,86256.35491606714,8.657074340527577,7.952757793764988,0.8081534772182255,0.8414601652011725,6.568939354004508,0.0
148,53,0,1251.0,0.657074340527578,100000.0,7.0,238209.43245403678,47961.630695443644,95492.0,0.9176658673061551,95305.47242206235,0.9530547242206235,142903.96003197442,60543.73461231015,2.0,2.0,0.0,0.657074340527578,0.34292565947242204,86451.27098321343,8.342925659472423,7.497242206235011,0.763275094210346,0.7716493471889155,6.431863817163481,0.0
148,56,0,1251.0,0.657074340527578,100000.0,7.0,238209.43245403678,47961.630695443644,95492.0,0.9176658673061551,97392.7721822542,0.973927721822542,140816.66027178257,28106.828137490007,2.0,2.0,0.34292565947242204,0.657074340527578,0.0,87090.97362110311,8.657074340527577,7.952757793764988,0.8081534772182255,0.8414601652011725,6.568939354004508,0.0
148,1,0,1251.0,0.657074340527578,100000.0,7.0,238209.43245403678,47961.630695443644,95492.0,0.9176658673061551,95047.93525179857,0.9504793525179857,143161.4972022382,18255.46762589928,2.0,2.0,0.657074340527578,0.34292565947242204,0.0,86193.73381294963,8.342925659472423,7.497242206235011,0.763275094210346,0.7716493471889155,6.431863817163481,0.0
148,61,0,1251.0,0.657074340527578,100000.0,7.0,238209.43245403678,47961.630695443644,95492.0,0.9176658673061551,96905.88009592326,0.9690588009592326,141303.55235811352,57714.96722621902,2.0,2.0,0.0,0.657074340527578,0.34292565947242204,86604.08153477218,8.657074340527577,7.952757793764988,0.8081534772182255,0.8414601652011725,6.568939354004508,0.0
148,43,0,1251.0,0.657074340527578,100000.0,7.0,238209.43245403678,47961.630695443644,95492.0,0.9176658673061551,96558.15347721822,0.9655815347721822,141651.27897681855,28941.44684252598,2.0,2.0,0.34292565947242204,0.657074340527578,0.0,86256.35491606714,8.657074340527577,7.952757793764988,0.8081534772182255,0.8414601652011725,6.568939354004508,0.0
148,14,0,1251.0,0.657074340527578,100000.0,7.0,238209.43245403678,47961.630695443644,95492.0,0.9176658673061551,94304.78417266186,0.9430478417266187,143904.6482813749,61286.88569144684,2.0,2.0,0.0,1.0,0.0,85450.58273381295,8.342925659472423,7.497242206235011,0.763275094210346,0.7716493471889155,6.431863817163481,0.0
148,35,0,1251.0,0.657074340527578,100000.0,7.0,238209.43245403678,47961.630695443644,95492.0,0.9176658673061551,94304.78417266186,0.9430478417266187,143904.6482813749,61286.88569144684,2.0,2.0,0.0,1.0,0.0,85450.58273381295,8.342925659472423,7.497242206235011,0.763275094210346,0.7716493471889155,6.431863817163481,0.0
149,48,1,1300.0,0.6392307692307693,119000.0,14.0,177692.3076923077,46153.846153846156,99422.66666666667,0.9853846153846154,100430.61923076923,0.8439547834518423,77261.68846153846,52578.69,2.0,1.0,0.6392307692307693,0.3607692307692308,0.0,89991.93923076923,9.0,8.45,0.5,0.9853846153846154,7.789999999999998,0.0
149,54,1,1300.0,0.6392307692307693,119000.0,14.0,177692.3076923077,46153.846153846156,99422.66666666667,0.9853846153846154,98783.50307692308,0.8301134712346477,78908.80461538462,57370.343076923076,2.0,2.0,0.0,1.0,0.0,88650.23846153847,8.63923076923077,7.9268846153846155,0.44846153846153847,0.847737278106509,7.6327531358281355,0.0
149,30,1,1300.0,0.6392307692307693,119000.0,14.0,177692.3076923077,46153.846153846156,99422.66666666667,0.9853846153846154,99994.92461538462,0.840293484162896,77697.38307692307,43851.22923076923,2.0,1.0,1.0,0.0,0.0,90214.20923076924,9.0,8.45,0.5,0.9853846153846154,7.789999999999998,0.0
149,68,0,1300.0,0.6392307692307693,119000.0,14.0,177692.3076923077,46153.846153846156,99422.66666666667,0.9853846153846154,101799.20923076924,0.8554555397543633,75893.09846153847,54354.63692307692,2.0,1.0,0.0,1.0,0.0,90214.20923076924,9.0,8.45,0.5,0.9853846153846154,7.789999999999998,0.0
149,28,0,1300.0,0.6392307692307693,119000.0,14.0,177692.3076923077,46153.846153846156,99422.66666666667,0.9853846153846154,101324.76153846153,0.8514685843568196,76367.54615384615,54829.084615384614,2.0,1.0,0.0,1.0,0.0,89739.76153846153,9.0,8.45,0.5,0.9853846153846154,7.789999999999998,0.0
149,34,0,1300.0,0.6392307692307693,119000.0,14.0,177692.3076923077,46153.846153846156,99422.66666666667,0.9853846153846154,100943.57307692307,0.8482653199741435,76748.73461538462,42902.58076923077,2.0,1.0,0.3607692307692308,0.6392307692307693,0.0,90012.50307692308,9.0,8.45,0.5,0.9853846153846154,7.789999999999998,0.0
149,37,0,1300.0,0.6392307692307693,119000.0,14.0,177692.3076923077,46153.846153846156,99422.66666666667,0.9853846153846154,101151.10153846155,0.8500092566257272,76541.20615384616,42695.052307692305,2.0,1.0,0.3607692307692308,0.6392307692307693,0.0,90214.20923076924,9.0,8.45,0.5,0.9853846153846154,7.789999999999998,0.0
149,63,0,1300.0,0.6392307692307693,119000.0,14.0,177692.3076923077,46153.846153846156,99422.66666666667,0.9853846153846154,100923.42,0.8480959663865546,76768.88769230769,42922.733846153846,2.0,1.0,0.3607692307692308,0.6392307692307693,0.0,89991.93923076923,9.0,8.45,0.5,0.9853846153846154,7.789999999999998,0.0
149,17,0,1300.0,0.6392307692307693,119000.0,14.0,177692.3076923077,46153.846153846156,99422.66666666667,0.9853846153846154,101597.50307692308,0.8537605300581771,76094.80461538462,54556.343076923076,2.0,1.0,0.0,1.0,0.0,90012.50307692308,9.0,8.45,0.5,0.9853846153846154,7.789999999999998,0.0
149,6,0,1300.0,0.6392307692307693,119000.0,14.0,177692.3076923077,46153.846153846156,99422.66666666667,0.9853846153846154,102094.31846153847,0.8579354492566257,75597.98923076924,54059.52769230769,2.0,1.0,0.0,1.0,0.0,90509.31846153847,9.0,8.45,0.5,0.9853846153846154,7.789999999999998,0.0
149,23,0,1300.0,0.6392307692307693,119000.0,14.0,177692.3076923077,46153.846153846156,99422.66666666667,0.9853846153846154,101301.67230769231,0.8512745572074983,76390.63538461538,54852.17384615385,2.0,1.0,0.0,1.0,0.0,89716.67230769231,9.0,8.45,0.5,0.9853846153846154,7.789999999999998,0.0
149,50,0,1300.0,0.6392307692307693,119000.0,14.0,177692.3076923077,46153.846153846156,99422.66666666667,0.9853846153846154,100917.57769230769,0.8480468713639302,76774.73,52095.7,2.0,1.0,0.6392307692307693,0.3607692307692308,0.0,90488.75461538462,9.0,8.45,0.5,0.9853846153846154,7.789999999999998,0.0
151,69,1,1198.0,0.7337228714524207,112000.0,12.0,213689.48247078463,50083.47245409015,99051.66666666667,0.9373956594323873,98744.20450751252,0.8816446831027903,114945.27796327212,62757.803839732886,2.0,2.0,0.2662771285475793,0.0,0.7337228714524207,87841.04006677796,8.733722871452422,8.063898163606009,0.5389538119087368,0.8676034905142406,7.4507739013774765,0.0
151,2,1,1198.0,0.7337228714524207,112000.0,12.0,213689.48247078463,50083.47245409015,99051.66666666667,0.9373956594323873,96881.70784641069,0.8650152486286669,116807.77462437395,22961.790484140234,2.0,2.0,0.7337228714524207,0.2662771285475793,0.0,87285.61185308849,8.733722871452422,8.063898163606009,0.5389538119087368,0.8676034905142406,7.4507739013774765,0.0
151,31,1,1198.0,0.7337228714524207,112000.0,12.0,213689.48247078463,50083.47245409015,99051.66666666667,0.9373956594323873,98744.20450751252,0.8816446831027903,114945.27796327212,84689.98580968281,2.0,2.0,0.0,0.0,1.0,87841.04006677796,8.733722871452422,8.063898163606009,0.5389538119087368,0.8676034905142406,7.4507739013774765,0.0
151,38,0,1198.0,0.7337228714524207,112000.0,12.0,213689.48247078463,50083.47245409015,99051.66666666667,0.9373956594323873,101044.88647746244,0.9021864864059146,112644.5959933222,60179.4081803005,2.0,1.0,0.2662771285475793,0.0,0.7337228714524207,89277.36477462438,9.0,8.45,0.5833333333333334,0.9373956594323873,7.487345999829597,0.0
151,51,0,1198.0,0.7337228714524207,112000.0,12.0,213689.48247078463,50083.47245409015,99051.66666666667,0.9373956594323873,101321.26043405676,0.9046541110183639,112368.22203672788,50948.149415692824,2.0,1.0,0.0,1.0,0.0,89075.26043405676,9.0,8.45,0.5833333333333334,0.9373956594323873,7.487345999829597,0.0
151,35,0,1198.0,0.7337228714524207,112000.0,12.0,213689.48247078463,50083.47245409015,99051.66666666667,0.9373956594323873,100086.94574290483,0.893633444133079,113602.5367278798,22417.470784641067,2.0,1.0,1.0,0.0,0.0,89633.61769616026,9.0,8.45,0.5833333333333334,0.9373956594323873,7.487345999829597,0.0
151,61,0,1198.0,0.7337228714524207,112000.0,12.0,213689.48247078463,50083.47245409015,99051.66666666667,0.9373956594323873,100846.82387312187,0.900418070295731,112842.65859766277,27700.755425709514,2.0,1.0,0.2662771285475793,0.7337228714524207,0.0,89075.26043405676,9.0,8.45,0.5833333333333334,0.9373956594323873,7.487345999829597,0.0
151,41,0,1198.0,0.7337228714524207,112000.0,12.0,213689.48247078463,50083.47245409015,99051.66666666667,0.9373956594323873,101523.36477462438,0.9064586140591462,112166.11769616026,83624.86477462438,2.0,1.0,0.0,0.0,1.0,89277.36477462438,9.0,8.45,0.5833333333333334,0.9373956594323873,7.487345999829597,0.0
151,34,0,1198.0,0.7337228714524207,112000.0,12.0,213689.48247078463,50083.47245409015,99051.66666666667,0.9373956594323873,100285.00751252087,0.8954018527903649,113404.47495826377,22417.470784641067,2.0,1.0,1.0,0.0,0.0,89835.72203672788,9.0,8.45,0.5833333333333334,0.9373956594323873,7.487345999829597,0.0
151,70,0,1198.0,0.7337228714524207,112000.0,12.0,213689.48247078463,50083.47245409015,99051.66666666667,0.9373956594323873,101879.61769616026,0.9096394437157167,111809.86477462438,50392.72120200334,2.0,1.0,0.0,0.7337228714524207,0.2662771285475793,89633.61769616026,9.0,8.45,0.5833333333333334,0.9373956594323873,7.487345999829597,0.0
151,22,0,1198.0,0.7337228714524207,112000.0,12.0,213689.48247078463,50083.47245409015,99051.66666666667,0.9373956594323873,100014.19198664441,0.8929838570236108,113675.29048414023,22961.790484140234,2.0,1.0,0.7337228714524207,0.2662771285475793,0.0,89075.26043405676,9.0,8.45,0.5833333333333334,0.9373956594323873,7.487345999829597,0.0
151,3,0,1198.0,0.7337228714524207,112000.0,12.0,213689.48247078463,50083.47245409015,99051.66666666667,0.9373956594323873,102081.72203672788,0.911443946756499,111607.76043405676,50392.72120200334,2.0,1.0,0.0,0.7337228714524207,0.2662771285475793,89835.72203672788,9.0,8.45,0.5833333333333334,0.9373956594323873,7.487345999829597,0.0
152,28,1,854.0,0.7435597189695551,100000.0,9.0,276346.6042154567,70257.6112412178,99035.0,1.3676814988290398,92237.15573770492,0.9223715573770492,184109.44847775175,62476.067915690866,2.0,1.0,1.0,0.0,0.0,81028.72950819672,9.0,8.450000000000001,0.7777777777777778,1.3676814988290398,6.956666666666667,0.0
152,58,1,854.0,0.7435597189695551,100000.0,9.0,276346.6042154567,70257.6112412178,99035.0,1.3676814988290398,93616.58899297424,0.9361658899297424,182730.01522248244,84369.35948477752,2.0,1.0,0.25644028103044497,0.7435597189695551,0.0,81204.90398126464,9.0,8.450000000000001,0.7777777777777778,1.3676814988290398,6.956666666666667,0.0
152,50,1,854.0,0.7435597189695551,100000.0,9.0,276346.6042154567,70257.6112412178,99035.0,1.3676814988290398,93102.01405152224,0.9310201405152225,183244.59016393442,84883.9344262295,2.0,1.0,0.25644028103044497,0.7435597189695551,0.0,80690.28337236535,9.0,8.450000000000001,0.7777777777777778,1.3676814988290398,6.956666666666667,0.0
155,66,1,691.0,0.6931982633863966,120000.0,14.0,493487.6989869754,86830.68017366136,99256.66666666667,1.5658465991316932,100187.21128798842,0.8348934273999036,393300.48769898695,239058.17221418236,2.0,2.0,0.0,0.6931982633863966,0.3068017366136035,91690.7959479016,8.306801736613604,7.4448625180897245,0.40097167665908623,1.212726789128782,7.120637837111976,0.0
155,40,1,691.0,0.6931982633863966,120000.0,14.0,493487.6989869754,86830.68017366136,99256.66666666667,1.5658465991316932,99162.15340086831,0.8263512783405692,394325.54558610707,222070.37337192474,2.0,1.0,0.6931982633863966,0.3068017366136035,0.0,92457.15340086831,8.0,7.0,0.35714285714285715,1.0564399421128798,6.824385689862996,0.0
155,15,1,691.0,0.6931982633863966,120000.0,14.0,493487.6989869754,86830.68017366136,99256.66666666667,1.5658465991316932,99415.69319826338,0.8284641099855282,394072.005788712,241471.38639652677,2.0,2.0,0.0,1.0,0.0,88663.10853835022,8.693198263386396,8.005137481910275,0.4561711804837709,1.409559752115791,7.493747852751019,0.0
156,25,1,757.0,0.7357992073976222,120000.0,6.0,294583.8837516513,79260.23778071335,102731.0,1.642007926023778,92298.59577278732,0.7691549647732276,202285.28797886393,62258.8678996037,2.0,1.0,1.0,0.0,0.0,85331.59577278732,8.0,7.0,0.8333333333333334,1.0554821664464993,6.1000000000000005,0.0
156,17,1,757.0,0.7357992073976222,120000.0,6.0,294583.8837516513,79260.23778071335,102731.0,1.642007926023778,92560.68295904888,0.7713390246587406,202023.20079260238,116144.61294583883,2.0,1.0,0.0,0.0,1.0,85593.68295904888,8.0,7.0,0.8333333333333334,1.0554821664464993,6.1000000000000005,0.0
156,16,1,757.0,0.7357992073976222,120000.0,6.0,294583.8837516513,79260.23778071335,102731.0,1.642007926023778,93417.8890356671,0.7784824086305592,201165.99471598415,61139.57463672391,2.0,1.0,0.26420079260237783,0.7357992073976222,0.0,86450.8890356671,8.0,7.0,0.8333333333333334,1.0554821664464993,6.1000000000000005,0.0
156,43,0,757.0,0.7357992073976222,120000.0,6.0,294583.8837516513,79260.23778071335,102731.0,1.642007926023778,95804.54029062088,0.7983711690885072,198779.3434610304,83362.43461030383,2.0,2.0,0.0,0.7357992073976222,0.26420079260237783,87501.21268163805,8.264200792602377,7.383091149273448,0.9214002642007926,1.210442737008528,6.132837476375945,0.0
156,13,0,757.0,0.7357992073976222,120000.0,6.0,294583.8837516513,79260.23778071335,102731.0,1.642007926023778,95111.68956406869,0.7925974130339057,199472.19418758256,90891.6248348745,2.0,2.0,0.26420079260237783,0.0,0.7357992073976222,87296.4570673712,8.264200792602377,7.383091149273448,0.9214002642007926,1.210442737008528,6.132837476375945,0.0
156,67,0,757.0,0.7357992073976222,120000.0,6.0,294583.8837516513,79260.23778071335,102731.0,1.642007926023778,96661.7463672391,0.8055145530603258,197922.13738441214,104130.85601056804,2.0,2.0,0.0,0.26420079260237783,0.7357992073976222,88358.41875825627,8.264200792602377,7.383091149273448,0.9214002642007926,1.210442737008528,6.132837476375945,0.0
156,27,0,757.0,0.7357992073976222,120000.0,6.0,294583.8837516513,79260.23778071335,102731.0,1.642007926023778,95599.78467635403,0.7966648723029502,198984.0990752972,83362.43461030383,2.0,2.0,0.0,0.7357992073976222,0.26420079260237783,87296.4570673712,8.264200792602377,7.383091149273448,0.9214002642007926,1.210442737008528,6.132837476375945,0.0
156,38,0,757.0,0.7357992073976222,120000.0,6.0,294583.8837516513,79260.23778071335,102731.0,1.642007926023778,96169.55614266843,0.8014129678555703,198414.32760898283,58387.907529722586,2.0,2.0,1.0,0.0,0.0,88358.41875825627,8.264200792602377,7.383091149273448,0.9214002642007926,1.210442737008528,6.132837476375945,0.0
156,64,0,757.0,0.7357992073976222,120000.0,6.0,294583.8837516513,79260.23778071335,102731.0,1.642007926023778,95804.54029062088,0.7983711690885072,198779.3434610304,65403.3857331572,2.0,2.0,0.7357992073976222,0.0,0.26420079260237783,87501.21268163805,8.264200792602377,7.383091149273448,0.9214002642007926,1.210442737008528,6.132837476375945,0.0
156,21,0,757.0,0.7357992073976222,120000.0,6.0,294583.8837516513,79260.23778071335,102731.0,1.642007926023778,96661.7463672391,0.8055145530603258,197922.13738441214,82505.2285336856,2.0,2.0,0.0,1.0,0.0,88358.41875825627,8.264200792602377,7.383091149273448,0.9214002642007926,1.210442737008528,6.132837476375945,0.0
156,34,0,757.0,0.7357992073976222,120000.0,6.0,294583.8837516513,79260.23778071335,102731.0,1.642007926023778,95599.78467635403,0.7966648723029502,198984.0990752972,105192.81770145311,2.0,2.0,0.0,0.26420079260237783,0.7357992073976222,87296.4570673712,8.264200792602377,7.383091149273448,0.9214002642007926,1.210442737008528,6.132837476375945,0.0
156,10,0,757.0,0.7357992073976222,120000.0,6.0,294583.8837516513,79260.23778071335,102731.0,1.642007926023778,96661.7463672391,0.8055145530603258,197922.13738441214,104130.85601056804,2.0,2.0,0.0,0.26420079260237783,0.7357992073976222,88358.41875825627,8.264200792602377,7.383091149273448,0.9214002642007926,1.210442737008528,6.132837476375945,0.0
157,24,1,1084.0,0.5867158671586716,115000.0,13.0,294280.44280442805,55350.553505535056,94868.66666666667,1.0940959409594095,93398.05996309963,0.8121570431573881,200882.38284132842,130771.68173431735,2.0,2.0,0.4132841328413284,0.5867158671586716,0.0,84782.20295202952,8.413284132841328,7.599261992619925,0.4164064717570252,0.8694768589752319,7.27520600768865,0.0
157,59,1,1084.0,0.5867158671586716,115000.0,13.0,294280.44280442805,55350.553505535056,94868.66666666667,1.0940959409594095,92694.42988929889,0.8060385207765122,201586.01291512916,132472.5664206642,2.0,2.0,0.5867158671586716,0.0,0.4132841328413284,83515.69741697417,8.586715867158672,7.850738007380074,0.4297473743968209,0.9358736945303032,7.46148521876859,0.0
157,21,1,1084.0,0.5867158671586716,115000.0,13.0,294280.44280442805,55350.553505535056,94868.66666666667,1.0940959409594095,92070.41328413284,0.800612289427242,202210.0295202952,178322.74538745388,2.0,1.0,0.0,0.0,1.0,79966.41328413284,9.0,8.45,0.46153846153846156,1.0940959409594095,7.905384615384615,0.0
157,49,0,1084.0,0.5867158671586716,115000.0,13.0,294280.44280442805,55350.553505535056,94868.66666666667,1.0940959409594095,96315.54612546126,0.8375264880474892,197964.8966789668,154002.06826568267,2.0,1.0,0.4132841328413284,0.0,0.5867158671586716,89025.54612546126,8.0,7.0,0.38461538461538464,0.7112546125461254,6.831306611072623,0.0
157,68,0,1084.0,0.5867158671586716,115000.0,13.0,294280.44280442805,55350.553505535056,94868.66666666667,1.0940959409594095,95139.18450184501,0.8272972565377827,199141.25830258304,129030.55719557195,2.0,1.0,0.4132841328413284,0.5867158671586716,0.0,87849.18450184501,8.0,7.0,0.38461538461538464,0.7112546125461254,6.831306611072623,0.0
157,58,0,1084.0,0.5867158671586716,115000.0,13.0,294280.44280442805,55350.553505535056,94868.66666666667,1.0940959409594095,93630.14760147601,0.814175196534574,200650.29520295202,130539.59409594096,2.0,2.0,0.4132841328413284,0.5867158671586716,0.0,83515.69741697417,8.586715867158672,7.850738007380074,0.4297473743968209,0.9358736945303032,7.46148521876859,0.0
157,29,0,1084.0,0.5867158671586716,115000.0,13.0,294280.44280442805,55350.553505535056,94868.66666666667,1.0940959409594095,96315.54612546126,0.8375264880474892,197964.8966789668,164583.9963099631,2.0,1.0,0.0,0.5867158671586716,0.4132841328413284,89025.54612546126,8.0,7.0,0.38461538461538464,0.7112546125461254,6.831306611072623,0.0
157,20,0,1084.0,0.5867158671586716,115000.0,13.0,294280.44280442805,55350.553505535056,94868.66666666667,1.0940959409594095,96315.54612546126,0.8375264880474892,197964.8966789668,181147.19557195573,2.0,1.0,0.0,0.4132841328413284,0.5867158671586716,89025.54612546126,8.0,7.0,0.38461538461538464,0.7112546125461254,6.831306611072623,0.0
157,40,0,1084.0,0.5867158671586716,115000.0,13.0,294280.44280442805,55350.553505535056,94868.66666666667,1.0940959409594095,95843.16236162362,0.8334188031445532,198437.28044280442,128326.57933579336,2.0,1.0,1.0,0.0,0.0,88553.16236162362,8.0,7.0,0.38461538461538464,0.7112546125461254,6.831306611072623,0.0
157,54,0,1084.0,0.5867158671586716,115000.0,13.0,294280.44280442805,55350.553505535056,94868.66666666667,1.0940959409594095,95609.9151291513,0.8313905663404461,198670.52767527674,165282.18819188193,2.0,1.0,0.0,1.0,0.0,88319.9151291513,8.0,7.0,0.38461538461538464,0.7112546125461254,6.831306611072623,0.0
157,8,0,1084.0,0.5867158671586716,115000.0,13.0,294280.44280442805,55350.553505535056,94868.66666666667,1.0940959409594095,93779.47970479705,0.8154737365634526,200500.963099631,181147.19557195573,2.0,2.0,0.0,0.0,1.0,84499.92988929889,8.413284132841328,7.599261992619925,0.4164064717570252,0.8694768589752319,7.27520600768865,0.0
157,15,0,1084.0,0.5867158671586716,115000.0,13.0,294280.44280442805,55350.553505535056,94868.66666666667,1.0940959409594095,95843.16236162362,0.8334188031445532,198437.28044280442,181147.19557195573,2.0,1.0,0.0,0.0,1.0,88553.16236162362,8.0,7.0,0.38461538461538464,0.7112546125461254,6.831306611072623,0.0
158,0,1,1316.0,0.6747720364741642,122000.0,11.0,227963.52583586625,45592.705167173255,106123.0,0.831306990881459,101348.68009118541,0.830726885993323,126614.84574468085,47874.93085106383,2.0,2.0,0.6747720364741642,0.0,0.3252279635258359,92616.82370820669,8.674772036474165,7.978419452887537,0.5772312793589389,0.7517299359762013,7.116388222569224,0.0
158,46,1,1316.0,0.6747720364741642,122000.0,11.0,227963.52583586625,45592.705167173255,106123.0,0.831306990881459,100541.72492401216,0.8241124993771488,127421.80091185411,103695.83434650456,2.0,1.0,0.3252279635258359,0.0,0.6747720364741642,89829.29483282675,9.0,8.45,0.6363636363636364,0.831306990881459,7.380909090909091,0.0
158,21,1,1316.0,0.6747720364741642,122000.0,11.0,227963.52583586625,45592.705167173255,106123.0,0.831306990881459,101400.24924012159,0.8311495839354228,126563.27659574468,107116.71732522796,2.0,1.0,0.0,0.0,1.0,90100.24924012159,9.0,8.45,0.6363636363636364,0.831306990881459,7.380909090909091,0.0
158,67,0,1316.0,0.6747720364741642,122000.0,11.0,227963.52583586625,45592.705167173255,106123.0,0.831306990881459,102278.64285714286,0.8383495316159251,125684.8829787234,47369.715805471125,2.0,2.0,0.6747720364741642,0.3252279635258359,0.0,93557.09726443769,8.674772036474165,7.978419452887537,0.5772312793589389,0.7517299359762013,7.116388222569224,0.0
158,35,0,1316.0,0.6747720364741642,122000.0,11.0,227963.52583586625,45592.705167173255,106123.0,0.831306990881459,102278.64285714286,0.8383495316159251,125684.8829787234,47369.715805471125,2.0,2.0,0.6747720364741642,0.0,0.3252279635258359,93557.09726443769,8.674772036474165,7.978419452887537,0.5772312793589389,0.7517299359762013,7.116388222569224,0.0
158,15,0,1316.0,0.6747720364741642,122000.0,11.0,227963.52583586625,45592.705167173255,106123.0,0.831306990881459,102278.64285714286,0.8383495316159251,125684.8829787234,47369.715805471125,2.0,2.0,0.6747720364741642,0.3252279635258359,0.0,93557.09726443769,8.674772036474165,7.978419452887537,0.5772312793589389,0.7517299359762013,7.116388222569224,0.0
158,50,0,1316.0,0.6747720364741642,122000.0,11.0,227963.52583586625,45592.705167173255,106123.0,0.831306990881459,103497.96960486322,0.8483440131546166,124465.55623100304,107116.71732522796,2.0,2.0,0.0,0.0,1.0,93557.09726443769,8.674772036474165,7.978419452887537,0.5772312793589389,0.7517299359762013,7.116388222569224,0.0
158,41,0,1316.0,0.6747720364741642,122000.0,11.0,227963.52583586625,45592.705167173255,106123.0,0.831306990881459,102278.64285714286,0.8383495316159251,125684.8829787234,47369.715805471125,2.0,2.0,0.6747720364741642,0.0,0.3252279635258359,93557.09726443769,8.674772036474165,7.978419452887537,0.5772312793589389,0.7517299359762013,7.116388222569224,0.0
158,29,0,1316.0,0.6747720364741642,122000.0,11.0,227963.52583586625,45592.705167173255,106123.0,0.831306990881459,103073.22188449847,0.8448624744631023,124890.30395136778,107116.71732522796,2.0,2.0,0.0,0.0,1.0,93132.34954407295,8.674772036474165,7.978419452887537,0.5772312793589389,0.7517299359762013,7.116388222569224,0.0
158,47,0,1316.0,0.6747720364741642,122000.0,11.0,227963.52583586625,45592.705167173255,106123.0,0.831306990881459,102982.44376899696,0.8441183915491555,124981.0820668693,101255.11550151976,2.0,2.0,0.3252279635258359,0.0,0.6747720364741642,93041.57142857143,8.674772036474165,7.978419452887537,0.5772312793589389,0.7517299359762013,7.116388222569224,0.0
158,71,0,1316.0,0.6747720364741642,122000.0,11.0,227963.52583586625,45592.705167173255,106123.0,0.831306990881459,102557.69604863222,0.8406368528576411,125405.82978723405,103620.48328267477,2.0,2.0,0.0,1.0,0.0,92616.82370820669,8.674772036474165,7.978419452887537,0.5772312793589389,0.7517299359762013,7.116388222569224,0.0
158,32,0,1316.0,0.6747720364741642,122000.0,11.0,227963.52583586625,45592.705167173255,106123.0,0.831306990881459,103497.96960486322,0.8483440131546166,124465.55623100304,70514.18844984802,2.0,2.0,0.3252279635258359,0.6747720364741642,0.0,93557.09726443769,8.674772036474165,7.978419452887537,0.5772312793589389,0.7517299359762013,7.116388222569224,0.0
159,59,1,1014.0,0.6518737672583826,111000.0,10.0,313609.4674556213,59171.597633136094,91633.66666666667,1.2593688362919133,90155.49013806706,0.812211622865469,223453.97731755424,90317.88264299803,2.0,1.0,0.34812623274161736,0.6518737672583826,0.0,83362.49013806706,8.0,7.0,0.5,0.7682445759368837,6.706902241165957,0.0
159,27,1,1014.0,0.6518737672583826,111000.0,10.0,313609.4674556213,59171.597633136094,91633.66666666667,1.2593688362919133,90155.49013806706,0.812211622865469,223453.97731755424,130680.30276134123,2.0,1.0,0.0,0.34812623274161736,0.6518737672583826,83362.49013806706,8.0,7.0,0.5,0.7682445759368837,6.706902241165957,0.0
159,62,1,1014.0,0.6518737672583826,111000.0,10.0,313609.4674556213,59171.597633136094,91633.66666666667,1.2593688362919133,89069.94773175543,0.8024319615473462,224539.51972386587,76973.7268244576,2.0,1.0,0.6518737672583826,0.0,0.34812623274161736,82276.94773175543,8.0,7.0,0.5,0.7682445759368837,6.706902241165957,0.0
159,58,0,1014.0,0.6518737672583826,111000.0,10.0,313609.4674556213,59171.597633136094,91633.66666666667,1.2593688362919133,94993.63412228797,0.855798505606198,218615.83333333334,114098.5,2.0,1.0,0.0,1.0,0.0,82341.63412228797,9.0,8.45,0.6,1.2593688362919133,7.49,0.0
159,65,0,1014.0,0.6518737672583826,111000.0,10.0,313609.4674556213,59171.597633136094,91633.66666666667,1.2593688362919133,95700.50788954635,0.8621667377436608,217908.95956607495,126860.97435897436,2.0,1.0,0.0,0.34812623274161736,0.6518737672583826,83048.50788954635,9.0,8.45,0.6,1.2593688362919133,7.49,0.0
159,53,0,1014.0,0.6518737672583826,111000.0,10.0,313609.4674556213,59171.597633136094,91633.66666666667,1.2593688362919133,93266.23175542406,0.8402363221209375,220343.23570019723,116138.17159763313,2.0,2.0,0.0,1.0,0.0,82653.9033530572,8.651873767258383,7.945216962524655,0.5651873767258382,1.0883955977265034,7.217383127348701,0.0
159,13,0,1014.0,0.6518737672583826,111000.0,10.0,313609.4674556213,59171.597633136094,91633.66666666667,1.2593688362919133,92132.15088757397,0.8300193773655312,221477.31656804733,76248.84319526626,2.0,2.0,0.6518737672583826,0.34812623274161736,0.0,83299.47928994083,8.348126232741617,7.504783037475345,0.5348126232741618,0.9392178145022934,6.979519113817256,0.0
159,33,0,1014.0,0.6518737672583826,111000.0,10.0,313609.4674556213,59171.597633136094,91633.66666666667,1.2593688362919133,93266.23175542406,0.8402363221209375,220343.23570019723,116138.17159763313,2.0,2.0,0.0,0.6518737672583826,0.34812623274161736,82653.9033530572,8.651873767258383,7.945216962524655,0.5651873767258382,1.0883955977265034,7.217383127348701,0.0
159,63,0,1014.0,0.6518737672583826,111000.0,10.0,313609.4674556213,59171.597633136094,91633.66666666667,1.2593688362919133,93266.23175542406,0.8402363221209375,220343.23570019723,114068.57790927021,2.0,2.0,0.34812623274161736,0.0,0.6518737672583826,82653.9033530572,8.651873767258383,7.945216962524655,0.5651873767258382,1.0883955977265034,7.217383127348701,0.0
159,19,0,1014.0,0.6518737672583826,111000.0,10.0,313609.4674556213,59171.597633136094,91633.66666666667,1.2593688362919133,92132.15088757397,0.8300193773655312,221477.31656804733,76248.84319526626,2.0,2.0,0.6518737672583826,0.0,0.34812623274161736,83299.47928994083,8.348126232741617,7.504783037475345,0.5348126232741618,0.9392178145022934,6.979519113817256,0.0
159,40,0,1014.0,0.6518737672583826,111000.0,10.0,313609.4674556213,59171.597633136094,91633.66666666667,1.2593688362919133,92640.23767258383,0.8345967357890435,220969.22978303747,73764.0956607495,2.0,2.0,0.6518737672583826,0.0,0.34812623274161736,83111.51873767258,8.651873767258383,7.945216962524655,0.5651873767258382,1.0883955977265034,7.217383127348701,0.0
159,60,0,1014.0,0.6518737672583826,111000.0,10.0,313609.4674556213,59171.597633136094,91633.66666666667,1.2593688362919133,93367.01775147929,0.8411443040673809,220242.44970414203,87106.3550295858,2.0,2.0,0.34812623274161736,0.6518737672583826,0.0,82754.68934911242,8.651873767258383,7.945216962524655,0.5651873767258382,1.0883955977265034,7.217383127348701,0.0
160,8,1,923.0,0.5178764897074756,100000.0,11.0,354279.5232936078,65005.41711809317,92321.33333333333,1.42795232936078,90724.09967497291,0.9072409967497291,263555.4236186349,177939.0877573131,2.0,2.0,0.48212351029252437,0.0,0.5178764897074756,81672.65872156013,8.517876489707476,7.750920910075839,0.5487048163104501,1.1380514103874853,7.063032564976043,0.0
160,33,1,923.0,0.5178764897074756,100000.0,11.0,354279.5232936078,65005.41711809317,92321.33333333333,1.42795232936078,90458.92957746479,0.9045892957746479,263820.593716143,196648.32936078007,2.0,1.0,0.0,0.48212351029252437,0.5178764897074756,84128.92957746479,8.0,7.0,0.45454545454545453,0.8266522210184182,6.721583173074926,0.0
160,0,1,923.0,0.5178764897074756,100000.0,11.0,354279.5232936078,65005.41711809317,92321.33333333333,1.42795232936078,90389.50379198267,0.9038950379198266,263890.01950162515,196717.75514626218,2.0,2.0,0.0,0.48212351029252437,0.5178764897074756,81525.94474539545,8.482123510292524,7.699079089924161,0.5422042745986407,1.116553139991713,7.039459699007974,0.0
161,26,1,873.0,0.5063001145475372,110000.0,9.0,292096.21993127145,68728.52233676976,102701.0,1.3516609392898054,100460.96563573883,0.9132815057794439,191635.25429553265,101142.69988545246,2.0,2.0,0.4936998854524628,0.5063001145475372,0.0,90911.44329896907,8.506300114547537,7.734135166093928,0.6118111238386152,1.1361974153981806,6.880616038126428,0.0
161,31,1,873.0,0.5063001145475372,110000.0,9.0,292096.21993127145,68728.52233676976,102701.0,1.3516609392898054,99965.35051546391,0.9087759137769447,192130.86941580757,99042.47422680413,2.0,2.0,1.0,0.0,0.0,91360.99541809851,8.493699885452463,7.715864833906071,0.610411098383607,1.1306983463429419,6.87016772355425,0.0
161,28,1,873.0,0.5063001145475372,110000.0,9.0,292096.21993127145,68728.52233676976,102701.0,1.3516609392898054,100752.59450171821,0.9159326772883474,191343.62542955327,99042.47422680413,2.0,1.0,1.0,0.0,0.0,94017.59450171821,8.0,7.0,0.5555555555555556,0.9152348224513173,6.460783761680677,0.0
162,47,1,604.0,0.6241721854304636,106000.0,11.0,543046.357615894,99337.74834437086,94604.33333333333,2.1705298013245033,92250.78476821192,0.8702904223416219,450795.5728476821,356236.5231788079,2.0,1.0,0.3758278145695364,0.0,0.6241721854304636,80035.10761589404,9.0,8.45,0.6363636363636364,2.1705298013245033,7.380909090909091,0.0
162,50,1,604.0,0.6241721854304636,106000.0,11.0,543046.357615894,99337.74834437086,94604.33333333333,2.1705298013245033,92220.6986754967,0.8700065912782706,450825.6589403974,360225.60761589406,2.0,2.0,0.0,0.3758278145695364,0.6241721854304636,83389.78311258278,8.375827814569536,7.544950331125827,0.5228777844671885,1.6662317442217447,6.9875853870295925,0.0
162,65,1,604.0,0.6241721854304636,106000.0,11.0,543046.357615894,99337.74834437086,94604.33333333333,2.1705298013245033,93049.96854304636,0.8778298919155316,449996.38907284767,306114.8725165563,2.0,1.0,1.0,0.0,0.0,86620.96854304636,8.0,7.0,0.45454545454545453,1.3625827814569536,6.750756525542467,0.0
165,48,1,1331.0,0.7265214124718257,111000.0,14.0,164537.94139744554,45078.88805409466,94524.33333333333,0.9376408715251691,92570.54921111946,0.833968911811887,71967.39218632608,68962.13298271976,2.0,1.0,0.2734785875281743,0.0,0.7265214124718257,80697.21412471826,9.0,8.45,0.5,0.9376408715251691,7.789999999999998,0.0
165,56,1,1331.0,0.7265214124718257,111000.0,14.0,164537.94139744554,45078.88805409466,94524.33333333333,0.9376408715251691,90369.13373403456,0.8141363399462573,74168.80766341097,66187.64462809918,2.0,2.0,0.7265214124718257,0.0,0.2734785875281743,80628.36964688204,8.726521412471826,8.053456048084147,0.46093163035311796,0.8505222230563892,7.643752619401546,0.0
165,55,1,1331.0,0.7265214124718257,111000.0,14.0,164537.94139744554,45078.88805409466,94524.33333333333,0.9376408715251691,91534.4162283997,0.8246343804360333,73003.52516904582,69998.26596543952,2.0,2.0,0.2734785875281743,0.0,0.7265214124718257,80628.36964688204,8.726521412471826,8.053456048084147,0.46093163035311796,0.8505222230563892,7.643752619401546,0.0
165,37,0,1331.0,0.7265214124718257,111000.0,14.0,164537.94139744554,45078.88805409466,94524.33333333333,0.9376408715251691,93197.64087152517,0.8396183862299564,71340.30052592036,71340.30052592036,2.0,1.0,0.0,0.0,1.0,80885.64087152517,9.0,8.45,0.5,0.9376408715251691,7.789999999999998,0.0
165,39,0,1331.0,0.7265214124718257,111000.0,14.0,164537.94139744554,45078.88805409466,94524.33333333333,0.9376408715251691,93197.64087152517,0.8396183862299564,71340.30052592036,68335.04132231405,2.0,1.0,0.0,1.0,0.0,80885.64087152517,9.0,8.45,0.5,0.9376408715251691,7.789999999999998,0.0
165,41,0,1331.0,0.7265214124718257,111000.0,14.0,164537.94139744554,45078.88805409466,94524.33333333333,0.9376408715251691,93197.64087152517,0.8396183862299564,71340.30052592036,68335.04132231405,2.0,1.0,0.0,0.2734785875281743,0.7265214124718257,80885.64087152517,9.0,8.45,0.5,0.9376408715251691,7.789999999999998,0.0
165,7,0,1331.0,0.7265214124718257,111000.0,14.0,164537.94139744554,45078.88805409466,94524.33333333333,0.9376408715251691,93197.64087152517,0.8396183862299564,71340.30052592036,71340.30052592036,2.0,1.0,0.0,0.7265214124718257,0.2734785875281743,80885.64087152517,9.0,8.45,0.5,0.9376408715251691,7.789999999999998,0.0
168,54,1,715.0,0.6559440559440559,108000.0,12.0,427972.02797202795,83916.08391608391,99604.66666666667,1.8377622377622378,98939.73986013986,0.9161087024087025,329032.2881118881,123711.87692307692,2.0,1.0,1.0,0.0,0.0,89427.28531468532,9.0,8.45,0.6666666666666666,1.8377622377622378,7.290000000000001,0.0
168,29,1,715.0,0.6559440559440559,108000.0,12.0,427972.02797202795,83916.08391608391,99604.66666666667,1.8377622377622378,97190.12167832168,0.8999085340585341,330781.90629370627,125034.40419580419,2.0,1.0,0.6559440559440559,0.0,0.34405594405594403,90292.12167832168,8.0,7.0,0.4166666666666667,1.151048951048951,6.837665790991222,0.0
168,21,1,715.0,0.6559440559440559,108000.0,12.0,427972.02797202795,83916.08391608391,99604.66666666667,1.8377622377622378,98285.75804195805,0.9100533152033152,329686.2699300699,184286.48671328672,2.0,1.0,0.0,1.0,0.0,91387.75804195805,8.0,7.0,0.4166666666666667,1.151048951048951,6.837665790991222,0.0
168,14,0,715.0,0.6559440559440559,108000.0,12.0,427972.02797202795,83916.08391608391,99604.66666666667,1.8377622377622378,100135.22237762238,0.927177984977985,327836.80559440557,181398.36503496504,2.0,1.0,0.34405594405594403,0.6559440559440559,0.0,89445.86433566433,9.0,8.45,0.6666666666666666,1.8377622377622378,7.290000000000001,0.0
168,46,0,715.0,0.6559440559440559,108000.0,12.0,427972.02797202795,83916.08391608391,99604.66666666667,1.8377622377622378,100746.86433566433,0.9328413364413365,327225.16363636364,181398.36503496504,2.0,1.0,0.0,0.6559440559440559,0.34405594405594403,89445.86433566433,9.0,8.45,0.6666666666666666,1.8377622377622378,7.290000000000001,0.0
168,65,0,715.0,0.6559440559440559,108000.0,12.0,427972.02797202795,83916.08391608391,99604.66666666667,1.8377622377622378,101009.72307692308,0.9352752136752137,326962.3048951049,181398.36503496504,2.0,1.0,0.0,1.0,0.0,89708.72307692308,9.0,8.45,0.6666666666666666,1.8377622377622378,7.290000000000001,0.0
171,61,1,1180.0,0.5872881355932204,102000.0,9.0,196610.16949152542,50847.457627118645,97873.33333333333,1.0016949152542374,93670.70593220339,0.9183402542372882,102939.46355932203,38554.341525423726,2.0,1.0,0.0,1.0,0.0,81859.70593220339,9.0,8.45,0.7777777777777778,1.0016949152542374,6.956666666666667,0.0
171,39,1,1180.0,0.5872881355932204,102000.0,9.0,196610.16949152542,50847.457627118645,97873.33333333333,1.0016949152542374,92411.48559322034,0.9059949567962778,104198.68389830508,5893.599152542373,2.0,1.0,1.0,0.0,0.0,82245.39406779662,9.0,8.45,0.7777777777777778,1.0016949152542374,6.956666666666667,0.0
171,44,1,1180.0,0.5872881355932204,102000.0,9.0,196610.16949152542,50847.457627118645,97873.33333333333,1.0016949152542374,93104.29237288136,0.9127871801262878,103505.87711864407,5200.792372881356,2.0,1.0,0.41271186440677965,0.5872881355932204,0.0,81965.57542372882,9.0,8.45,0.7777777777777778,1.0016949152542374,6.956666666666667,0.0
172,45,1,1032.0,0.562984496124031,121000.0,12.0,305232.5581395349,58139.53488372093,102274.0,1.0843023255813953,102727.11240310078,0.8489844000256263,202505.4457364341,130800.01937984496,2.0,1.0,0.437015503875969,0.562984496124031,0.0,91427.50581395348,9.0,8.45,0.5833333333333334,1.0843023255813953,7.539999999999999,0.0
172,43,1,1032.0,0.562984496124031,121000.0,12.0,305232.5581395349,58139.53488372093,102274.0,1.0843023255813953,103654.76647286821,0.8566509625856877,201577.79166666666,148283.21802325582,2.0,2.0,0.562984496124031,0.437015503875969,0.0,94663.60562015504,8.562984496124031,7.816327519379845,0.5104974160206718,0.9716607325280933,7.019951550387597,0.0
172,65,1,1032.0,0.562984496124031,121000.0,12.0,305232.5581395349,58139.53488372093,102274.0,1.0843023255813953,101370.32945736434,0.8377713178294574,203862.22868217053,132156.8023255814,2.0,1.0,1.0,0.0,0.0,91087.0707364341,9.0,8.45,0.5833333333333334,1.0843023255813953,7.539999999999999,0.0
172,11,0,1032.0,0.562984496124031,121000.0,12.0,305232.5581395349,58139.53488372093,102274.0,1.0843023255813953,108342.72771317829,0.8953944439105644,196889.83042635658,125184.40406976744,2.0,1.0,0.437015503875969,0.562984496124031,0.0,101021.72771317829,8.0,7.0,0.4166666666666667,0.8265503875968992,6.35,0.0
172,4,0,1032.0,0.562984496124031,121000.0,12.0,305232.5581395349,58139.53488372093,102274.0,1.0843023255813953,104633.6046511628,0.8647405343071305,200598.9534883721,147304.37984496125,2.0,2.0,0.562984496124031,0.437015503875969,0.0,95650.62984496124,8.562984496124031,7.816327519379845,0.5104974160206718,0.9716607325280933,7.019951550387597,0.0
172,66,0,1032.0,0.562984496124031,121000.0,12.0,305232.5581395349,58139.53488372093,102274.0,1.0843023255813953,106580.24418604652,0.8808284643474918,198652.31395348837,165494.9777131783,2.0,2.0,0.0,0.562984496124031,0.437015503875969,97168.56201550388,8.437015503875969,7.633672480620155,0.48950258397932817,0.9391919806502013,6.870048449612402,0.0
172,12,0,1032.0,0.562984496124031,121000.0,12.0,305232.5581395349,58139.53488372093,102274.0,1.0843023255813953,105087.21317829458,0.8684893651098725,200145.3449612403,146850.77131782947,2.0,2.0,0.0,1.0,0.0,95072.8953488372,8.562984496124031,7.816327519379845,0.5104974160206718,0.9716607325280933,7.019951550387597,0.0
172,0,0,1032.0,0.562984496124031,121000.0,12.0,305232.5581395349,58139.53488372093,102274.0,1.0843023255813953,107529.25678294574,0.8886715436607086,197703.30135658916,125997.875,2.0,1.0,0.437015503875969,0.562984496124031,0.0,100208.25678294574,8.0,7.0,0.4166666666666667,0.8265503875968992,6.35,0.0
172,39,0,1032.0,0.562984496124031,121000.0,12.0,305232.5581395349,58139.53488372093,102274.0,1.0843023255813953,107720.8546511628,0.8902549971170478,197511.7034883721,144217.12984496125,2.0,1.0,0.0,1.0,0.0,100399.8546511628,8.0,7.0,0.4166666666666667,0.8265503875968992,6.35,0.0
172,62,0,1032.0,0.562984496124031,121000.0,12.0,305232.5581395349,58139.53488372093,102274.0,1.0843023255813953,107529.25678294574,0.8886715436607086,197703.30135658916,144408.7277131783,2.0,1.0,0.0,1.0,0.0,100208.25678294574,8.0,7.0,0.4166666666666667,0.8265503875968992,6.35,0.0
172,41,0,1032.0,0.562984496124031,121000.0,12.0,305232.5581395349,58139.53488372093,102274.0,1.0843023255813953,106989.54263565892,0.8842110961624704,198243.01550387597,144948.44186046513,2.0,1.0,0.0,1.0,0.0,99668.54263565892,8.0,7.0,0.4166666666666667,0.8265503875968992,6.35,0.0
172,55,0,1032.0,0.562984496124031,121000.0,12.0,305232.5581395349,58139.53488372093,102274.0,1.0843023255813953,105087.21317829458,0.8684893651098725,200145.3449612403,128439.91860465116,2.0,2.0,0.437015503875969,0.562984496124031,0.0,95072.8953488372,8.562984496124031,7.816327519379845,0.5104974160206718,0.9716607325280933,7.019951550387597,0.0
174,41,1,833.0,0.5702280912364946,112000.0,12.0,362545.0180072029,72028.81152460985,100237.66666666667,1.4633853541416566,100207.4381752701,0.8947092694220545,262337.5798319328,163898.20408163266,2.0,2.0,1.0,0.0,0.0,91596.94117647059,8.429771908763506,7.623169267707083,0.4882953181272509,1.1546544187903252,7.133387227664603,0.0
174,14,1,833.0,0.5702280912364946,112000.0,12.0,362545.0180072029,72028.81152460985,100237.66666666667,1.4633853541416566,99081.81392557023,0.8846590529068771,263463.20408163266,165023.82833133254,2.0,1.0,0.4297719087635054,0.5702280912364946,0.0,91704.81392557023,8.0,7.0,0.4166666666666667,0.921968787515006,6.826929601357081,0.0
174,57,1,833.0,0.5702280912364946,112000.0,12.0,362545.0180072029,72028.81152460985,100237.66666666667,1.4633853541416566,100904.2569027611,0.9009308652032242,261640.76110444177,163201.38535414165,2.0,2.0,1.0,0.0,0.0,92293.75990396159,8.429771908763506,7.623169267707083,0.4882953181272509,1.1546544187903252,7.133387227664603,0.0
174,15,0,833.0,0.5702280912364946,112000.0,12.0,362545.0180072029,72028.81152460985,100237.66666666667,1.4633853541416566,101823.6530612245,0.9091397594752186,260721.3649459784,201955.95318127252,2.0,2.0,0.0,1.0,0.0,91760.30852340936,8.570228091236494,7.826830732292917,0.5117046818727491,1.2306997228663372,7.233542373692479,0.0
174,1,0,833.0,0.5702280912364946,112000.0,12.0,362545.0180072029,72028.81152460985,100237.66666666667,1.4633853541416566,101759.85354141657,0.908570120905505,260785.1644657863,201508.32412965185,2.0,2.0,0.0,1.0,0.0,91696.50900360144,8.570228091236494,7.826830732292917,0.5117046818727491,1.2306997228663372,7.233542373692479,0.0
174,44,0,833.0,0.5702280912364946,112000.0,12.0,362545.0180072029,72028.81152460985,100237.66666666667,1.4633853541416566,101823.6530612245,0.9091397594752186,260721.3649459784,201955.95318127252,2.0,2.0,0.0,0.5702280912364946,0.4297719087635054,91760.30852340936,8.570228091236494,7.826830732292917,0.5117046818727491,1.2306997228663372,7.233542373692479,0.0
174,19,0,833.0,0.5702280912364946,112000.0,12.0,362545.0180072029,72028.81152460985,100237.66666666667,1.4633853541416566,102271.28211284513,0.9131364474361173,260273.73589435776,201508.32412965185,2.0,2.0,0.0,1.0,0.0,92207.93757503001,8.570228091236494,7.826830732292917,0.5117046818727491,1.2306997228663372,7.233542373692479,0.0
174,30,0,833.0,0.5702280912364946,112000.0,12.0,362545.0180072029,72028.81152460985,100237.66666666667,1.4633853541416566,101894.75150060024,0.909774566969645,260650.26650660264,162210.8907563025,2.0,1.0,1.0,0.0,0.0,91639.54261704681,9.0,8.45,0.5833333333333334,1.4633853541416566,7.54,0.0
174,4,0,833.0,0.5702280912364946,112000.0,12.0,362545.0180072029,72028.81152460985,100237.66666666667,1.4633853541416566,102271.28211284513,0.9131364474361173,260273.73589435776,201508.32412965185,2.0,2.0,0.0,1.0,0.0,92207.93757503001,8.570228091236494,7.826830732292917,0.5117046818727491,1.2306997228663372,7.233542373692479,0.0
174,69,0,833.0,0.5702280912364946,112000.0,12.0,362545.0180072029,72028.81152460985,100237.66666666667,1.4633853541416566,102271.28211284513,0.9131364474361173,260273.73589435776,161834.36014405763,2.0,2.0,0.4297719087635054,0.5702280912364946,0.0,92207.93757503001,8.570228091236494,7.826830732292917,0.5117046818727491,1.2306997228663372,7.233542373692479,0.0
174,45,0,833.0,0.5702280912364946,112000.0,12.0,362545.0180072029,72028.81152460985,100237.66666666667,1.4633853541416566,101823.6530612245,0.9091397594752186,260721.3649459784,162281.98919567827,2.0,2.0,0.4297719087635054,0.5702280912364946,0.0,91760.30852340936,8.570228091236494,7.826830732292917,0.5117046818727491,1.2306997228663372,7.233542373692479,0.0
174,53,0,833.0,0.5702280912364946,112000.0,12.0,362545.0180072029,72028.81152460985,100237.66666666667,1.4633853541416566,101759.85354141657,0.908570120905505,260785.1644657863,201508.32412965185,2.0,2.0,0.0,1.0,0.0,91696.50900360144,8.570228091236494,7.826830732292917,0.5117046818727491,1.2306997228663372,7.233542373692479,0.0
177,12,1,1187.0,0.7843302443133952,109000.0,10.0,195450.7160909857,50547.59898904802,96515.66666666667,1.10530749789385,90675.53074978938,0.8318856032090769,104775.1853411963,15639.252737994946,2.0,2.0,0.7843302443133952,0.21566975568660487,0.0,80775.86941870261,8.784330244313395,8.137278854254422,0.656866048862679,1.013007383412978,7.107516366004208,0.0
177,15,1,1187.0,0.7843302443133952,109000.0,10.0,195450.7160909857,50547.59898904802,96515.66666666667,1.10530749789385,91553.49957877,0.8399403631079817,103897.21651221567,15111.962931760741,2.0,1.0,0.7843302443133952,0.0,0.21566975568660487,80619.67902274642,9.0,8.449999999999998,0.7,1.10530749789385,7.189999999999999,0.0
177,7,1,1187.0,0.7843302443133952,109000.0,10.0,195450.7160909857,50547.59898904802,96515.66666666667,1.10530749789385,91412.45155855097,0.8386463445738621,104038.26453243471,15111.962931760741,2.0,2.0,0.7843302443133952,0.0,0.21566975568660487,81523.55096882897,8.784330244313395,8.137278854254422,0.656866048862679,1.013007383412978,7.107516366004208,0.0
178,33,1,820.0,0.5353658536585366,118000.0,9.0,425609.756097561,73170.73170731707,100487.0,1.523170731707317,95180.4756097561,0.8066142000826788,330429.2804878049,204362.41463414635,2.0,1.0,0.0,0.46463414634146344,0.5353658536585366,87647.4756097561,8.0,7.0,0.5555555555555556,0.9829268292682927,6.9333333333333345,0.0
178,19,1,820.0,0.5353658536585366,118000.0,9.0,425609.756097561,73170.73170731707,100487.0,1.523170731707317,95180.4756097561,0.8066142000826788,330429.2804878049,140185.3780487805,2.0,1.0,1.0,0.0,0.0,87647.4756097561,8.0,7.0,0.5555555555555556,0.9829268292682927,6.9333333333333345,0.0
178,12,1,820.0,0.5353658536585366,118000.0,9.0,425609.756097561,73170.73170731707,100487.0,1.523170731707317,96319.22317073171,0.8162646031417942,329290.53292682924,204056.72073170732,2.0,1.0,0.0,0.46463414634146344,0.5353658536585366,88786.22317073171,8.0,7.0,0.5555555555555556,0.9829268292682927,6.9333333333333345,0.0
178,43,0,820.0,0.5353658536585366,118000.0,9.0,425609.756097561,73170.73170731707,100487.0,1.523170731707317,101097.59146341463,0.8567592496899545,324512.1646341463,173416.45487804877,2.0,2.0,0.5353658536585366,0.0,0.46463414634146344,91184.27073170732,8.464634146341464,7.673719512195122,0.7104336043360433,1.2339425936942297,6.761867616952364,0.0
178,44,0,820.0,0.5353658536585366,118000.0,9.0,425609.756097561,73170.73170731707,100487.0,1.523170731707317,107525.52560975609,0.9112332678792889,318084.23048780486,197209.30731707317,2.0,1.0,0.0,0.46463414634146344,0.5353658536585366,94869.52560975609,9.0,8.45,0.8888888888888888,1.523170731707317,6.564299508051457,0.0
178,50,0,820.0,0.5353658536585366,118000.0,9.0,425609.756097561,73170.73170731707,100487.0,1.523170731707317,100722.63170731708,0.8535816246382802,324887.1243902439,178511.65487804878,2.0,2.0,0.0,0.5353658536585366,0.46463414634146344,90809.31097560975,8.464634146341464,7.673719512195122,0.7104336043360433,1.2339425936942297,6.761867616952364,0.0
178,3,0,820.0,0.5353658536585366,118000.0,9.0,425609.756097561,73170.73170731707,100487.0,1.523170731707317,106211.80365853659,0.9001000310045474,319397.9524390244,129154.05,2.0,1.0,0.46463414634146344,0.5353658536585366,0.0,94433.0512195122,9.0,8.45,0.8888888888888888,1.523170731707317,6.564299508051457,0.0
178,25,0,820.0,0.5353658536585366,118000.0,9.0,425609.756097561,73170.73170731707,100487.0,1.523170731707317,106648.15731707317,0.9037979433650268,318961.5987804878,154218.24268292682,2.0,1.0,0.46463414634146344,0.0,0.5353658536585366,94869.52560975609,9.0,8.45,0.8888888888888888,1.523170731707317,6.564299508051457,0.0
178,37,0,820.0,0.5353658536585366,118000.0,9.0,425609.756097561,73170.73170731707,100487.0,1.523170731707317,101097.59146341463,0.8567592496899545,324512.1646341463,201982.09390243902,2.0,2.0,0.0,0.46463414634146344,0.5353658536585366,91184.27073170732,8.464634146341464,7.673719512195122,0.7104336043360433,1.2339425936942297,6.761867616952364,0.0
178,32,0,820.0,0.5353658536585366,118000.0,9.0,425609.756097561,73170.73170731707,100487.0,1.523170731707317,101334.01951219513,0.8587628772219925,324275.73658536584,201676.4,2.0,2.0,0.0,0.46463414634146344,0.5353658536585366,91420.6987804878,8.464634146341464,7.673719512195122,0.7104336043360433,1.2339425936942297,6.761867616952364,0.0
178,11,0,820.0,0.5353658536585366,118000.0,9.0,425609.756097561,73170.73170731707,100487.0,1.523170731707317,101558.9756097561,0.8606692848284415,324050.7804878049,174519.51585365852,2.0,2.0,0.0,1.0,0.0,91283.29634146341,8.535365853658536,7.776280487804877,0.7340108401084011,1.2721549672813803,6.735765224432426,0.0
178,24,0,820.0,0.5353658536585366,118000.0,9.0,425609.756097561,73170.73170731707,100487.0,1.523170731707317,106453.06219512195,0.9021445948739149,319156.69390243903,168055.40853658537,2.0,1.0,0.5353658536585366,0.46463414634146344,0.0,94808.4756097561,9.0,8.45,0.8888888888888888,1.523170731707317,6.564299508051457,0.0
182,26,1,616.0,0.7191558441558441,113000.0,6.0,389610.3896103896,97402.5974025974,95190.66666666667,2.0535714285714284,90710.18344155845,0.8027449862084818,298900.20616883115,207495.21915584416,2.0,1.0,0.28084415584415584,0.0,0.7191558441558441,80025.70292207792,9.0,8.45,1.0,2.0535714285714284,6.29,0.0
182,59,1,616.0,0.7191558441558441,113000.0,6.0,389610.3896103896,97402.5974025974,95190.66666666667,2.0535714285714284,89851.13149350649,0.7951427565797035,299759.2581168831,175474.7305194805,2.0,1.0,1.0,0.0,0.0,80321.56331168831,9.0,8.45,1.0,2.0535714285714284,6.29,0.0
182,34,1,616.0,0.7191558441558441,113000.0,6.0,389610.3896103896,97402.5974025974,95190.66666666667,2.0535714285714284,90039.93668831169,0.7968135990116079,299570.4529220779,175474.7305194805,2.0,1.0,1.0,0.0,0.0,80514.2224025974,9.0,8.45,1.0,2.0535714285714284,6.29,0.0
183,66,1,1293.0,0.7238979118329466,111000.0,8.0,251353.44160866202,46403.71229698376,102767.0,0.9048723897911833,94864.19644238206,0.8546324003818203,156489.24516627996,97302.7950502707,2.0,1.0,0.7238979118329466,0.27610208816705334,0.0,83814.98839907192,9.0,8.45,0.875,0.9048723897911833,6.664999999999999,0.0
183,62,1,1293.0,0.7238979118329466,111000.0,8.0,251353.44160866202,46403.71229698376,102767.0,0.9048723897911833,96410.0471771075,0.868558983577545,154943.39443155454,76830.47873163187,2.0,2.0,1.0,0.0,0.0,86795.09280742459,8.723897911832946,8.049651972157772,0.8059744779582366,0.831629531135886,6.544613763095983,0.0
183,37,1,1293.0,0.7238979118329466,111000.0,8.0,251353.44160866202,46403.71229698376,102767.0,0.9048723897911833,96239.18484145399,0.8670196832563422,155114.25676720805,77001.34106728538,2.0,2.0,1.0,0.0,0.0,86613.83526682135,8.723897911832946,8.049651972157772,0.8059744779582366,0.831629531135886,6.544613763095983,0.0
183,15,0,1293.0,0.7238979118329466,111000.0,8.0,251353.44160866202,46403.71229698376,102767.0,0.9048723897911833,97449.97679814385,0.8779277189021969,153903.46481051817,106060.34029389017,2.0,2.0,0.27610208816705334,0.0,0.7238979118329466,86613.83526682135,8.723897911832946,8.049651972157772,0.8059744779582366,0.831629531135886,6.544613763095983,0.0
183,23,0,1293.0,0.7238979118329466,111000.0,8.0,251353.44160866202,46403.71229698376,102767.0,0.9048723897911833,97449.97679814385,0.8779277189021969,153903.46481051817,116007.09976798143,2.0,2.0,0.0,0.27610208816705334,0.7238979118329466,86613.83526682135,8.723897911832946,8.049651972157772,0.8059744779582366,0.831629531135886,6.544613763095983,0.0
183,59,0,1293.0,0.7238979118329466,111000.0,8.0,251353.44160866202,46403.71229698376,102767.0,0.9048723897911833,97631.2343387471,0.8795606697184424,153722.2072699149,115825.84222737819,2.0,2.0,0.0,0.27610208816705334,0.7238979118329466,86795.09280742459,8.723897911832946,8.049651972157772,0.8059744779582366,0.831629531135886,6.544613763095983,0.0
183,68,0,1293.0,0.7238979118329466,111000.0,8.0,251353.44160866202,46403.71229698376,102767.0,0.9048723897911833,97449.97679814385,0.8779277189021969,153903.46481051817,116007.09976798143,2.0,2.0,0.0,0.27610208816705334,0.7238979118329466,86613.83526682135,8.723897911832946,8.049651972157772,0.8059744779582366,0.831629531135886,6.544613763095983,0.0
183,11,0,1293.0,0.7238979118329466,111000.0,8.0,251353.44160866202,46403.71229698376,102767.0,0.9048723897911833,97449.97679814385,0.8779277189021969,153903.46481051817,116007.09976798143,2.0,2.0,0.0,0.27610208816705334,0.7238979118329466,86613.83526682135,8.723897911832946,8.049651972157772,0.8059744779582366,0.831629531135886,6.544613763095983,0.0
183,4,0,1293.0,0.7238979118329466,111000.0,8.0,251353.44160866202,46403.71229698376,102767.0,0.9048723897911833,97449.97679814385,0.8779277189021969,153903.46481051817,116007.09976798143,2.0,2.0,0.0,0.27610208816705334,0.7238979118329466,86613.83526682135,8.723897911832946,8.049651972157772,0.8059744779582366,0.831629531135886,6.544613763095983,0.0
183,17,0,1293.0,0.7238979118329466,111000.0,8.0,251353.44160866202,46403.71229698376,102767.0,0.9048723897911833,97631.2343387471,0.8795606697184424,153722.2072699149,75609.29156999226,2.0,2.0,0.27610208816705334,0.7238979118329466,0.0,86795.09280742459,8.723897911832946,8.049651972157772,0.8059744779582366,0.831629531135886,6.544613763095983,0.0
183,55,0,1293.0,0.7238979118329466,111000.0,8.0,251353.44160866202,46403.71229698376,102767.0,0.9048723897911833,97631.2343387471,0.8795606697184424,153722.2072699149,115825.84222737819,2.0,2.0,0.0,0.27610208816705334,0.7238979118329466,86795.09280742459,8.723897911832946,8.049651972157772,0.8059744779582366,0.831629531135886,6.544613763095983,0.0
183,52,0,1293.0,0.7238979118329466,111000.0,8.0,251353.44160866202,46403.71229698376,102767.0,0.9048723897911833,97631.2343387471,0.8795606697184424,153722.2072699149,75609.29156999226,2.0,2.0,0.27610208816705334,0.7238979118329466,0.0,86795.09280742459,8.723897911832946,8.049651972157772,0.8059744779582366,0.831629531135886,6.544613763095983,0.0
184,7,1,1301.0,0.7248270561106841,115000.0,10.0,209838.58570330514,46118.37048424289,108709.0,0.9792467332820907,107541.76556495004,0.9351457875213047,102296.8201383551,76163.0768639508,2.0,1.0,0.0,0.2751729438893159,0.7248270561106841,95800.76556495004,9.0,8.45,0.6,0.9792467332820907,7.490000000000001,0.0
184,67,1,1301.0,0.7248270561106841,115000.0,10.0,209838.58570330514,46118.37048424289,108709.0,0.9792467332820907,105360.85933897003,0.916181385556261,104477.72636433513,26253.08839354343,2.0,1.0,0.7248270561106841,0.2751729438893159,0.0,94996.71176018448,9.0,8.45,0.6,0.9792467332820907,7.490000000000001,0.0
184,3,1,1301.0,0.7248270561106841,115000.0,10.0,209838.58570330514,46118.37048424289,108709.0,0.9792467332820907,105140.98385857033,0.9142694248571334,104697.60184473482,25686.244427363567,2.0,2.0,0.7248270561106841,0.2751729438893159,0.0,96227.83397386626,8.724827056110684,8.05099923136049,0.5724827056110684,0.8751844055391673,7.266006634748264,0.0
185,56,1,655.0,0.650381679389313,115000.0,13.0,482442.74809160305,91603.0534351145,101068.66666666667,1.6946564885496183,100026.7679389313,0.8697979820776635,382415.98015267175,271045.29160305345,2.0,2.0,0.0,0.650381679389313,0.34961832061068704,91392.48396946565,8.349618320610688,7.506946564885495,0.4652965355255432,1.4553557484995046,7.1727980541173695,0.0
185,51,1,655.0,0.650381679389313,115000.0,13.0,482442.74809160305,91603.0534351145,101068.66666666667,1.6946564885496183,100586.16488549618,0.8746623033521407,381856.58320610685,267973.0351145038,2.0,2.0,0.650381679389313,0.34961832061068704,0.0,91679.29618320611,8.650381679389312,7.9430534351145035,0.5347034644744568,1.566018297302022,7.29814189366331,0.0
185,11,1,655.0,0.650381679389313,115000.0,13.0,482442.74809160305,91603.0534351145,101068.66666666667,1.6946564885496183,97959.47480916031,0.8518215200796548,384483.27328244277,272754.5755725191,2.0,1.0,0.0,0.650381679389313,0.34961832061068704,91034.47480916031,8.0,7.0,0.38461538461538464,1.3267175572519083,7.027093793934525,0.0
185,30,0,655.0,0.650381679389313,115000.0,13.0,482442.74809160305,91603.0534351145,101068.66666666667,1.6946564885496183,102179.43053435115,0.8885167872552273,380263.3175572519,298880.4076335878,2.0,2.0,0.0,0.0,1.0,92074.7145038168,8.650381679389312,7.9430534351145035,0.5347034644744568,1.566018297302022,7.29814189366331,0.0
185,43,0,655.0,0.650381679389313,115000.0,13.0,482442.74809160305,91603.0534351145,101068.66666666667,1.6946564885496183,103717.44580152672,0.9018908330567541,378725.30229007633,235213.85190839696,2.0,1.0,0.34961832061068704,0.650381679389313,0.0,92546.2610687023,9.0,8.45,0.6153846153846154,1.6946564885496183,7.443846153846154,0.0
185,28,0,655.0,0.650381679389313,115000.0,13.0,482442.74809160305,91603.0534351145,101068.66666666667,1.6946564885496183,101784.01221374045,0.885078367076004,380658.7358778626,298880.4076335878,2.0,2.0,0.0,0.34961832061068704,0.650381679389313,91679.29618320611,8.650381679389312,7.9430534351145035,0.5347034644744568,1.566018297302022,7.29814189366331,0.0
185,64,0,655.0,0.650381679389313,115000.0,13.0,482442.74809160305,91603.0534351145,101068.66666666667,1.6946564885496183,103152.15114503817,0.8969752273481579,379290.5969465649,267470.1465648855,2.0,1.0,0.650381679389313,0.0,0.34961832061068704,92546.2610687023,9.0,8.45,0.6153846153846154,1.6946564885496183,7.443846153846154,0.0
185,21,0,655.0,0.650381679389313,115000.0,13.0,482442.74809160305,91603.0534351145,101068.66666666667,1.6946564885496183,101784.01221374045,0.885078367076004,380658.7358778626,268934.23358778626,2.0,2.0,0.0,1.0,0.0,91679.29618320611,8.650381679389312,7.9430534351145035,0.5347034644744568,1.566018297302022,7.29814189366331,0.0
185,61,0,655.0,0.650381679389313,115000.0,13.0,482442.74809160305,91603.0534351145,101068.66666666667,1.6946564885496183,104636.10992366412,0.9098792167275142,377806.6381679389,266711.7984732824,2.0,1.0,0.0,1.0,0.0,92822.10992366412,9.0,8.45,0.6153846153846154,1.6946564885496183,7.443846153846154,0.0
185,48,0,655.0,0.650381679389313,115000.0,13.0,482442.74809160305,91603.0534351145,101068.66666666667,1.6946564885496183,102297.16335877862,0.8895405509459011,380145.5847328244,266836.8839694656,2.0,2.0,0.34961832061068704,0.0,0.650381679389313,92192.44732824428,8.650381679389312,7.9430534351145035,0.5347034644744568,1.566018297302022,7.29814189366331,0.0
185,22,0,655.0,0.650381679389313,115000.0,13.0,482442.74809160305,91603.0534351145,101068.66666666667,1.6946564885496183,102509.3358778626,0.8913855293727182,379933.41221374046,236421.96183206106,2.0,1.0,1.0,0.0,0.0,92546.2610687023,9.0,8.45,0.6153846153846154,1.6946564885496183,7.443846153846154,0.0
185,10,0,655.0,0.650381679389313,115000.0,13.0,482442.74809160305,91603.0534351145,101068.66666666667,1.6946564885496183,104119.11297709924,0.9053835911052107,378323.6351145038,267224.9496183206,2.0,1.0,0.0,1.0,0.0,92305.11297709924,9.0,8.45,0.6153846153846154,1.6946564885496183,7.443846153846154,0.0
186,22,1,1161.0,0.7579672695951766,119000.0,12.0,177433.24720068907,51679.58656330749,101367.66666666667,1.1231696813092162,106533.40310077519,0.8952386815191192,70899.84409991387,29125.045650301465,2.0,1.0,0.7579672695951766,0.24203273040482343,0.0,95728.89405684755,9.0,8.45,0.5,1.1231696813092162,7.789999999999999,0.0
186,30,1,1161.0,0.7579672695951766,119000.0,12.0,177433.24720068907,51679.58656330749,101367.66666666667,1.1231696813092162,103796.73901808786,0.8722415043536794,73636.5081826012,29125.045650301465,2.0,2.0,1.0,0.0,0.0,94708.2420327304,8.515934539190352,7.022006890611541,0.4394918173987941,0.967234726664248,7.450289063382182,0.0
186,34,1,1161.0,0.7579672695951766,119000.0,12.0,177433.24720068907,51679.58656330749,101367.66666666667,1.1231696813092162,106558.01550387597,0.8954455084359325,70875.23169681309,67782.96813092162,2.0,2.0,0.0,0.7579672695951766,0.24203273040482343,95525.10249784669,8.757967269595177,8.099052540913005,0.479830605799598,1.0191435551490036,7.441472868217054,0.0
186,4,0,1161.0,0.7579672695951766,119000.0,12.0,177433.24720068907,51679.58656330749,101367.66666666667,1.1231696813092162,107446.38329026701,0.9029107839518237,69986.86391042205,55344.31438415159,2.0,2.0,0.0,1.0,0.0,96413.47028423773,8.757967269595177,8.099052540913005,0.479830605799598,1.0191435551490036,7.441472868217054,0.0
186,67,0,1161.0,0.7579672695951766,119000.0,12.0,177433.24720068907,51679.58656330749,101367.66666666667,1.1231696813092162,108603.05770887167,0.9126307370493417,68830.1894918174,54187.63996554694,2.0,1.0,0.0,1.0,0.0,96350.05770887167,9.0,8.45,0.5,1.1231696813092162,7.789999999999999,0.0
186,53,0,1161.0,0.7579672695951766,119000.0,12.0,177433.24720068907,51679.58656330749,101367.66666666667,1.1231696813092162,107981.89405684755,0.9074108744272903,69451.35314384152,54808.80361757106,2.0,1.0,0.0,1.0,0.0,95728.89405684755,9.0,8.45,0.5,1.1231696813092162,7.789999999999999,0.0
186,40,0,1161.0,0.7579672695951766,119000.0,12.0,177433.24720068907,51679.58656330749,101367.66666666667,1.1231696813092162,107530.03789836347,0.9036137638517939,69903.20930232559,44924.742463393624,2.0,1.0,0.24203273040482343,0.7579672695951766,0.0,95743.41602067184,9.0,8.45,0.5,1.1231696813092162,7.789999999999999,0.0
186,52,0,1161.0,0.7579672695951766,119000.0,12.0,177433.24720068907,51679.58656330749,101367.66666666667,1.1231696813092162,107324.39276485788,0.9018856534862006,70108.85443583118,45130.38759689922,2.0,1.0,0.24203273040482343,0.7579672695951766,0.0,95533.57364341085,9.0,8.45,0.5,1.1231696813092162,7.789999999999999,0.0
186,65,0,1161.0,0.7579672695951766,119000.0,12.0,177433.24720068907,51679.58656330749,101367.66666666667,1.1231696813092162,107176.51679586564,0.9006429982845852,70256.73040482342,45278.26356589147,2.0,2.0,0.24203273040482343,0.7579672695951766,0.0,96143.60378983634,8.757967269595177,8.099052540913005,0.479830605799598,1.0191435551490036,7.441472868217054,0.0
186,61,0,1161.0,0.7579672695951766,119000.0,12.0,177433.24720068907,51679.58656330749,101367.66666666667,1.1231696813092162,107142.19724375538,0.9003545986870201,70291.04995693368,28518.913867355728,2.0,1.0,0.7579672695951766,0.24203273040482343,0.0,96350.05770887167,9.0,8.45,0.5,1.1231696813092162,7.789999999999999,0.0
186,44,0,1161.0,0.7579672695951766,119000.0,12.0,177433.24720068907,51679.58656330749,101367.66666666667,1.1231696813092162,107176.51679586564,0.9006429982845852,70256.73040482342,67164.46683893196,2.0,2.0,0.0,0.7579672695951766,0.24203273040482343,96143.60378983634,8.757967269595177,8.099052540913005,0.479830605799598,1.0191435551490036,7.441472868217054,0.0
186,41,0,1161.0,0.7579672695951766,119000.0,12.0,177433.24720068907,51679.58656330749,101367.66666666667,1.1231696813092162,107176.51679586564,0.9006429982845852,70256.73040482342,67164.46683893196,2.0,2.0,0.0,0.7579672695951766,0.24203273040482343,96143.60378983634,8.757967269595177,8.099052540913005,0.479830605799598,1.0191435551490036,7.441472868217054,0.0
187,59,1,855.0,0.5590643274853802,122000.0,10.0,309941.52046783624,70175.43859649122,100486.0,1.3508771929824561,96272.81052631579,0.7891213977566868,213668.70994152047,131797.3649122807,2.0,1.0,0.4409356725146199,0.5590643274853802,0.0,84854.72514619883,9.0,8.45,0.7,1.3508771929824561,7.189999999999999,0.0
187,60,1,855.0,0.5590643274853802,122000.0,10.0,309941.52046783624,70175.43859649122,100486.0,1.3508771929824561,97365.53684210527,0.7980781708369283,212575.983625731,166297.83859649123,2.0,1.0,0.0,1.0,0.0,85199.53684210527,9.0,8.45,0.7,1.3508771929824561,7.189999999999999,0.0
187,46,1,855.0,0.5590643274853802,122000.0,10.0,309941.52046783624,70175.43859649122,100486.0,1.3508771929824561,97365.53684210527,0.7980781708369283,212575.983625731,166297.83859649123,2.0,1.0,0.0,1.0,0.0,85199.53684210527,9.0,8.45,0.7,1.3508771929824561,7.189999999999999,0.0
187,1,0,855.0,0.5590643274853802,122000.0,10.0,309941.52046783624,70175.43859649122,100486.0,1.3508771929824561,98887.64678362574,0.8105544818329978,211053.87368421053,166297.83859649123,2.0,2.0,0.0,1.0,0.0,88897.66432748539,8.55906432748538,7.810643274853801,0.611812865497076,1.15387435450224,6.832856183294474,0.0
187,27,0,855.0,0.5590643274853802,122000.0,10.0,309941.52046783624,70175.43859649122,100486.0,1.3508771929824561,101764.95906432749,0.8341390087239958,208176.56140350876,126305.216374269,2.0,1.0,0.4409356725146199,0.5590643274853802,0.0,94533.95906432749,8.0,7.0,0.5,0.904093567251462,6.3800319276307045,0.0
187,0,0,855.0,0.5590643274853802,122000.0,10.0,309941.52046783624,70175.43859649122,100486.0,1.3508771929824561,100393.47719298245,0.8228973540408399,209548.04327485382,115791.96725146199,2.0,2.0,0.5590643274853802,0.4409356725146199,0.0,90986.4596491228,8.44093567251462,7.6393567251461985,0.588187134502924,1.101096405731678,6.73717574433623,0.0
187,50,0,855.0,0.5590643274853802,122000.0,10.0,309941.52046783624,70175.43859649122,100486.0,1.3508771929824561,99639.04561403509,0.8167134886396319,210302.47485380116,128431.1298245614,2.0,2.0,0.4409356725146199,0.5590643274853802,0.0,90986.4596491228,8.44093567251462,7.6393567251461985,0.588187134502924,1.101096405731678,6.73717574433623,0.0
187,45,0,855.0,0.5590643274853802,122000.0,10.0,309941.52046783624,70175.43859649122,100486.0,1.3508771929824561,101963.2081871345,0.8357640015338894,207978.31228070176,126106.96725146199,2.0,1.0,0.4409356725146199,0.5590643274853802,0.0,94732.2081871345,8.0,7.0,0.5,0.904093567251462,6.3800319276307045,0.0
187,5,0,855.0,0.5590643274853802,122000.0,10.0,309941.52046783624,70175.43859649122,100486.0,1.3508771929824561,98844.61637426901,0.810201773559582,211096.90409356725,119388.09239766082,2.0,2.0,1.0,0.0,0.0,89811.97543859649,8.55906432748538,7.810643274853801,0.611812865497076,1.15387435450224,6.832856183294474,0.0
187,35,0,855.0,0.5590643274853802,122000.0,10.0,309941.52046783624,70175.43859649122,100486.0,1.3508771929824561,100072.0350877193,0.8202625826862238,209869.48538011697,115791.96725146199,2.0,2.0,0.5590643274853802,0.4409356725146199,0.0,90665.01754385965,8.44093567251462,7.6393567251461985,0.588187134502924,1.101096405731678,6.73717574433623,0.0
187,51,0,855.0,0.5590643274853802,122000.0,10.0,309941.52046783624,70175.43859649122,100486.0,1.3508771929824561,98887.64678362574,0.8105544818329978,211053.87368421053,129182.52865497077,2.0,2.0,0.4409356725146199,0.5590643274853802,0.0,88897.66432748539,8.55906432748538,7.810643274853801,0.611812865497076,1.15387435450224,6.832856183294474,0.0
187,62,0,855.0,0.5590643274853802,122000.0,10.0,309941.52046783624,70175.43859649122,100486.0,1.3508771929824561,100393.47719298245,0.8228973540408399,209548.04327485382,165398.30409356725,2.0,2.0,0.0,1.0,0.0,90986.4596491228,8.44093567251462,7.6393567251461985,0.588187134502924,1.101096405731678,6.73717574433623,0.0
188,7,1,889.0,0.5579302587176603,113000.0,9.0,286839.14510686166,67491.56355455569,100154.0,1.249718785151856,94295.47694038245,0.8344732472600217,192543.66816647918,71395.90551181103,2.0,1.0,0.0,0.5579302587176603,0.4420697412823397,87180.47694038245,8.0,7.0,0.5555555555555556,0.8177727784026997,6.737180608180317,0.0
188,5,1,889.0,0.5579302587176603,113000.0,9.0,286839.14510686166,67491.56355455569,100154.0,1.249718785151856,94794.57367829021,0.8388900325512408,192044.57142857142,71395.90551181103,2.0,1.0,0.0,0.5579302587176603,0.4420697412823397,87679.57367829021,8.0,7.0,0.5555555555555556,0.8177727784026997,6.737180608180317,0.0
188,41,1,889.0,0.5579302587176603,113000.0,9.0,286839.14510686166,67491.56355455569,100154.0,1.249718785151856,93643.64679415073,0.8287048388862897,193195.4983127109,23086.398200224972,2.0,1.0,0.5579302587176603,0.0,0.4420697412823397,86528.64679415073,8.0,7.0,0.5555555555555556,0.8177727784026997,6.737180608180317,0.0
188,8,0,889.0,0.5579302587176603,113000.0,9.0,286839.14510686166,67491.56355455569,100154.0,1.249718785151856,96578.98987626546,0.8546813263386325,190260.15523059617,23086.398200224972,2.0,2.0,0.5579302587176603,0.0,0.4420697412823397,87116.59955005624,8.44206974128234,7.641001124859393,0.6046744156980377,1.0087230378542391,6.981565333697905,0.0
188,43,0,889.0,0.5579302587176603,113000.0,9.0,286839.14510686166,67491.56355455569,100154.0,1.249718785151856,98244.81439820022,0.8694231362672586,188594.3307086614,68433.29583802025,2.0,2.0,0.0,0.4420697412823397,0.5579302587176603,88167.20472440944,8.55793025871766,7.808998875140607,0.6175478065241845,1.0587685257003165,7.0456152744824125,0.0
188,67,0,889.0,0.5579302587176603,113000.0,9.0,286839.14510686166,67491.56355455569,100154.0,1.249718785151856,97325.03824521934,0.8612835242939765,189514.1068616423,68433.29583802025,2.0,2.0,0.0,0.4420697412823397,0.5579302587176603,87247.42857142857,8.55793025871766,7.808998875140607,0.6175478065241845,1.0587685257003165,7.0456152744824125,0.0
188,18,0,889.0,0.5579302587176603,113000.0,9.0,286839.14510686166,67491.56355455569,100154.0,1.249718785151856,100250.21372328459,0.8871700329494211,186588.93138357706,68433.29583802025,2.0,1.0,0.0,0.0,1.0,87825.21372328459,9.0,8.45,0.6666666666666666,1.249718785151856,7.290000000000002,0.0
188,17,0,889.0,0.5579302587176603,113000.0,9.0,286839.14510686166,67491.56355455569,100154.0,1.249718785151856,98244.81439820022,0.8694231362672586,188594.3307086614,64859.79752530934,2.0,2.0,0.4420697412823397,0.5579302587176603,0.0,88167.20472440944,8.55793025871766,7.808998875140607,0.6175478065241845,1.0587685257003165,7.0456152744824125,0.0
188,62,0,889.0,0.5579302587176603,113000.0,9.0,286839.14510686166,67491.56355455569,100154.0,1.249718785151856,97255.95050618672,0.8606721283733338,189583.1946006749,19978.93813273341,2.0,2.0,0.5579302587176603,0.0,0.4420697412823397,88167.20472440944,8.55793025871766,7.808998875140607,0.6175478065241845,1.0587685257003165,7.0456152744824125,0.0
188,26,0,889.0,0.5579302587176603,113000.0,9.0,286839.14510686166,67491.56355455569,100154.0,1.249718785151856,97325.03824521934,0.8612835242939765,189514.1068616423,68433.29583802025,2.0,2.0,0.4420697412823397,0.0,0.5579302587176603,87247.42857142857,8.55793025871766,7.808998875140607,0.6175478065241845,1.0587685257003165,7.0456152744824125,0.0
188,48,0,889.0,0.5579302587176603,113000.0,9.0,286839.14510686166,67491.56355455569,100154.0,1.249718785151856,97225.07311586052,0.860398877131509,189614.07199100114,71395.90551181103,2.0,2.0,0.0,0.5579302587176603,0.4420697412823397,87762.6827896513,8.44206974128234,7.641001124859393,0.6046744156980377,1.0087230378542391,6.981565333697905,0.0
188,37,0,889.0,0.5579302587176603,113000.0,9.0,286839.14510686166,67491.56355455569,100154.0,1.249718785151856,100675.31383577053,0.8909319808475268,186163.83127109113,68433.29583802025,2.0,1.0,0.0,0.5579302587176603,0.4420697412823397,88250.31383577053,9.0,8.45,0.6666666666666666,1.249718785151856,7.290000000000002,0.0
189,43,1,913.0,0.6955093099671413,115000.0,14.0,272727.2727272727,65717.41511500548,100206.66666666667,1.4074479737130339,95603.85761226725,0.8313378922805847,177123.41511500548,40059.79627601314,2.0,1.0,0.6955093099671413,0.0,0.3044906900328587,83928.2300109529,9.0,8.450000000000001,0.5,1.4074479737130339,7.789999999999999,0.0
189,14,1,913.0,0.6955093099671413,115000.0,14.0,272727.2727272727,65717.41511500548,100206.66666666667,1.4074479737130339,97491.79408543264,0.8477547311776751,175235.47864184008,97310.03285870756,2.0,1.0,0.0,1.0,0.0,84647.79408543264,9.0,8.450000000000001,0.5,1.4074479737130339,7.789999999999999,0.0
189,23,1,913.0,0.6955093099671413,115000.0,14.0,272727.2727272727,65717.41511500548,100206.66666666667,1.4074479737130339,98270.6286966046,0.8545272060574313,174456.64403066813,97310.03285870756,2.0,2.0,0.0,0.0,1.0,87304.72727272728,8.695509309967141,8.008488499452355,0.4565013299953059,1.2466982337394985,7.464864400655841,0.0
189,25,0,913.0,0.6955093099671413,115000.0,14.0,272727.2727272727,65717.41511500548,100206.66666666667,1.4074479737130339,101198.40963855422,0.8799861707700367,171528.8630887185,34467.98466593647,2.0,2.0,0.6955093099671413,0.3044906900328587,0.0,92644.31106243154,8.304490690032859,7.441511500547645,0.40064152714755125,1.040267812262692,7.047334152577194,0.0
189,28,0,913.0,0.6955093099671413,115000.0,14.0,272727.2727272727,65717.41511500548,100206.66666666667,1.4074479737130339,102694.06790799562,0.8929918948521358,170033.2048192771,101599.93428258489,2.0,1.0,0.3044906900328587,0.0,0.6955093099671413,96018.06790799562,8.0,7.0,0.35714285714285715,0.8795180722891566,6.722198553233036,0.0
189,26,0,913.0,0.6955093099671413,115000.0,14.0,272727.2727272727,65717.41511500548,100206.66666666667,1.4074479737130339,103041.79627601315,0.8960156197914186,169685.47645125957,90824.578313253,2.0,1.0,0.3044906900328587,0.6955093099671413,0.0,96365.79627601315,8.0,7.0,0.35714285714285715,0.8795180722891566,6.722198553233036,0.0
189,49,0,913.0,0.6955093099671413,115000.0,14.0,272727.2727272727,65717.41511500548,100206.66666666667,1.4074479737130339,103041.79627601315,0.8960156197914186,169685.47645125957,34467.98466593647,2.0,1.0,1.0,0.0,0.0,96365.79627601315,8.0,7.0,0.35714285714285715,0.8795180722891566,6.722198553233036,0.0
189,39,0,913.0,0.6955093099671413,115000.0,14.0,272727.2727272727,65717.41511500548,100206.66666666667,1.4074479737130339,100688.16210295729,0.8755492356778894,172039.11062431545,34467.98466593647,2.0,2.0,1.0,0.0,0.0,92644.31106243154,8.304490690032859,7.441511500547645,0.40064152714755125,1.040267812262692,7.047334152577194,0.0
189,41,0,913.0,0.6955093099671413,115000.0,14.0,272727.2727272727,65717.41511500548,100206.66666666667,1.4074479737130339,100311.63526834612,0.8722750892899662,172415.63745892662,101599.93428258489,2.0,2.0,0.0,0.3044906900328587,0.6955093099671413,91757.53669222344,8.304490690032859,7.441511500547645,0.40064152714755125,1.040267812262692,7.047334152577194,0.0
189,50,0,913.0,0.6955093099671413,115000.0,14.0,272727.2727272727,65717.41511500548,100206.66666666667,1.4074479737130339,100898.53450164293,0.8773785608838516,171828.7382256298,92967.84008762322,2.0,2.0,0.3044906900328587,0.6955093099671413,0.0,92858.9769989047,8.304490690032859,7.441511500547645,0.40064152714755125,1.040267812262692,7.047334152577194,0.0
189,22,0,913.0,0.6955093099671413,115000.0,14.0,272727.2727272727,65717.41511500548,100206.66666666667,1.4074479737130339,98772.78641840088,0.8588937949426163,173954.48630887186,97310.03285870756,2.0,2.0,0.0,0.3044906900328587,0.6955093099671413,87806.88499452354,8.695509309967141,8.008488499452355,0.4565013299953059,1.2466982337394985,7.464864400655841,0.0
189,4,0,913.0,0.6955093099671413,115000.0,14.0,272727.2727272727,65717.41511500548,100206.66666666667,1.4074479737130339,98618.35706462212,0.8575509309967141,174108.9156626506,97310.03285870756,2.0,2.0,0.0,1.0,0.0,87652.4556407448,8.695509309967141,8.008488499452355,0.4565013299953059,1.2466982337394985,7.464864400655841,0.0
190,58,1,801.0,0.7078651685393258,120000.0,12.0,367041.19850187266,74906.36704119851,101696.33333333333,1.3720349563046192,93675.30337078651,0.7806275280898877,273365.8951310861,223428.31710362047,2.0,1.0,0.0,0.29213483146067415,0.7078651685393258,82701.30337078651,9.0,8.45,0.5833333333333334,1.3720349563046192,7.539999999999999,0.0
190,42,1,801.0,0.7078651685393258,120000.0,12.0,367041.19850187266,74906.36704119851,101696.33333333333,1.3720349563046192,94432.734082397,0.7869394506866417,272608.46441947564,175230.1872659176,2.0,2.0,1.0,0.0,0.0,85788.58426966293,8.707865168539326,8.026404494382023,0.5346441947565543,1.2473032305124212,7.3214815542537215,0.0
190,17,1,801.0,0.7078651685393258,120000.0,12.0,367041.19850187266,74906.36704119851,101696.33333333333,1.3720349563046192,93193.10611735331,0.7766092176446109,273848.09238451935,205765.52309612985,2.0,1.0,0.29213483146067415,0.0,0.7078651685393258,82701.30337078651,9.0,8.45,0.5833333333333334,1.3720349563046192,7.539999999999999,0.0
190,54,0,801.0,0.7078651685393258,120000.0,12.0,367041.19850187266,74906.36704119851,101696.33333333333,1.3720349563046192,100330.26966292135,0.8360855805243446,266710.92883895134,196529.8202247191,2.0,1.0,0.0,1.0,0.0,93320.26966292135,8.0,7.0,0.4166666666666667,0.9450686641697877,6.791994551099284,0.0
190,49,0,801.0,0.7078651685393258,120000.0,12.0,367041.19850187266,74906.36704119851,101696.33333333333,1.3720349563046192,96424.2808988764,0.8035356741573034,270616.9176029963,220679.33957553058,2.0,2.0,0.0,0.29213483146067415,0.7078651685393258,86608.30337078651,8.707865168539326,8.026404494382023,0.5346441947565543,1.2473032305124212,7.3214815542537215,0.0
190,69,0,801.0,0.7078651685393258,120000.0,12.0,367041.19850187266,74906.36704119851,101696.33333333333,1.3720349563046192,101197.40449438202,0.8433117041198502,265843.7940074906,215906.21598002498,2.0,1.0,0.0,0.29213483146067415,0.7078651685393258,94187.40449438202,8.0,7.0,0.4166666666666667,0.9450686641697877,6.791994551099284,0.0
190,32,0,801.0,0.7078651685393258,120000.0,12.0,367041.19850187266,74906.36704119851,101696.33333333333,1.3720349563046192,95604.5617977528,0.7967046816479401,271436.63670411985,201255.52808988764,2.0,2.0,0.0,0.7078651685393258,0.29213483146067415,85788.58426966293,8.707865168539326,8.026404494382023,0.5346441947565543,1.2473032305124212,7.3214815542537215,0.0
190,12,0,801.0,0.7078651685393258,120000.0,12.0,367041.19850187266,74906.36704119851,101696.33333333333,1.3720349563046192,98403.93258426966,0.8200327715355805,268637.265917603,195371.79775280898,2.0,2.0,0.0,1.0,0.0,90235.91011235955,8.292134831460674,7.4235955056179765,0.46535580524344566,1.0698003899619857,7.01051299684556,0.0
190,40,0,801.0,0.7078651685393258,120000.0,12.0,367041.19850187266,74906.36704119851,101696.33333333333,1.3720349563046192,101197.40449438202,0.8433117041198502,265843.7940074906,195662.68539325843,2.0,1.0,0.0,0.7078651685393258,0.29213483146067415,94187.40449438202,8.0,7.0,0.4166666666666667,0.9450686641697877,6.791994551099284,0.0
190,61,0,801.0,0.7078651685393258,120000.0,12.0,367041.19850187266,74906.36704119851,101696.33333333333,1.3720349563046192,101515.24719101124,0.845960393258427,265525.95131086145,195213.67166042447,2.0,1.0,0.7078651685393258,0.29213483146067415,0.0,94505.24719101124,8.0,7.0,0.4166666666666667,0.9450686641697877,6.791994551099284,0.0
190,9,0,801.0,0.7078651685393258,120000.0,12.0,367041.19850187266,74906.36704119851,101696.33333333333,1.3720349563046192,95922.40449438202,0.7993533707865168,271118.7940074906,221181.21598002498,2.0,2.0,0.0,0.29213483146067415,0.7078651685393258,86106.42696629213,8.707865168539326,8.026404494382023,0.5346441947565543,1.2473032305124212,7.3214815542537215,0.0
190,44,0,801.0,0.7078651685393258,120000.0,12.0,367041.19850187266,74906.36704119851,101696.33333333333,1.3720349563046192,100330.26966292135,0.8360855805243446,266710.92883895134,202394.20224719102,2.0,1.0,0.29213483146067415,0.0,0.7078651685393258,93320.26966292135,8.0,7.0,0.4166666666666667,0.9450686641697877,6.791994551099284,0.0
191,17,1,894.0,0.756152125279642,124000.0,11.0,276286.35346756154,67114.09395973154,102040.33333333333,1.232662192393736,103685.68232662193,0.8361748574727574,172600.6711409396,85666.63982102908,2.0,2.0,0.0,0.756152125279642,0.24384787472035793,97301.23489932886,7.756152125279642,5.914876957494407,0.41020947732357127,0.8341065717760461,6.210852404882366,0.0
191,25,1,894.0,0.756152125279642,124000.0,11.0,276286.35346756154,67114.09395973154,102040.33333333333,1.232662192393736,105021.97315436242,0.8469513964061485,171264.3803131991,37762.791946308724,2.0,2.0,0.756152125279642,0.24384787472035793,0.0,98637.52572706935,7.756152125279642,5.914876957494407,0.41020947732357127,0.8341065717760461,6.210852404882366,0.0
191,50,1,894.0,0.756152125279642,124000.0,11.0,276286.35346756154,67114.09395973154,102040.33333333333,1.232662192393736,104335.97315436242,0.8414191383416324,171950.3803131991,85016.34899328859,2.0,2.0,0.0,1.0,0.0,93910.64876957494,8.512304250559284,7.011297539149887,0.5476916819198698,1.1039192428769475,7.076302882816065,0.0
191,35,0,894.0,0.756152125279642,124000.0,11.0,276286.35346756154,67114.09395973154,102040.33333333333,1.232662192393736,106346.01118568232,0.8576291224651801,169940.3422818792,60320.65548098434,2.0,2.0,0.24384787472035793,0.756152125279642,0.0,95447.13422818792,8.756152125279643,8.096420581655481,0.592027659141753,1.145651597275398,7.101814114297336,0.0
191,44,0,894.0,0.756152125279642,124000.0,11.0,276286.35346756154,67114.09395973154,102040.33333333333,1.232662192393736,106420.19686800895,0.8582273940968463,169866.15659955257,60246.469798657716,2.0,1.0,0.24384787472035793,0.756152125279642,0.0,99562.19686800895,8.0,7.0,0.45454545454545453,0.8758389261744967,6.236363636363637,0.0
191,71,0,894.0,0.756152125279642,124000.0,11.0,276286.35346756154,67114.09395973154,102040.33333333333,1.232662192393736,106785.48098434004,0.8611732337446778,169500.87248322146,82885.79418344519,2.0,2.0,0.0,1.0,0.0,98624.35794183445,8.243847874720357,7.35357941834452,0.49888143176733785,0.9628495212928346,6.515458612975391,0.0
191,1,0,894.0,0.756152125279642,124000.0,11.0,276286.35346756154,67114.09395973154,102040.33333333333,1.232662192393736,106699.8903803132,0.8604829869380096,169586.46308724832,84188.91722595078,2.0,1.0,0.0,1.0,0.0,99841.8903803132,8.0,7.0,0.45454545454545453,0.8758389261744967,6.236363636363637,0.0
191,51,0,894.0,0.756152125279642,124000.0,11.0,276286.35346756154,67114.09395973154,102040.33333333333,1.232662192393736,106237.25503355704,0.8567520567222342,170049.09843400447,83239.67337807607,2.0,1.0,0.0,1.0,0.0,94035.25503355704,9.0,8.45,0.6363636363636364,1.232662192393736,7.38090909090909,0.0
191,67,0,894.0,0.756152125279642,124000.0,11.0,276286.35346756154,67114.09395973154,102040.33333333333,1.232662192393736,105758.48098434004,0.8528909756801617,170527.87248322146,85130.32662192393,2.0,2.0,0.0,1.0,0.0,94859.60402684564,8.756152125279643,8.096420581655481,0.592027659141753,1.145651597275398,7.101814114297336,0.0
191,49,0,894.0,0.756152125279642,124000.0,11.0,276286.35346756154,67114.09395973154,102040.33333333333,1.232662192393736,106699.8903803132,0.8604829869380096,169586.46308724832,84188.91722595078,2.0,1.0,0.0,1.0,0.0,99841.8903803132,8.0,7.0,0.45454545454545453,0.8758389261744967,6.236363636363637,0.0
191,55,0,894.0,0.756152125279642,124000.0,11.0,276286.35346756154,67114.09395973154,102040.33333333333,1.232662192393736,106066.31767337807,0.8553735296240167,170220.03579418344,84542.79642058165,2.0,2.0,0.0,1.0,0.0,95167.44071588367,8.756152125279643,8.096420581655481,0.592027659141753,1.145651597275398,7.101814114297336,0.0
191,70,0,894.0,0.756152125279642,124000.0,11.0,276286.35346756154,67114.09395973154,102040.33333333333,1.232662192393736,105695.72035794183,0.8523848415963051,170590.6331096197,60970.94630872483,2.0,1.0,0.24384787472035793,0.756152125279642,0.0,98837.72035794183,8.0,7.0,0.45454545454545453,0.8758389261744967,6.236363636363637,0.0
192,32,1,1288.0,0.5248447204968945,101000.0,13.0,217391.30434782608,46583.85093167702,98560.66666666667,0.8454968944099379,100434.57763975156,0.9944017588094213,116956.72670807454,72702.06832298137,2.0,2.0,0.0,0.4751552795031056,0.5248447204968945,90711.1801242236,8.524844720496894,7.761024844720497,0.46536072623029145,0.7658124686547587,7.105190700883862,0.0
192,44,1,1288.0,0.5248447204968945,101000.0,13.0,217391.30434782608,46583.85093167702,98560.66666666667,0.8454968944099379,99151.20652173914,0.981695114076625,118240.09782608696,51394.26552795031,2.0,2.0,0.5248447204968945,0.4751552795031056,0.0,90355.8602484472,8.524844720496894,7.761024844720497,0.46536072623029145,0.7658124686547587,7.105190700883862,0.0
192,45,1,1288.0,0.5248447204968945,101000.0,13.0,217391.30434782608,46583.85093167702,98560.66666666667,0.8454968944099379,100321.81677018634,0.9932853145563003,117069.48757763975,72814.82919254659,2.0,2.0,0.0,1.0,0.0,90855.21428571429,8.475155279503106,7.688975155279503,0.4577161968466316,0.7574794568110799,7.045643021539389,0.0
192,53,0,1288.0,0.5248447204968945,101000.0,13.0,217391.30434782608,46583.85093167702,98560.66666666667,0.8454968944099379,101016.64285714286,1.0001647807637906,116374.66149068323,72120.00310559006,2.0,2.0,0.4751552795031056,0.0,0.5248447204968945,91293.24534161491,8.524844720496894,7.761024844720497,0.46536072623029145,0.7658124686547587,7.105190700883862,0.0
192,51,0,1288.0,0.5248447204968945,101000.0,13.0,217391.30434782608,46583.85093167702,98560.66666666667,0.8454968944099379,101333.26708074534,1.0032996740667857,116058.03726708074,50344.975155279506,2.0,2.0,0.5248447204968945,0.4751552795031056,0.0,91866.66459627329,8.475155279503106,7.688975155279503,0.4577161968466316,0.7574794568110799,7.045643021539389,0.0
192,65,0,1288.0,0.5248447204968945,101000.0,13.0,217391.30434782608,46583.85093167702,98560.66666666667,0.8454968944099379,101016.64285714286,1.0001647807637906,116374.66149068323,61250.43788819876,2.0,2.0,0.4751552795031056,0.5248447204968945,0.0,91293.24534161491,8.524844720496894,7.761024844720497,0.46536072623029145,0.7658124686547587,7.105190700883862,0.0
192,10,0,1288.0,0.5248447204968945,101000.0,13.0,217391.30434782608,46583.85093167702,98560.66666666667,0.8454968944099379,101333.26708074534,1.0032996740667857,116058.03726708074,93118.60714285714,2.0,2.0,0.0,0.5248447204968945,0.4751552795031056,91866.66459627329,8.475155279503106,7.688975155279503,0.4577161968466316,0.7574794568110799,7.045643021539389,0.0
192,4,0,1288.0,0.5248447204968945,101000.0,13.0,217391.30434782608,46583.85093167702,98560.66666666667,0.8454968944099379,101333.26708074534,1.0032996740667857,116058.03726708074,50344.975155279506,2.0,2.0,0.5248447204968945,0.0,0.4751552795031056,91866.66459627329,8.475155279503106,7.688975155279503,0.4577161968466316,0.7574794568110799,7.045643021539389,0.0
192,58,0,1288.0,0.5248447204968945,101000.0,13.0,217391.30434782608,46583.85093167702,98560.66666666667,0.8454968944099379,101206.7049689441,1.0020465838509316,116184.59937888199,71929.94099378883,2.0,1.0,0.0,0.4751552795031056,0.5248447204968945,89027.7049689441,9.0,8.45,0.5384615384615384,0.8454968944099379,7.674615384615383,0.0
192,35,0,1288.0,0.5248447204968945,101000.0,13.0,217391.30434782608,46583.85093167702,98560.66666666667,0.8454968944099379,101016.64285714286,1.0001647807637906,116374.66149068323,72120.00310559006,2.0,2.0,0.0,1.0,0.0,91293.24534161491,8.524844720496894,7.761024844720497,0.46536072623029145,0.7658124686547587,7.105190700883862,0.0
192,37,0,1288.0,0.5248447204968945,101000.0,13.0,217391.30434782608,46583.85093167702,98560.66666666667,0.8454968944099379,101016.64285714286,1.0001647807637906,116374.66149068323,72120.00310559006,2.0,2.0,0.0,1.0,0.0,91293.24534161491,8.524844720496894,7.761024844720497,0.46536072623029145,0.7658124686547587,7.105190700883862,0.0
192,7,0,1288.0,0.5248447204968945,101000.0,13.0,217391.30434782608,46583.85093167702,98560.66666666667,0.8454968944099379,101206.80124223602,1.0020475370518418,116184.50310559006,71929.8447204969,2.0,1.0,0.0,1.0,0.0,89027.80124223602,9.0,8.45,0.5384615384615384,0.8454968944099379,7.674615384615383,0.0
193,24,1,1272.0,0.5165094339622641,108000.0,13.0,240566.03773584907,47169.811320754714,94790.33333333333,0.9716981132075472,90909.17688679245,0.8417516378406709,149656.8608490566,130788.93632075471,2.0,1.0,0.0,1.0,0.0,79856.17688679245,9.0,8.45,0.5384615384615384,0.9716981132075472,7.674615384615384,0.0
193,12,1,1272.0,0.5165094339622641,108000.0,13.0,240566.03773584907,47169.811320754714,94790.33333333333,0.9716981132075472,90733.75,0.8401273148148148,149832.28773584907,124124.87814465408,2.0,1.0,0.5165094339622641,0.4834905660377358,0.0,80512.6603773585,9.0,8.45,0.5384615384615384,0.9716981132075472,7.674615384615384,0.0
193,56,1,1272.0,0.5165094339622641,108000.0,13.0,240566.03773584907,47169.811320754714,94790.33333333333,0.9716981132075472,90937.70283018867,0.8420157669461915,149628.3349056604,130760.4103773585,2.0,1.0,0.0,1.0,0.0,79884.70283018867,9.0,8.45,0.5384615384615384,0.9716981132075472,7.674615384615384,0.0
193,29,0,1272.0,0.5165094339622641,108000.0,13.0,240566.03773584907,47169.811320754714,94790.33333333333,0.9716981132075472,98533.76179245283,0.9123496462264151,142032.27594339623,123164.35141509434,2.0,1.0,0.0,1.0,0.0,91230.76179245283,8.0,7.0,0.38461538461538464,0.6871069182389937,6.551973676300255,0.0
193,16,0,1272.0,0.5165094339622641,108000.0,13.0,240566.03773584907,47169.811320754714,94790.33333333333,0.9716981132075472,99165.375,0.9181979166666666,141400.66273584907,122532.73820754717,2.0,1.0,0.0,0.4834905660377358,0.5165094339622641,91862.375,8.0,7.0,0.38461538461538464,0.6871069182389937,6.551973676300255,0.0
193,15,0,1272.0,0.5165094339622641,108000.0,13.0,240566.03773584907,47169.811320754714,94790.33333333333,0.9716981132075472,94871.32075471699,0.8784381551362683,145694.71698113208,119987.30738993711,2.0,2.0,0.5165094339622641,0.4834905660377358,0.0,85755.23113207547,8.483490566037736,7.701061320754717,0.45899854862119016,0.8247040761836952,7.094760351311107,0.0
193,36,0,1272.0,0.5165094339622641,108000.0,13.0,240566.03773584907,47169.811320754714,94790.33333333333,0.9716981132075472,95181.89622641509,0.8813138539482879,145384.14150943398,126516.21698113208,2.0,2.0,0.0,1.0,0.0,86065.80660377358,8.483490566037736,7.701061320754717,0.45899854862119016,0.8247040761836952,7.094760351311107,0.0
193,32,0,1272.0,0.5165094339622641,108000.0,13.0,240566.03773584907,47169.811320754714,94790.33333333333,0.9716981132075472,93827.12264150943,0.8687696540880503,146738.9150943396,124124.87814465408,2.0,2.0,0.5165094339622641,0.4834905660377358,0.0,85419.12264150943,8.516509433962264,7.748938679245283,0.4640783744557329,0.8341009552628457,7.13182870960453,0.0
193,52,0,1272.0,0.5165094339622641,108000.0,13.0,240566.03773584907,47169.811320754714,94790.33333333333,0.9716981132075472,98533.76179245283,0.9123496462264151,142032.27594339623,91717.81053459119,2.0,1.0,1.0,0.0,0.0,91230.76179245283,8.0,7.0,0.38461538461538464,0.6871069182389937,6.551973676300255,0.0
193,9,0,1272.0,0.5165094339622641,108000.0,13.0,240566.03773584907,47169.811320754714,94790.33333333333,0.9716981132075472,98533.76179245283,0.9123496462264151,142032.27594339623,123164.35141509434,2.0,1.0,0.0,0.4834905660377358,0.5165094339622641,91230.76179245283,8.0,7.0,0.38461538461538464,0.6871069182389937,6.551973676300255,0.0
193,0,0,1272.0,0.5165094339622641,108000.0,13.0,240566.03773584907,47169.811320754714,94790.33333333333,0.9716981132075472,95236.80424528301,0.8818222615303983,145329.23349056602,139416.12421383648,2.0,2.0,0.0,0.5165094339622641,0.4834905660377358,85996.89386792453,8.516509433962264,7.748938679245283,0.4640783744557329,0.8341009552628457,7.13182870960453,0.0
193,5,0,1272.0,0.5165094339622641,108000.0,13.0,240566.03773584907,47169.811320754714,94790.33333333333,0.9716981132075472,94715.88836477988,0.8769989663405544,145850.1493710692,95535.68396226416,2.0,2.0,0.4834905660377358,0.5165094339622641,0.0,86378.14150943396,8.483490566037736,7.701061320754717,0.45899854862119016,0.8247040761836952,7.094760351311107,0.0
194,21,1,700.0,0.6042857142857143,123000.0,13.0,261428.57142857142,85714.28571428571,106635.33333333333,1.7771428571428571,97937.78714285714,0.7962421718931475,163490.7842857143,36924.51285714286,2.0,1.0,0.6042857142857143,0.39571428571428574,0.0,87901.70142857142,9.0,8.45,0.6153846153846154,1.7771428571428571,7.443846153846155,0.0
194,63,1,700.0,0.6042857142857143,123000.0,13.0,261428.57142857142,85714.28571428571,106635.33333333333,1.7771428571428571,99299.46571428572,0.8073127293844367,162129.10571428572,69656.47857142857,2.0,1.0,0.0,0.0,1.0,88200.46571428572,9.0,8.45,0.6153846153846154,1.7771428571428571,7.443846153846155,0.0
194,45,1,700.0,0.6042857142857143,123000.0,13.0,261428.57142857142,85714.28571428571,106635.33333333333,1.7771428571428571,98305.58142857143,0.7992323693379791,163122.99,42552.99285714285,2.0,1.0,0.39571428571428574,0.0,0.6042857142857143,87901.70142857142,9.0,8.45,0.6153846153846154,1.7771428571428571,7.443846153846155,0.0
194,44,0,700.0,0.6042857142857143,123000.0,13.0,261428.57142857142,85714.28571428571,106635.33333333333,1.7771428571428571,104515.78285714285,0.8497218118466899,156912.78857142857,44829.03,2.0,2.0,0.0,0.6042857142857143,0.39571428571428574,95812.77571428572,8.395714285714286,7.573785714285714,0.4759340659340659,1.355869387755102,7.06229489362463,0.0
194,16,0,700.0,0.6042857142857143,123000.0,13.0,261428.57142857142,85714.28571428571,106635.33333333333,1.7771428571428571,106778.24857142857,0.8681158420441347,154650.32285714286,47192.06857142857,2.0,1.0,0.0,0.6042857142857143,0.39571428571428574,99644.24857142857,8.0,7.0,0.38461538461538464,1.08,6.812437448987841,0.0
194,46,0,700.0,0.6042857142857143,123000.0,13.0,261428.57142857142,85714.28571428571,106635.33333333333,1.7771428571428571,107579.79857142858,0.8746325087108014,153848.77285714285,30649.634285714284,2.0,1.0,0.6042857142857143,0.0,0.39571428571428574,100445.79857142858,8.0,7.0,0.38461538461538464,1.08,6.812437448987841,0.0
194,28,0,700.0,0.6042857142857143,123000.0,13.0,261428.57142857142,85714.28571428571,106635.33333333333,1.7771428571428571,103020.57,0.8375656097560975,158408.00142857144,11265.144285714287,2.0,2.0,0.39571428571428574,0.6042857142857143,0.0,95018.74428571429,8.395714285714286,7.573785714285714,0.4759340659340659,1.355869387755102,7.06229489362463,0.0
194,26,0,700.0,0.6042857142857143,123000.0,13.0,261428.57142857142,85714.28571428571,106635.33333333333,1.7771428571428571,107081.99,0.8705852845528456,154346.58142857143,7203.7242857142855,2.0,1.0,0.39571428571428574,0.6042857142857143,0.0,99947.99,8.0,7.0,0.38461538461538464,1.08,6.812437448987841,0.0
194,66,0,700.0,0.6042857142857143,123000.0,13.0,261428.57142857142,85714.28571428571,106635.33333333333,1.7771428571428571,106778.24857142857,0.8681158420441347,154650.32285714286,37487.28857142857,2.0,1.0,0.39571428571428574,0.0,0.6042857142857143,99644.24857142857,8.0,7.0,0.38461538461538464,1.08,6.812437448987841,0.0
194,33,0,700.0,0.6042857142857143,123000.0,13.0,261428.57142857142,85714.28571428571,106635.33333333333,1.7771428571428571,107081.99,0.8705852845528456,154346.58142857143,37580.56285714286,2.0,1.0,0.39571428571428574,0.0,0.6042857142857143,99947.99,8.0,7.0,0.38461538461538464,1.08,6.812437448987841,0.0
194,25,0,700.0,0.6042857142857143,123000.0,13.0,261428.57142857142,85714.28571428571,106635.33333333333,1.7771428571428571,103721.75142857143,0.8432662717770035,157706.82,31443.665714285715,2.0,2.0,0.6042857142857143,0.0,0.39571428571428574,95018.74428571429,8.395714285714286,7.573785714285714,0.4759340659340659,1.355869387755102,7.06229489362463,0.0
194,42,0,700.0,0.6042857142857143,123000.0,13.0,261428.57142857142,85714.28571428571,106635.33333333333,1.7771428571428571,103522.2,0.8416439024390244,157906.37142857144,10763.514285714286,2.0,2.0,1.0,0.0,0.0,95514.40714285715,8.395714285714286,7.573785714285714,0.4759340659340659,1.355869387755102,7.06229489362463,0.0
195,66,1,801.0,0.6017478152309613,123000.0,13.0,295880.1498127341,74906.36704119851,101516.33333333333,1.6441947565543071,97484.16978776529,0.792554225916791,198395.9800249688,115998.97627965044,2.0,1.0,1.0,0.0,0.0,86947.11111111111,9.0,8.45,0.5384615384615384,1.6441947565543071,7.674615384615384,0.0
195,17,1,801.0,0.6017478152309613,123000.0,13.0,295880.1498127341,74906.36704119851,101516.33333333333,1.6441947565543071,100163.30461922596,0.8143358099124063,195716.8451935081,113319.84144818976,2.0,2.0,1.0,0.0,0.0,91148.31210986267,8.601747815230961,7.872534332084894,0.47719197157399407,1.3896315622949467,7.2143820193432795,0.0
195,11,1,801.0,0.6017478152309613,123000.0,13.0,295880.1498127341,74906.36704119851,101516.33333333333,1.6441947565543071,99728.09737827715,0.8107975396607898,196152.05243445694,144981.05867665418,2.0,2.0,0.6017478152309613,0.0,0.3982521847690387,90704.22222222222,8.601747815230961,7.872534332084894,0.47719197157399407,1.3896315622949467,7.2143820193432795,0.0
195,59,0,801.0,0.6017478152309613,123000.0,13.0,295880.1498127341,74906.36704119851,101516.33333333333,1.6441947565543071,103575.89887640449,0.8420804786699553,192304.2509363296,141128.07990012484,2.0,1.0,0.6017478152309613,0.0,0.3982521847690387,96845.89887640449,8.0,7.0,0.38461538461538464,1.0049937578027466,6.51898238905753,0.0
195,30,0,801.0,0.6017478152309613,123000.0,13.0,295880.1498127341,74906.36704119851,101516.33333333333,1.6441947565543071,101670.8077403246,0.8265919328481675,194209.3420724095,162517.57053682898,2.0,2.0,0.0,0.0,1.0,91603.51435705369,8.601747815230961,7.872534332084894,0.47719197157399407,1.3896315622949467,7.2143820193432795,0.0
195,71,0,801.0,0.6017478152309613,123000.0,13.0,295880.1498127341,74906.36704119851,101516.33333333333,1.6441947565543071,101787.39575530587,0.8275398028886656,194092.75405742822,141222.6129837703,2.0,2.0,0.3982521847690387,0.0,0.6017478152309613,93538.38202247191,8.398252184769039,7.577465667915106,0.445884951502929,1.2595569520621073,6.979215754329633,0.0
195,55,0,801.0,0.6017478152309613,123000.0,13.0,295880.1498127341,74906.36704119851,101516.33333333333,1.6441947565543071,104028.31335830213,0.8457586451894481,191851.83645443196,140665.81897627964,2.0,1.0,0.6017478152309613,0.3982521847690387,0.0,97298.31335830213,8.0,7.0,0.38461538461538464,1.0049937578027466,6.51898238905753,0.0
195,14,0,801.0,0.6017478152309613,123000.0,13.0,295880.1498127341,74906.36704119851,101516.33333333333,1.6441947565543071,100771.51560549313,0.819280614678806,195108.63420724095,143922.61672908865,2.0,2.0,0.0,0.3982521847690387,0.6017478152309613,90704.22222222222,8.601747815230961,7.872534332084894,0.47719197157399407,1.3896315622949467,7.2143820193432795,0.0
195,33,0,801.0,0.6017478152309613,123000.0,13.0,295880.1498127341,74906.36704119851,101516.33333333333,1.6441947565543071,104317.01373283396,0.8481058027059671,191563.1360799001,140377.11860174782,2.0,1.0,0.6017478152309613,0.3982521847690387,0.0,97587.01373283396,8.0,7.0,0.38461538461538464,1.0049937578027466,6.51898238905753,0.0
195,65,0,801.0,0.6017478152309613,123000.0,13.0,295880.1498127341,74906.36704119851,101516.33333333333,1.6441947565543071,104772.21598002496,0.8518066339839429,191107.93383270912,108710.93008739076,2.0,1.0,1.0,0.0,0.0,98042.21598002496,8.0,7.0,0.38461538461538464,1.0049937578027466,6.51898238905753,0.0
195,64,0,801.0,0.6017478152309613,123000.0,13.0,295880.1498127341,74906.36704119851,101516.33333333333,1.6441947565543071,104317.01373283396,0.8481058027059671,191563.1360799001,147699.42072409487,2.0,1.0,0.0,0.6017478152309613,0.3982521847690387,97587.01373283396,8.0,7.0,0.38461538461538464,1.0049937578027466,6.51898238905753,0.0
195,54,0,801.0,0.6017478152309613,123000.0,13.0,295880.1498127341,74906.36704119851,101516.33333333333,1.6441947565543071,101051.4581772784,0.8215565705469788,194828.69163545567,112431.68789013733,2.0,2.0,1.0,0.0,0.0,92802.44444444444,8.398252184769039,7.577465667915106,0.445884951502929,1.2595569520621073,6.979215754329633,0.0
197,67,1,938.0,0.7334754797441365,113000.0,13.0,247334.75479744136,63965.88486140725,104015.33333333333,1.3656716417910448,99646.13006396589,0.8818241598581051,147688.62473347547,21889.05117270789,2.0,1.0,0.26652452025586354,0.7334754797441365,0.0,88411.34754797441,9.0,8.45,0.5384615384615384,1.3656716417910448,7.674615384615384,0.0
197,12,1,938.0,0.7334754797441365,113000.0,13.0,247334.75479744136,63965.88486140725,104015.33333333333,1.3656716417910448,101282.52665245203,0.8963055455969205,146052.22814498935,46556.22601279318,2.0,2.0,0.0,1.0,0.0,90807.60554371001,8.733475479744136,8.063539445628997,0.4974577661144825,1.2429226090079606,7.4181615738832605,0.0
197,11,1,938.0,0.7334754797441365,113000.0,13.0,247334.75479744136,63965.88486140725,104015.33333333333,1.3656716417910448,99292.7132196162,0.8786965771647451,148042.04157782515,22242.46801705757,2.0,1.0,0.26652452025586354,0.7334754797441365,0.0,88061.86993603411,9.0,8.45,0.5384615384615384,1.3656716417910448,7.674615384615384,0.0
197,36,0,938.0,0.7334754797441365,113000.0,13.0,247334.75479744136,63965.88486140725,104015.33333333333,1.3656716417910448,105255.83368869936,0.931467554767251,142078.921108742,12486.703624733476,2.0,1.0,0.7334754797441365,0.26652452025586354,0.0,98157.83368869936,8.0,7.0,0.38461538461538464,0.9051172707889126,6.712400686748457,0.0
197,27,0,938.0,0.7334754797441365,113000.0,13.0,247334.75479744136,63965.88486140725,104015.33333333333,1.3656716417910448,103745.17270788913,0.9180988735211427,143589.58208955225,41350.77611940299,2.0,2.0,0.0,1.0,0.0,95420.09381663112,8.266524520255864,7.386460554371002,0.42561915696244057,1.0278663035719968,6.968854497480581,0.0
197,17,0,938.0,0.7334754797441365,113000.0,13.0,247334.75479744136,63965.88486140725,104015.33333333333,1.3656716417910448,106237.15351812367,0.9401518010453422,141097.6012793177,11510.44776119403,2.0,1.0,1.0,0.0,0.0,99139.15351812367,8.0,7.0,0.38461538461538464,0.9051172707889126,6.712400686748457,0.0
197,13,0,938.0,0.7334754797441365,113000.0,13.0,247334.75479744136,63965.88486140725,104015.33333333333,1.3656716417910448,104938.13646055436,0.9286560748721626,142396.61833688698,12486.703624733476,2.0,1.0,0.7334754797441365,0.26652452025586354,0.0,97840.13646055436,8.0,7.0,0.38461538461538464,0.9051172707889126,6.712400686748457,0.0
197,34,0,938.0,0.7334754797441365,113000.0,13.0,247334.75479744136,63965.88486140725,104015.33333333333,1.3656716417910448,105282.21961620469,0.931701058550484,142052.5351812367,16252.961620469083,2.0,1.0,0.26652452025586354,0.7334754797441365,0.0,98184.21961620469,8.0,7.0,0.38461538461538464,0.9051172707889126,6.712400686748457,0.0
197,70,0,938.0,0.7334754797441365,113000.0,13.0,247334.75479744136,63965.88486140725,104015.33333333333,1.3656716417910448,104938.13646055436,0.9286560748721626,142396.61833688698,42577.855010660984,2.0,1.0,0.0,1.0,0.0,97840.13646055436,8.0,7.0,0.38461538461538464,0.9051172707889126,6.712400686748457,0.0
197,2,0,938.0,0.7334754797441365,113000.0,13.0,247334.75479744136,63965.88486140725,104015.33333333333,1.3656716417910448,103745.17270788913,0.9180988735211427,143589.58208955225,41350.77611940299,2.0,2.0,0.0,1.0,0.0,95420.09381663112,8.266524520255864,7.386460554371002,0.42561915696244057,1.0278663035719968,6.968854497480581,0.0
197,30,0,938.0,0.7334754797441365,113000.0,13.0,247334.75479744136,63965.88486140725,104015.33333333333,1.3656716417910448,106237.15351812367,0.9401518010453422,141097.6012793177,41601.59914712154,2.0,1.0,0.0,1.0,0.0,99139.15351812367,8.0,7.0,0.38461538461538464,0.9051172707889126,6.712400686748457,0.0
197,32,0,938.0,0.7334754797441365,113000.0,13.0,247334.75479744136,63965.88486140725,104015.33333333333,1.3656716417910448,105917.5906183369,0.9373238107817423,141417.16417910447,11510.44776119403,2.0,1.0,0.7334754797441365,0.26652452025586354,0.0,98819.5906183369,8.0,7.0,0.38461538461538464,0.9051172707889126,6.712400686748457,0.0
199,16,1,928.0,0.5495689655172413,104000.0,11.0,338362.0689655172,64655.1724137931,99094.33333333333,1.2047413793103448,98711.11422413793,0.9491453290782493,239650.9547413793,150759.4181034483,2.0,1.0,0.5495689655172413,0.4504310344827586,0.0,91954.11422413793,8.0,7.0,0.45454545454545453,0.7963362068965517,6.236363636363637,0.0
199,15,1,928.0,0.5495689655172413,104000.0,11.0,338362.0689655172,64655.1724137931,99094.33333333333,1.2047413793103448,99396.84051724138,0.9557388511273209,238965.22844827586,155991.0905172414,2.0,1.0,0.0,1.0,0.0,92639.84051724138,8.0,7.0,0.45454545454545453,0.7963362068965517,6.236363636363637,0.0
199,36,1,928.0,0.5495689655172413,104000.0,11.0,338362.0689655172,64655.1724137931,99094.33333333333,1.2047413793103448,99438.73060344828,0.9561416404177718,238923.33836206896,121466.44181034483,2.0,1.0,0.4504310344827586,0.5495689655172413,0.0,92681.73060344828,8.0,7.0,0.45454545454545453,0.7963362068965517,6.236363636363637,0.0
199,11,0,928.0,0.5495689655172413,104000.0,11.0,338362.0689655172,64655.1724137931,99094.33333333333,1.2047413793103448,104960.78987068965,1.0092383641412468,233401.2790948276,115944.38254310345,2.0,1.0,0.4504310344827586,0.5495689655172413,0.0,93844.2672413793,9.0,8.450000000000001,0.6363636363636364,1.2047413793103448,7.380909090909091,0.0
199,47,0,928.0,0.5495689655172413,104000.0,11.0,338362.0689655172,64655.1724137931,99094.33333333333,1.2047413793103448,101786.61637931035,0.9787174651856764,236575.4525862069,153601.3146551724,2.0,2.0,0.0,1.0,0.0,92167.46120689655,8.549568965517242,7.796875,0.5544670846394985,1.0207830150118906,6.865370297805643,0.0
199,0,0,928.0,0.5495689655172413,104000.0,11.0,338362.0689655172,64655.1724137931,99094.33333333333,1.2047413793103448,102114.74137931035,0.9818725132625995,236247.3275862069,153273.1896551724,2.0,2.0,0.0,1.0,0.0,93011.89655172414,8.450431034482758,7.653125,0.5364420062695925,0.9802945711950058,6.751902429467084,0.0
199,24,0,928.0,0.5495689655172413,104000.0,11.0,338362.0689655172,64655.1724137931,99094.33333333333,1.2047413793103448,101795.21551724138,0.9788001492042441,236566.85344827586,153592.7155172414,2.0,2.0,0.0,1.0,0.0,92692.37068965517,8.450431034482758,7.653125,0.5364420062695925,0.9802945711950058,6.751902429467084,0.0
199,66,0,928.0,0.5495689655172413,104000.0,11.0,338362.0689655172,64655.1724137931,99094.33333333333,1.2047413793103448,101624.35668103448,0.9771572757791778,236737.71228448275,119280.81573275862,2.0,2.0,0.4504310344827586,0.5495689655172413,0.0,93369.98922413793,8.450431034482758,7.653125,0.5364420062695925,0.9802945711950058,6.751902429467084,0.0
199,12,0,928.0,0.5495689655172413,104000.0,11.0,338362.0689655172,64655.1724137931,99094.33333333333,1.2047413793103448,102472.83405172414,0.985315712035809,235889.2349137931,152915.0969827586,2.0,2.0,0.0,1.0,0.0,93369.98922413793,8.450431034482758,7.653125,0.5364420062695925,0.9802945711950058,6.751902429467084,0.0
199,45,0,928.0,0.5495689655172413,104000.0,11.0,338362.0689655172,64655.1724137931,99094.33333333333,1.2047413793103448,102187.80172413793,0.9825750165782493,236174.2672413793,153200.12931034484,2.0,2.0,0.0,1.0,0.0,92568.64655172414,8.549568965517242,7.796875,0.5544670846394985,1.0207830150118906,6.865370297805643,0.0
199,44,0,928.0,0.5495689655172413,104000.0,11.0,338362.0689655172,64655.1724137931,99094.33333333333,1.2047413793103448,104023.7489224138,1.0002283550232096,234338.32004310345,148166.9364224138,2.0,1.0,0.5495689655172413,0.4504310344827586,0.0,93079.13362068965,9.0,8.450000000000001,0.6363636363636364,1.2047413793103448,7.380909090909091,0.0
199,22,0,928.0,0.5495689655172413,104000.0,11.0,338362.0689655172,64655.1724137931,99094.33333333333,1.2047413793103448,104554.7489224138,1.0053341242539788,233807.32004310345,116350.4234913793,2.0,1.0,0.4504310344827586,0.5495689655172413,0.0,93438.12715517242,9.0,8.450000000000001,0.6363636363636364,1.2047413793103448,7.380909090909091,0.0
201,58,1,615.0,0.5967479674796748,111000.0,10.0,320325.2032520325,97560.9756097561,106147.33333333333,1.8585365853658538,100826.74308943089,0.9083490368417197,219498.46016260164,201906.38211382114,2.0,1.0,0.0,1.0,0.0,89045.74308943089,9.0,8.45,0.7,1.8585365853658538,7.19,0.0
201,14,1,615.0,0.5967479674796748,111000.0,10.0,320325.2032520325,97560.9756097561,106147.33333333333,1.8585365853658538,100284.48130081301,0.9034637955028199,220040.72195121952,166382.18536585366,2.0,1.0,0.4032520325203252,0.5967479674796748,0.0,89219.22113821139,9.0,8.45,0.7,1.8585365853658538,7.19,0.0
201,26,1,615.0,0.5967479674796748,111000.0,10.0,320325.2032520325,97560.9756097561,106147.33333333333,1.8585365853658538,99827.20162601626,0.8993441587929393,220498.00162601625,166839.4650406504,2.0,1.0,0.4032520325203252,0.5967479674796748,0.0,88761.85365853658,9.0,8.45,0.7,1.8585365853658538,7.19,0.0
201,40,0,615.0,0.5967479674796748,111000.0,10.0,320325.2032520325,97560.9756097561,106147.33333333333,1.8585365853658538,103609.26178861789,0.9334167728704315,216715.94146341464,203517.69756097562,2.0,2.0,0.0,1.0,0.0,93892.50894308943,8.596747967479676,7.8652845528455275,0.619349593495935,1.6690409147993919,6.878173867942305,0.0
201,55,0,615.0,0.5967479674796748,111000.0,10.0,320325.2032520325,97560.9756097561,106147.33333333333,1.8585365853658538,107137.98211382114,0.9652070460704607,213187.22113821137,200029.7056910569,2.0,1.0,0.0,1.0,0.0,100475.98211382114,8.0,7.0,0.5,1.3886178861788618,6.416721487034346,0.0
201,41,0,615.0,0.5967479674796748,111000.0,10.0,320325.2032520325,97560.9756097561,106147.33333333333,1.8585365853658538,107137.98211382114,0.9652070460704607,213187.22113821137,200029.7056910569,2.0,1.0,0.0,1.0,0.0,100475.98211382114,8.0,7.0,0.5,1.3886178861788618,6.416721487034346,0.0
201,17,0,615.0,0.5967479674796748,111000.0,10.0,320325.2032520325,97560.9756097561,106147.33333333333,1.8585365853658538,106623.43252032521,0.960571464147074,213701.7707317073,160043.23414634148,2.0,1.0,0.4032520325203252,0.5967479674796748,0.0,99961.43252032521,8.0,7.0,0.5,1.3886178861788618,6.416721487034346,0.0
201,54,0,615.0,0.5967479674796748,111000.0,10.0,320325.2032520325,97560.9756097561,106147.33333333333,1.8585365853658538,103609.26178861789,0.9334167728704315,216715.94146341464,203517.69756097562,2.0,2.0,0.0,1.0,0.0,93892.50894308943,8.596747967479676,7.8652845528455275,0.619349593495935,1.6690409147993919,6.878173867942305,0.0
201,47,0,615.0,0.5967479674796748,111000.0,10.0,320325.2032520325,97560.9756097561,106147.33333333333,1.8585365853658538,105817.3512195122,0.9533094704460559,214507.8520325203,200800.70406504066,2.0,1.0,0.0,1.0,0.0,99155.3512195122,8.0,7.0,0.5,1.3886178861788618,6.416721487034346,0.0
201,22,0,615.0,0.5967479674796748,111000.0,10.0,320325.2032520325,97560.9756097561,106147.33333333333,1.8585365853658538,103156.33008130081,0.929336307038746,217168.8731707317,163510.33658536585,2.0,2.0,0.4032520325203252,0.5967479674796748,0.0,93439.57723577236,8.596747967479676,7.8652845528455275,0.619349593495935,1.6690409147993919,6.878173867942305,0.0
201,63,0,615.0,0.5967479674796748,111000.0,10.0,320325.2032520325,97560.9756097561,106147.33333333333,1.8585365853658538,107137.98211382114,0.9652070460704607,213187.22113821137,200029.7056910569,2.0,1.0,0.0,1.0,0.0,100475.98211382114,8.0,7.0,0.5,1.3886178861788618,6.416721487034346,0.0
201,60,0,615.0,0.5967479674796748,111000.0,10.0,320325.2032520325,97560.9756097561,106147.33333333333,1.8585365853658538,106358.918699187,0.9581884567494323,213966.28455284552,160307.74796747966,2.0,1.0,0.4032520325203252,0.5967479674796748,0.0,99696.918699187,8.0,7.0,0.5,1.3886178861788618,6.416721487034346,0.0
202,43,1,1341.0,0.7293064876957495,110000.0,11.0,193139.44817300522,44742.729306487694,101020.0,0.814317673378076,103752.00223713646,0.9432000203376042,89387.44593586876,3100.2550335570468,2.0,2.0,0.7293064876957495,0.0,0.27069351230425054,94289.54809843401,8.72930648769575,8.057494407158835,0.5871466341264999,0.769908596042554,7.071088061826316,0.0
202,54,1,1341.0,0.7293064876957495,110000.0,11.0,193139.44817300522,44742.729306487694,101020.0,0.814317673378076,104782.84563758389,0.9525713239780353,88356.60253542133,69462.04026845637,2.0,2.0,0.0,0.0,1.0,93966.06935123043,8.72930648769575,8.057494407158835,0.5871466341264999,0.769908596042554,7.071088061826316,0.0
202,14,1,1341.0,0.7293064876957495,110000.0,11.0,193139.44817300522,44742.729306487694,101020.0,0.814317673378076,102804.74496644296,0.9345885906040269,90334.70320656226,3642.013422818792,2.0,1.0,0.7293064876957495,0.27069351230425054,0.0,92030.01118568232,9.0,8.45,0.6363636363636364,0.814317673378076,7.380909090909091,0.0
203,13,1,881.0,0.5618615209988649,104000.0,14.0,178206.58342792283,68104.4267877412,98232.0,1.474460839954597,91241.20090805902,0.8773192395005676,86965.3825198638,33616.91486946651,2.0,1.0,1.0,0.0,0.0,84141.20090805902,8.0,7.0,0.35714285714285715,0.9886492622020431,7.528571428571428,0.0
203,61,1,881.0,0.5618615209988649,104000.0,14.0,178206.58342792283,68104.4267877412,98232.0,1.474460839954597,90804.3768444949,0.8731190081201432,87402.20658342792,53383.9160045403,2.0,1.0,0.5618615209988649,0.43813847900113506,0.0,83704.3768444949,8.0,7.0,0.35714285714285715,0.9886492622020431,7.528571428571428,0.0
203,11,1,881.0,0.5618615209988649,104000.0,14.0,178206.58342792283,68104.4267877412,98232.0,1.474460839954597,90804.3768444949,0.8731190081201432,87402.20658342792,70704.4608399546,2.0,1.0,0.0,0.5618615209988649,0.43813847900113506,83704.3768444949,8.0,7.0,0.35714285714285715,0.9886492622020431,7.528571428571428,0.0
203,30,0,881.0,0.5618615209988649,104000.0,14.0,178206.58342792283,68104.4267877412,98232.0,1.474460839954597,99390.33825198638,0.9556763293460229,78816.24517593643,44802.77412031782,2.0,2.0,0.5618615209988649,0.0,0.43813847900113506,90630.76844494892,8.561861520998866,7.814699205448354,0.43740878871412353,1.2616080941969514,7.401307746885487,0.0
203,24,0,881.0,0.5618615209988649,104000.0,14.0,178206.58342792283,68104.4267877412,98232.0,1.474460839954597,100909.29625425652,0.9702816947524666,77297.2871736663,23948.819523269012,2.0,2.0,0.43813847900113506,0.5618615209988649,0.0,91070.22133938706,8.561861520998866,7.814699205448354,0.43740878871412353,1.2616080941969514,7.401307746885487,0.0
203,15,0,881.0,0.5618615209988649,104000.0,14.0,178206.58342792283,68104.4267877412,98232.0,1.474460839954597,97153.69580022701,0.9341701519252598,81052.8876276958,27704.419977298523,2.0,2.0,0.43813847900113506,0.5618615209988649,0.0,88751.73212258797,8.438138479001134,7.635300794551646,0.41973406842873356,1.2015020079596888,7.429331466691077,0.0
203,21,0,881.0,0.5618615209988649,104000.0,14.0,178206.58342792283,68104.4267877412,98232.0,1.474460839954597,99381.58342792281,0.9555921483454117,78825.0,45250.98183881952,2.0,2.0,0.5618615209988649,0.43813847900113506,0.0,90612.86606129399,8.561861520998866,7.814699205448354,0.43740878871412353,1.2616080941969514,7.401307746885487,0.0
203,68,0,881.0,0.5618615209988649,104000.0,14.0,178206.58342792283,68104.4267877412,98232.0,1.474460839954597,100909.29625425652,0.9702816947524666,77297.2871736663,50936.43359818388,2.0,2.0,0.43813847900113506,0.0,0.5618615209988649,91070.22133938706,8.561861520998866,7.814699205448354,0.43740878871412353,1.2616080941969514,7.401307746885487,0.0
203,60,0,881.0,0.5618615209988649,104000.0,14.0,178206.58342792283,68104.4267877412,98232.0,1.474460839954597,98932.76163450624,0.9512765541779447,79273.82179341657,52796.77071509648,2.0,2.0,0.5618615209988649,0.0,0.43813847900113506,89696.83654937572,8.438138479001134,7.635300794551646,0.41973406842873356,1.2015020079596888,7.429331466691077,0.0
203,38,0,881.0,0.5618615209988649,104000.0,14.0,178206.58342792283,68104.4267877412,98232.0,1.474460839954597,98932.76163450624,0.9512765541779447,79273.82179341657,52796.77071509648,2.0,2.0,0.5618615209988649,0.0,0.43813847900113506,89696.83654937572,8.438138479001134,7.635300794551646,0.41973406842873356,1.2015020079596888,7.429331466691077,0.0
203,32,0,881.0,0.5618615209988649,104000.0,14.0,178206.58342792283,68104.4267877412,98232.0,1.474460839954597,99381.58342792281,0.9555921483454117,78825.0,25476.532349602723,2.0,2.0,1.0,0.0,0.0,90612.86606129399,8.561861520998866,7.814699205448354,0.43740878871412353,1.2616080941969514,7.401307746885487,0.0
203,67,0,881.0,0.5618615209988649,104000.0,14.0,178206.58342792283,68104.4267877412,98232.0,1.474460839954597,97504.49602724177,0.9375432310311709,80702.08740068105,50880.44721906924,2.0,2.0,0.43813847900113506,0.0,0.5618615209988649,89109.69125993189,8.438138479001134,7.635300794551646,0.41973406842873356,1.2015020079596888,7.429331466691077,0.0
204,3,1,1380.0,0.6318840579710145,117000.0,8.0,186956.52173913043,43478.260869565216,99394.0,0.7963768115942029,103777.83188405797,0.8869900161030596,83178.68985507246,63613.472463768114,2.0,2.0,0.0,1.0,0.0,93770.8927536232,8.631884057971014,7.916231884057971,0.7829710144927536,0.7107498424700692,6.531335918848505,0.0
204,33,1,1380.0,0.6318840579710145,117000.0,8.0,186956.52173913043,43478.260869565216,99394.0,0.7963768115942029,103705.16231884058,0.8863689087080392,83251.35942028985,63686.14202898551,2.0,2.0,0.0,1.0,0.0,93698.2231884058,8.631884057971014,7.916231884057971,0.7829710144927536,0.7107498424700692,6.531335918848505,0.0
204,6,1,1380.0,0.6318840579710145,117000.0,8.0,186956.52173913043,43478.260869565216,99394.0,0.7963768115942029,103705.16231884058,0.8863689087080392,83251.35942028985,32526.721739130433,2.0,2.0,0.3681159420289855,0.6318840579710145,0.0,93698.2231884058,8.631884057971014,7.916231884057971,0.7829710144927536,0.7107498424700692,6.531335918848505,0.0
204,19,0,1380.0,0.6318840579710145,117000.0,8.0,186956.52173913043,43478.260869565216,99394.0,0.7963768115942029,107380.95072463767,0.9177859036293818,79575.57101449276,77525.86231884058,2.0,1.0,0.0,0.0,1.0,95605.95072463767,9.0,8.45,0.875,0.7963768115942029,6.665000000000001,0.0
204,54,0,1380.0,0.6318840579710145,117000.0,8.0,186956.52173913043,43478.260869565216,99394.0,0.7963768115942029,106859.54782608696,0.9133294685990339,80096.97391304348,78044.6884057971,2.0,1.0,0.0,0.0,1.0,95084.54782608696,9.0,8.45,0.875,0.7963768115942029,6.665000000000001,0.0
204,64,0,1380.0,0.6318840579710145,117000.0,8.0,186956.52173913043,43478.260869565216,99394.0,0.7963768115942029,106972.54057971014,0.9142952186300013,79983.98115942029,59546.810144927535,2.0,1.0,0.3681159420289855,0.0,0.6318840579710145,95904.12463768116,9.0,8.45,0.875,0.7963768115942029,6.665000000000001,0.0
204,38,0,1380.0,0.6318840579710145,117000.0,8.0,186956.52173913043,43478.260869565216,99394.0,0.7963768115942029,106159.0304347826,0.9073421404682275,80797.49130434783,60102.19565217391,2.0,1.0,0.3681159420289855,0.0,0.6318840579710145,95084.54782608696,9.0,8.45,0.875,0.7963768115942029,6.665000000000001,0.0
204,27,0,1380.0,0.6318840579710145,117000.0,8.0,186956.52173913043,43478.260869565216,99394.0,0.7963768115942029,106972.54057971014,0.9142952186300013,79983.98115942029,29259.34347826087,2.0,1.0,0.3681159420289855,0.6318840579710145,0.0,95904.12463768116,9.0,8.45,0.875,0.7963768115942029,6.665000000000001,0.0
204,30,0,1380.0,0.6318840579710145,117000.0,8.0,186956.52173913043,43478.260869565216,99394.0,0.7963768115942029,107158.45797101449,0.915884256162517,79798.06376811594,64398.2,2.0,1.0,0.0,0.6318840579710145,0.3681159420289855,95383.45797101449,9.0,8.45,0.875,0.7963768115942029,6.665000000000001,0.0
204,1,0,1380.0,0.6318840579710145,117000.0,8.0,186956.52173913043,43478.260869565216,99394.0,0.7963768115942029,106451.96231884058,0.9098458317849623,80504.55942028985,29779.921739130434,2.0,1.0,0.3681159420289855,0.6318840579710145,0.0,95383.45797101449,9.0,8.45,0.875,0.7963768115942029,6.665000000000001,0.0
204,4,0,1380.0,0.6318840579710145,117000.0,8.0,186956.52173913043,43478.260869565216,99394.0,0.7963768115942029,107158.45797101449,0.915884256162517,79798.06376811594,77895.23333333334,2.0,1.0,0.0,0.0,1.0,95383.45797101449,9.0,8.45,0.875,0.7963768115942029,6.665000000000001,0.0
204,70,0,1380.0,0.6318840579710145,117000.0,8.0,186956.52173913043,43478.260869565216,99394.0,0.7963768115942029,106159.0304347826,0.9073421404682275,80797.49130434783,60102.19565217391,2.0,1.0,0.3681159420289855,0.0,0.6318840579710145,95084.54782608696,9.0,8.45,0.875,0.7963768115942029,6.665000000000001,0.0
205,7,1,869.0,0.6651323360184119,104000.0,9.0,258918.29689298043,69044.87917146145,105438.33333333333,1.3613348676639816,101094.81012658228,0.9720654819863681,157823.48676639816,106686.60759493671,2.0,1.0,0.0,0.334867663981588,0.6651323360184119,93673.81012658228,8.0,7.0,0.5555555555555556,0.9309551208285386,6.596088856296024,0.0
205,70,1,869.0,0.6651323360184119,104000.0,9.0,258918.29689298043,69044.87917146145,105438.33333333333,1.3613348676639816,101094.81012658228,0.9720654819863681,157823.48676639816,44305.17606444189,2.0,1.0,1.0,0.0,0.0,93673.81012658228,8.0,7.0,0.5555555555555556,0.9309551208285386,6.596088856296024,0.0
205,24,1,869.0,0.6651323360184119,104000.0,9.0,258918.29689298043,69044.87917146145,105438.33333333333,1.3613348676639816,102398.11507479862,0.9845972603346022,156520.18181818182,44305.17606444189,2.0,2.0,0.6651323360184119,0.334867663981588,0.0,93701.26927502877,8.334867663981589,7.485558112773303,0.6299705919959084,1.0750753812763105,6.716834705338438,0.0
205,20,0,869.0,0.6651323360184119,104000.0,9.0,258918.29689298043,69044.87917146145,105438.33333333333,1.3613348676639816,104636.77905638666,1.0061228755421794,154281.5178365938,104152.45339470656,2.0,1.0,0.0,1.0,0.0,93405.77905638666,9.0,8.45,0.7777777777777778,1.3613348676639816,6.956666666666667,0.0
205,33,0,869.0,0.6651323360184119,104000.0,9.0,258918.29689298043,69044.87917146145,105438.33333333333,1.3613348676639816,104006.5581127733,1.0000630587766663,154911.73878020715,104152.45339470656,2.0,2.0,0.0,0.0,1.0,94051.40391254316,8.665132336018411,7.964441887226696,0.7033627413374249,1.2172146072162096,6.835920817624254,0.0
205,68,0,869.0,0.6651323360184119,104000.0,9.0,258918.29689298043,69044.87917146145,105438.33333333333,1.3613348676639816,104636.77905638666,1.0061228755421794,154281.5178365938,104152.45339470656,2.0,1.0,0.0,0.334867663981588,0.6651323360184119,93405.77905638666,9.0,8.45,0.7777777777777778,1.3613348676639816,6.956666666666667,0.0
205,35,0,869.0,0.6651323360184119,104000.0,9.0,258918.29689298043,69044.87917146145,105438.33333333333,1.3613348676639816,104374.19562715765,1.0035980348765159,154544.1012658228,104152.45339470656,2.0,1.0,0.0,0.334867663981588,0.6651323360184119,93143.19562715765,9.0,8.45,0.7777777777777778,1.3613348676639816,6.956666666666667,0.0
205,0,0,869.0,0.6651323360184119,104000.0,9.0,258918.29689298043,69044.87917146145,105438.33333333333,1.3613348676639816,104374.19562715765,1.0035980348765159,154544.1012658228,104152.45339470656,2.0,1.0,0.0,0.0,1.0,93143.19562715765,9.0,8.45,0.7777777777777778,1.3613348676639816,6.956666666666667,0.0
205,55,0,869.0,0.6651323360184119,104000.0,9.0,258918.29689298043,69044.87917146145,105438.33333333333,1.3613348676639816,104015.72036823936,1.0001511573869168,154902.57652474107,78953.20943613349,2.0,1.0,0.334867663981588,0.6651323360184119,0.0,93405.77905638666,9.0,8.45,0.7777777777777778,1.3613348676639816,6.956666666666667,0.0
206,46,1,760.0,0.6381578947368421,110000.0,6.0,157894.73684210525,78947.36842105263,101862.0,1.4960526315789473,96691.18421052632,0.8790107655502393,61203.55263157895,33571.97368421053,2.0,1.0,0.3618421052631579,0.6381578947368421,0.0,89644.18421052632,8.0,7.0,0.8333333333333334,1.1460526315789474,6.100000000000001,0.0
206,6,1,760.0,0.6381578947368421,110000.0,6.0,157894.73684210525,78947.36842105263,101862.0,1.4960526315789473,96318.125,0.8756193181818182,61576.61184210526,33945.03289473684,2.0,1.0,0.6381578947368421,0.3618421052631579,0.0,89271.125,8.0,7.0,0.8333333333333334,1.1460526315789474,6.100000000000001,0.0
206,7,1,760.0,0.6381578947368421,110000.0,6.0,157894.73684210525,78947.36842105263,101862.0,1.4960526315789473,96691.18421052632,0.8790107655502393,61203.55263157895,49731.84210526316,2.0,1.0,0.6381578947368421,0.0,0.3618421052631579,89644.18421052632,8.0,7.0,0.8333333333333334,1.1460526315789474,6.100000000000001,0.0
206,68,0,760.0,0.6381578947368421,110000.0,6.0,157894.73684210525,78947.36842105263,101862.0,1.4960526315789473,100252.48421052631,0.9113862200956938,57642.25263157895,30010.673684210527,2.0,2.0,0.3618421052631579,0.0,0.6381578947368421,92058.75657894737,8.361842105263158,7.524671052631579,0.9539473684210527,1.2726973684210525,6.124899965847625,0.0
206,28,0,760.0,0.6381578947368421,110000.0,6.0,157894.73684210525,78947.36842105263,101862.0,1.4960526315789473,100252.48421052631,0.9113862200956938,57642.25263157895,30010.673684210527,2.0,2.0,0.3618421052631579,0.0,0.6381578947368421,92058.75657894737,8.361842105263158,7.524671052631579,0.9539473684210527,1.2726973684210525,6.124899965847625,0.0
206,2,0,760.0,0.6381578947368421,110000.0,6.0,157894.73684210525,78947.36842105263,101862.0,1.4960526315789473,99793.28421052631,0.9072116746411484,58101.45263157895,30469.873684210525,2.0,2.0,0.3618421052631579,0.6381578947368421,0.0,91605.52631578948,8.361842105263158,7.524671052631579,0.9539473684210527,1.2726973684210525,6.124899965847625,0.0
206,30,0,760.0,0.6381578947368421,110000.0,6.0,157894.73684210525,78947.36842105263,101862.0,1.4960526315789473,99500.73421052631,0.9045521291866029,58394.00263157895,30762.423684210527,2.0,2.0,0.3618421052631579,0.6381578947368421,0.0,91307.00657894737,8.361842105263158,7.524671052631579,0.9539473684210527,1.2726973684210525,6.124899965847625,0.0
206,57,0,760.0,0.6381578947368421,110000.0,6.0,157894.73684210525,78947.36842105263,101862.0,1.4960526315789473,99500.73421052631,0.9045521291866029,58394.00263157895,30762.423684210527,2.0,2.0,1.0,0.0,0.0,91307.00657894737,8.361842105263158,7.524671052631579,0.9539473684210527,1.2726973684210525,6.124899965847625,0.0
206,5,0,760.0,0.6381578947368421,110000.0,6.0,157894.73684210525,78947.36842105263,101862.0,1.4960526315789473,100195.42105263157,0.9108674641148325,57699.31578947369,47434.892105263156,2.0,2.0,0.0,0.6381578947368421,0.3618421052631579,91307.00657894737,8.361842105263158,7.524671052631579,0.9539473684210527,1.2726973684210525,6.124899965847625,0.0
206,31,0,760.0,0.6381578947368421,110000.0,6.0,157894.73684210525,78947.36842105263,101862.0,1.4960526315789473,100947.17105263157,0.9177015550239235,56947.56578947369,29315.986842105263,2.0,2.0,0.0,0.3618421052631579,0.6381578947368421,92058.75657894737,8.361842105263158,7.524671052631579,0.9539473684210527,1.2726973684210525,6.124899965847625,0.0
206,1,0,760.0,0.6381578947368421,110000.0,6.0,157894.73684210525,78947.36842105263,101862.0,1.4960526315789473,101245.69078947368,0.9204153708133971,56649.04605263158,29017.467105263157,2.0,2.0,0.0,1.0,0.0,92357.27631578948,8.361842105263158,7.524671052631579,0.9539473684210527,1.2726973684210525,6.124899965847625,0.0
206,25,0,760.0,0.6381578947368421,110000.0,6.0,157894.73684210525,78947.36842105263,101862.0,1.4960526315789473,101245.69078947368,0.9204153708133971,56649.04605263158,46533.88157894737,2.0,2.0,0.0,0.6381578947368421,0.3618421052631579,92357.27631578948,8.361842105263158,7.524671052631579,0.9539473684210527,1.2726973684210525,6.124899965847625,0.0
207,14,1,1228.0,0.5952768729641694,121000.0,13.0,177524.42996742672,48859.93485342019,95646.0,0.9201954397394136,90013.62214983713,0.743914232643282,87510.80781758958,48643.8167752443,2.0,1.0,0.0,1.0,0.0,82810.62214983713,8.0,7.0,0.38461538461538464,0.6685667752442996,7.446153846153846,0.0
207,27,1,1228.0,0.5952768729641694,121000.0,13.0,177524.42996742672,48859.93485342019,95646.0,0.9201954397394136,89309.93892508143,0.7380986688023259,88214.49104234528,48643.8167752443,2.0,1.0,0.0,1.0,0.0,82106.93892508143,8.0,7.0,0.38461538461538464,0.6685667752442996,7.446153846153846,0.0
207,48,1,1228.0,0.5952768729641694,121000.0,13.0,177524.42996742672,48859.93485342019,95646.0,0.9201954397394136,90013.62214983713,0.743914232643282,87510.80781758958,48643.8167752443,2.0,1.0,0.0,1.0,0.0,82810.62214983713,8.0,7.0,0.38461538461538464,0.6685667752442996,7.446153846153846,0.0
207,39,0,1228.0,0.5952768729641694,121000.0,13.0,177524.42996742672,48859.93485342019,95646.0,0.9201954397394136,89309.93892508143,0.7380986688023259,88214.49104234528,-296.871335504886,2.0,1.0,1.0,0.0,0.0,82106.93892508143,8.0,7.0,0.38461538461538464,0.6685667752442996,7.446153846153846,0.0
207,44,0,1228.0,0.5952768729641694,121000.0,13.0,177524.42996742672,48859.93485342019,95646.0,0.9201954397394136,95822.20846905537,0.791919078256656,81702.22149837133,-966.5578175895765,2.0,2.0,0.5952768729641694,0.40472312703583063,0.0,86420.75244299675,8.404723127035831,7.5868485342019545,0.44688048108243544,0.7704067151906121,7.454730100579329,0.0
207,54,0,1228.0,0.5952768729641694,121000.0,13.0,177524.42996742672,48859.93485342019,95646.0,0.9201954397394136,97856.63762214984,0.8087325423318168,79667.79234527687,11263.8835504886,2.0,2.0,0.40472312703583063,0.5952768729641694,0.0,87420.09364820847,8.595276872964169,7.863151465798047,0.47619644199448763,0.8183554997931013,7.458768015137807,0.0
207,23,0,1228.0,0.5952768729641694,121000.0,13.0,177524.42996742672,48859.93485342019,95646.0,0.9201954397394136,102957.34690553746,0.850887164508574,74567.08306188925,6163.174267100977,2.0,1.0,0.40472312703583063,0.5952768729641694,0.0,91058.55456026059,9.0,8.45,0.5384615384615384,0.9201954397394136,7.467344269563291,0.0
207,59,0,1228.0,0.5952768729641694,121000.0,13.0,177524.42996742672,48859.93485342019,95646.0,0.9201954397394136,97215.25081433225,0.8034318249118367,80309.17915309446,-7752.940553745928,2.0,2.0,1.0,0.0,0.0,87863.67019543974,8.595276872964169,7.863151465798047,0.47619644199448763,0.8183554997931013,7.458768015137807,0.0
207,28,0,1228.0,0.5952768729641694,121000.0,13.0,177524.42996742672,48859.93485342019,95646.0,0.9201954397394136,102673.75732899022,0.8485434489999193,74850.67263843649,6446.763843648208,2.0,1.0,0.40472312703583063,0.5952768729641694,0.0,90769.17752442996,9.0,8.45,0.5384615384615384,0.9201954397394136,7.467344269563291,0.0
207,35,0,1228.0,0.5952768729641694,121000.0,13.0,177524.42996742672,48859.93485342019,95646.0,0.9201954397394136,89752.30130293159,0.7417545562225751,87772.12866449512,-296.871335504886,2.0,1.0,0.5952768729641694,0.40472312703583063,0.0,82549.30130293159,8.0,7.0,0.38461538461538464,0.6685667752442996,7.446153846153846,0.0
207,61,0,1228.0,0.5952768729641694,121000.0,13.0,177524.42996742672,48859.93485342019,95646.0,0.9201954397394136,95508.54804560261,0.7893268433520877,82015.88192182411,-966.5578175895765,2.0,2.0,0.5952768729641694,0.40472312703583063,0.0,86107.09201954397,8.404723127035831,7.5868485342019545,0.44688048108243544,0.7704067151906121,7.454730100579329,0.0
207,63,0,1228.0,0.5952768729641694,121000.0,13.0,177524.42996742672,48859.93485342019,95646.0,0.9201954397394136,103693.55456026059,0.8569715252914099,73830.87540716612,42237.344462540714,2.0,1.0,0.0,1.0,0.0,91058.55456026059,9.0,8.45,0.5384615384615384,0.9201954397394136,7.467344269563291,0.0
209,38,1,1181.0,0.6062658763759525,124000.0,8.0,209144.79254868755,50804.40304826418,98390.66666666667,0.9686706181202371,95509.0050804403,0.7702339119390347,113635.78746824725,35443.08213378493,2.0,1.0,0.6062658763759525,0.3937341236240474,0.0,89085.0050804403,8.0,7.0,0.625,0.676545300592718,6.30206289527414,0.0
209,20,1,1181.0,0.6062658763759525,124000.0,8.0,209144.79254868755,50804.40304826418,98390.66666666667,0.9686706181202371,96662.64606265877,0.7795374682472481,112482.1464860288,42297.01947502117,2.0,2.0,0.0,0.6062658763759525,0.3937341236240474,87767.57070279424,8.393734123624048,7.570914479254869,0.7234335309060118,0.7915650064778124,6.444963618134025,0.0
209,39,1,1181.0,0.6062658763759525,124000.0,8.0,209144.79254868755,50804.40304826418,98390.66666666667,0.9686706181202371,97580.03386960203,0.7869357570129196,111564.75867908553,42703.759525825575,2.0,2.0,0.0,0.6062658763759525,0.3937341236240474,87351.10922946656,8.606265876375952,7.879085520745132,0.7765664690939882,0.8536509122351428,6.522099277140115,0.0
209,30,0,1181.0,0.6062658763759525,124000.0,8.0,209144.79254868755,50804.40304826418,98390.66666666667,0.9686706181202371,99447.00592718036,0.8019919832837126,109697.7866215072,66049.30397967824,2.0,1.0,0.0,0.0,1.0,86747.00592718036,9.0,8.45,0.875,0.9686706181202371,6.665,0.0
209,44,0,1181.0,0.6062658763759525,124000.0,8.0,209144.79254868755,50804.40304826418,98390.66666666667,0.9686706181202371,99156.82387806944,0.7996518054683018,109987.96867061812,39802.8416596105,2.0,1.0,0.0,1.0,0.0,86456.82387806944,9.0,8.45,0.875,0.9686706181202371,6.665,0.0
209,2,0,1181.0,0.6062658763759525,124000.0,8.0,209144.79254868755,50804.40304826418,98390.66666666667,0.9686706181202371,99013.22607959356,0.7984937587063997,110131.56646909399,66264.22523285351,2.0,1.0,0.0,0.0,1.0,86313.22607959356,9.0,8.45,0.875,0.9686706181202371,6.665,0.0
209,34,0,1181.0,0.6062658763759525,124000.0,8.0,209144.79254868755,50804.40304826418,98390.66666666667,0.9686706181202371,98106.96528365792,0.7911852039004671,111037.82726502964,33998.76291278577,2.0,1.0,0.6062658763759525,0.3937341236240474,0.0,86456.82387806944,9.0,8.45,0.875,0.9686706181202371,6.665,0.0
209,17,0,1181.0,0.6062658763759525,124000.0,8.0,209144.79254868755,50804.40304826418,98390.66666666667,0.9686706181202371,98722.65029635902,0.7961504056157985,110422.14225232853,40232.68416596105,2.0,1.0,0.0,0.6062658763759525,0.3937341236240474,86022.65029635902,9.0,8.45,0.875,0.9686706181202371,6.665,0.0
209,47,0,1181.0,0.6062658763759525,124000.0,8.0,209144.79254868755,50804.40304826418,98390.66666666667,0.9686706181202371,98761.92464013548,0.796467134194641,110382.86790855207,32480.30397967824,2.0,1.0,0.3937341236240474,0.0,0.6062658763759525,86747.00592718036,9.0,8.45,0.875,0.9686706181202371,6.665,0.0
209,32,0,1181.0,0.6062658763759525,124000.0,8.0,209144.79254868755,50804.40304826418,98390.66666666667,0.9686706181202371,99447.00592718036,0.8019919832837126,109697.7866215072,39802.8416596105,2.0,1.0,0.0,0.6062658763759525,0.3937341236240474,86747.00592718036,9.0,8.45,0.875,0.9686706181202371,6.665,0.0
209,56,0,1181.0,0.6062658763759525,124000.0,8.0,209144.79254868755,50804.40304826418,98390.66666666667,0.9686706181202371,99013.22607959356,0.7984937587063997,110131.56646909399,40232.68416596105,2.0,1.0,0.0,0.6062658763759525,0.3937341236240474,86313.22607959356,9.0,8.45,0.875,0.9686706181202371,6.665,0.0
212,6,1,927.0,0.7918015102481122,121000.0,14.0,245954.6925566343,64724.91909385113,98950.66666666667,1.2189859762675297,99861.01510248112,0.8252976454750506,146093.6774541532,113520.32362459548,2.0,1.0,0.0,0.20819848975188782,0.7918015102481122,87124.01510248112,9.0,8.45,0.5,1.2189859762675297,7.79,0.0
212,1,1,927.0,0.7918015102481122,121000.0,14.0,245954.6925566343,64724.91909385113,98950.66666666667,1.2189859762675297,98898.78317152103,0.817345315467116,147055.90938511328,60942.85544768069,2.0,2.0,0.7918015102481122,0.20819848975188782,0.0,88778.70010787486,8.791801510248112,8.148112189859761,0.4702573586068732,1.1293730340765877,7.569350321977151,0.0
212,21,1,927.0,0.7918015102481122,121000.0,14.0,245954.6925566343,64724.91909385113,98950.66666666667,1.2189859762675297,99720.68932038835,0.8241379282676723,146234.00323624595,95489.08522114347,2.0,2.0,0.20819848975188782,0.0,0.7918015102481122,88210.18662351673,8.791801510248112,8.148112189859761,0.4702573586068732,1.1293730340765877,7.569350321977151,0.0
213,26,1,914.0,0.5098468271334792,107000.0,9.0,344638.9496717724,65645.51422319475,99837.33333333333,1.1914660831509847,93597.21663019694,0.8747403423382891,251041.7330415755,136162.0831509847,2.0,1.0,0.49015317286652077,0.5098468271334792,0.0,86741.21663019694,8.0,7.0,0.5555555555555556,0.912472647702407,6.781458069953646,0.0
213,43,1,914.0,0.5098468271334792,107000.0,9.0,344638.9496717724,65645.51422319475,99837.33333333333,1.1914660831509847,94649.92778993436,0.8845787643919099,249989.02188183807,135109.37199124726,2.0,2.0,0.49015317286652077,0.5098468271334792,0.0,86570.03501094092,8.49015317286652,7.710722100656454,0.6100170192073912,1.0492221652964582,7.030721510501531,0.0
213,57,1,914.0,0.5098468271334792,107000.0,9.0,344638.9496717724,65645.51422319475,99837.33333333333,1.1914660831509847,93014.30634573304,0.8692925826704022,251624.6433260394,108209.39606126914,2.0,1.0,0.5098468271334792,0.49015317286652077,0.0,86158.30634573304,8.0,7.0,0.5555555555555556,0.912472647702407,6.781458069953646,0.0
213,63,0,914.0,0.5098468271334792,107000.0,9.0,344638.9496717724,65645.51422319475,99837.33333333333,1.1914660831509847,95551.13347921225,0.8930012474692735,249087.8161925602,134208.16630196935,2.0,2.0,0.49015317286652077,0.5098468271334792,0.0,87477.91684901532,8.49015317286652,7.710722100656454,0.6100170192073912,1.0492221652964582,7.030721510501531,0.0
213,47,0,914.0,0.5098468271334792,107000.0,9.0,344638.9496717724,65645.51422319475,99837.33333333333,1.1914660831509847,98687.1750547046,0.9223100472402299,245951.77461706783,149699.71115973743,2.0,1.0,0.0,1.0,0.0,87583.1750547046,9.0,8.45,0.6666666666666666,1.1914660831509847,7.290000000000002,0.0
213,5,0,914.0,0.5098468271334792,107000.0,9.0,344638.9496717724,65645.51422319475,99837.33333333333,1.1914660831509847,95628.91575492341,0.8937281846254524,249010.033916849,105603.60940919037,2.0,2.0,1.0,0.0,0.0,87507.00656455143,8.50984682713348,7.739277899343545,0.6122052030148311,1.0547165655569335,7.040736559452116,0.0
213,48,0,914.0,0.5098468271334792,107000.0,9.0,344638.9496717724,65645.51422319475,99837.33333333333,1.1914660831509847,95508.2056892779,0.8926000531708215,249130.74398249452,151865.54048140044,2.0,2.0,0.0,1.0,0.0,86570.03501094092,8.49015317286652,7.710722100656454,0.6100170192073912,1.0492221652964582,7.030721510501531,0.0
213,29,0,914.0,0.5098468271334792,107000.0,9.0,344638.9496717724,65645.51422319475,99837.33333333333,1.1914660831509847,99043.3216630197,0.9256385202151374,245595.62800875274,149699.71115973743,2.0,1.0,0.0,1.0,0.0,87939.3216630197,9.0,8.45,0.6666666666666666,1.1914660831509847,7.290000000000002,0.0
213,39,0,914.0,0.5098468271334792,107000.0,9.0,344638.9496717724,65645.51422319475,99837.33333333333,1.1914660831509847,95629.10940919037,0.8937299944784147,249009.84026258206,149699.71115973743,2.0,2.0,0.0,1.0,0.0,86607.28008752735,8.50984682713348,7.739277899343545,0.6122052030148311,1.0547165655569335,7.040736559452116,0.0
213,9,0,914.0,0.5098468271334792,107000.0,9.0,344638.9496717724,65645.51422319475,99837.33333333333,1.1914660831509847,95842.0,0.8957196261682243,248796.94967177243,108209.39606126914,2.0,2.0,0.5098468271334792,0.49015317286652077,0.0,86903.82932166303,8.49015317286652,7.710722100656454,0.6100170192073912,1.0492221652964582,7.030721510501531,0.0
213,11,0,914.0,0.5098468271334792,107000.0,9.0,344638.9496717724,65645.51422319475,99837.33333333333,1.1914660831509847,95551.13347921225,0.8930012474692735,249087.8161925602,107635.30853391685,2.0,2.0,1.0,0.0,0.0,87477.91684901532,8.49015317286652,7.710722100656454,0.6100170192073912,1.0492221652964582,7.030721510501531,0.0
213,36,0,914.0,0.5098468271334792,107000.0,9.0,344638.9496717724,65645.51422319475,99837.33333333333,1.1914660831509847,96082.29321663019,0.8979653571647682,248556.65645514222,151865.54048140044,2.0,2.0,0.0,1.0,0.0,87144.12253829322,8.49015317286652,7.710722100656454,0.6100170192073912,1.0492221652964582,7.030721510501531,0.0
214,60,1,737.0,0.5685210312075983,115000.0,9.0,390773.4056987788,81411.1261872456,103512.0,1.491180461329715,97416.37177747625,0.8470988850215326,293357.0339213026,146080.19267299864,2.0,1.0,0.4314789687924016,0.0,0.5685210312075983,85411.07055630937,9.0,8.45,0.6666666666666666,1.491180461329715,7.290000000000001,0.0
214,12,1,737.0,0.5685210312075983,115000.0,9.0,390773.4056987788,81411.1261872456,103512.0,1.491180461329715,97838.9538670285,0.8507735118872043,292934.45183175034,146080.19267299864,2.0,1.0,0.0,0.4314789687924016,0.5685210312075983,85096.9538670285,9.0,8.45,0.6666666666666666,1.491180461329715,7.290000000000001,0.0
214,4,1,737.0,0.5685210312075983,115000.0,9.0,390773.4056987788,81411.1261872456,103512.0,1.491180461329715,97838.9538670285,0.8507735118872043,292934.45183175034,146080.19267299864,2.0,1.0,0.0,0.5685210312075983,0.4314789687924016,85096.9538670285,9.0,8.45,0.6666666666666666,1.491180461329715,7.290000000000001,0.0
214,10,0,737.0,0.5685210312075983,115000.0,9.0,390773.4056987788,81411.1261872456,103512.0,1.491180461329715,105906.35956580733,0.920924865789629,284867.04613297153,149574.32293080055,2.0,1.0,0.0,0.4314789687924016,0.5685210312075983,99310.35956580733,8.0,7.0,0.5555555555555556,1.0067842605156039,6.080566986739827,0.0
214,66,0,737.0,0.5685210312075983,115000.0,9.0,390773.4056987788,81411.1261872456,103512.0,1.491180461329715,105906.35956580733,0.920924865789629,284867.04613297153,149574.32293080055,2.0,1.0,0.4314789687924016,0.0,0.5685210312075983,99310.35956580733,8.0,7.0,0.5555555555555556,1.0067842605156039,6.080566986739827,0.0
214,34,0,737.0,0.5685210312075983,115000.0,9.0,390773.4056987788,81411.1261872456,103512.0,1.491180461329715,102572.75305291724,0.8919369830688455,288200.6526458616,149574.32293080055,2.0,2.0,0.0,0.4314789687924016,0.5685210312075983,93324.88331071913,8.431478968792401,7.6256445047489825,0.6034976631991557,1.2157910337298337,6.602411896124814,0.0
214,50,0,737.0,0.5685210312075983,115000.0,9.0,390773.4056987788,81411.1261872456,103512.0,1.491180461329715,101492.28629579376,0.882541619963424,289281.1194029851,146080.19267299864,2.0,2.0,0.0,1.0,0.0,91402.15603799185,8.568521031207599,7.824355495251017,0.6187245590230666,1.2821736881154853,6.768155090615013,0.0
214,59,0,737.0,0.5685210312075983,115000.0,9.0,390773.4056987788,81411.1261872456,103512.0,1.491180461329715,106412.48439620082,0.9253259512713115,284360.921302578,93084.36770691995,2.0,1.0,1.0,0.0,0.0,99816.48439620082,8.0,7.0,0.5555555555555556,1.0067842605156039,6.080566986739827,0.0
214,29,0,737.0,0.5685210312075983,115000.0,9.0,390773.4056987788,81411.1261872456,103512.0,1.491180461329715,106412.48439620082,0.9253259512713115,284360.921302578,145962.0067842605,2.0,1.0,0.4314789687924016,0.5685210312075983,0.0,99816.48439620082,8.0,7.0,0.5555555555555556,1.0067842605156039,6.080566986739827,0.0
214,51,0,737.0,0.5685210312075983,115000.0,9.0,390773.4056987788,81411.1261872456,103512.0,1.491180461329715,102001.43147896879,0.8869689693823374,288771.97421981004,146080.19267299864,2.0,2.0,0.4314789687924016,0.5685210312075983,0.0,91911.3012211669,8.568521031207599,7.824355495251017,0.6187245590230666,1.2821736881154853,6.768155090615013,0.0
214,68,0,737.0,0.5685210312075983,115000.0,9.0,390773.4056987788,81411.1261872456,103512.0,1.491180461329715,107123.80597014926,0.9315113562621674,283649.5997286296,92381.67571234735,2.0,1.0,0.5685210312075983,0.0,0.4314789687924016,100527.80597014926,8.0,7.0,0.5555555555555556,1.0067842605156039,6.080566986739827,0.0
214,54,0,737.0,0.5685210312075983,115000.0,9.0,390773.4056987788,81411.1261872456,103512.0,1.491180461329715,100520.76390773406,0.8740935991976875,290252.6417910448,98475.57259158752,2.0,2.0,1.0,0.0,0.0,91402.15603799185,8.568521031207599,7.824355495251017,0.6187245590230666,1.2821736881154853,6.768155090615013,0.0
216,34,1,1109.0,0.5266005410279531,109000.0,10.0,155996.39314697927,54102.795311091075,100738.66666666667,1.048692515779982,100275.22723174031,0.9199562131352321,55721.165915238955,12551.350766456268,2.0,1.0,0.0,0.5266005410279531,0.4733994589720469,88514.22723174031,9.0,8.45,0.7,1.048692515779982,7.1899999999999995,0.0
216,62,1,1109.0,0.5266005410279531,109000.0,10.0,155996.39314697927,54102.795311091075,100738.66666666667,1.048692515779982,100632.6438232642,0.9232352644336166,55363.749323715056,12372.642921550947,2.0,1.0,0.0,0.5266005410279531,0.4733994589720469,88871.6438232642,9.0,8.45,0.7,1.048692515779982,7.1899999999999995,0.0
216,42,1,1109.0,0.5266005410279531,109000.0,10.0,155996.39314697927,54102.795311091075,100738.66666666667,1.048692515779982,99302.62488728584,0.9110332558466591,56693.76825969342,13700.057709648332,2.0,1.0,0.5266005410279531,0.0,0.4733994589720469,88469.90622182147,9.0,8.45,0.7,1.048692515779982,7.1899999999999995,0.0
216,68,0,1109.0,0.5266005410279531,109000.0,10.0,155996.39314697927,54102.795311091075,100738.66666666667,1.048692515779982,102987.22001803426,0.9448368808993969,53009.173128944996,-11012.46798917944,2.0,2.0,0.0,0.4733994589720469,0.5266005410279531,93499.02795311091,8.473399458972047,7.686429215509468,0.5946798917944094,0.8886705299130566,6.616005410279531,0.0
216,41,0,1109.0,0.5266005410279531,109000.0,10.0,155996.39314697927,54102.795311091075,100738.66666666667,1.048692515779982,106447.22452660053,0.9765800415284454,49549.16862037872,8793.927862939585,2.0,1.0,0.5266005410279531,0.0,0.4733994589720469,99002.22452660053,8.0,7.0,0.5,0.7448151487826871,6.1000000000000005,0.0
216,4,0,1109.0,0.5266005410279531,109000.0,10.0,155996.39314697927,54102.795311091075,100738.66666666667,1.048692515779982,106359.24436429216,0.9757728840760748,49637.14878268711,9174.942290351668,2.0,1.0,0.5266005410279531,0.0,0.4733994589720469,98914.24436429216,8.0,7.0,0.5,0.7448151487826871,6.1000000000000005,0.0
216,70,0,1109.0,0.5266005410279531,109000.0,10.0,155996.39314697927,54102.795311091075,100738.66666666667,1.048692515779982,107042.76104598738,0.9820436793209851,48953.63210099188,-15068.009017132552,2.0,1.0,0.0,0.4733994589720469,0.5266005410279531,99597.76104598738,8.0,7.0,0.5,0.7448151487826871,6.1000000000000005,0.0
216,40,0,1109.0,0.5266005410279531,109000.0,10.0,155996.39314697927,54102.795311091075,100738.66666666667,1.048692515779982,106447.22452660053,0.9765800415284454,49549.16862037872,-14472.472497745717,2.0,1.0,0.4733994589720469,0.0,0.5266005410279531,99002.22452660053,8.0,7.0,0.5,0.7448151487826871,6.1000000000000005,0.0
216,50,0,1109.0,0.5266005410279531,109000.0,10.0,155996.39314697927,54102.795311091075,100738.66666666667,1.048692515779982,107042.76104598738,0.9820436793209851,48953.63210099188,-18674.862037871957,2.0,1.0,0.4733994589720469,0.5266005410279531,0.0,99597.76104598738,8.0,7.0,0.5,0.7448151487826871,6.1000000000000005,0.0
216,64,0,1109.0,0.5266005410279531,109000.0,10.0,155996.39314697927,54102.795311091075,100738.66666666667,1.048692515779982,102664.65284039675,0.9418775489944656,53331.740306582506,-10689.90081154193,2.0,2.0,0.0,1.0,0.0,92946.8449053201,8.526600541027953,7.763570784490532,0.6053201082055907,0.9048371346496124,6.673994589720469,0.0
216,57,0,1109.0,0.5266005410279531,109000.0,10.0,155996.39314697927,54102.795311091075,100738.66666666667,1.048692515779982,106359.24436429216,0.9757728840760748,49637.14878268711,-17991.345356176735,2.0,1.0,1.0,0.0,0.0,98914.24436429216,8.0,7.0,0.5,0.7448151487826871,6.1000000000000005,0.0
216,24,0,1109.0,0.5266005410279531,109000.0,10.0,155996.39314697927,54102.795311091075,100738.66666666667,1.048692515779982,102503.41478809739,0.940398300808233,53492.978358881875,-14135.515779981966,2.0,2.0,1.0,0.0,0.0,93856.44454463481,8.473399458972047,7.686429215509468,0.5946798917944094,0.8886705299130566,6.616005410279531,0.0
217,54,1,1106.0,0.5244122965641953,103000.0,11.0,220614.8282097649,54249.54792043399,97038.33333333333,1.0497287522603977,93525.80650994575,0.9080175389315122,127089.02169981918,57688.69801084991,2.0,1.0,0.0,1.0,0.0,86290.80650994575,8.0,7.0,0.45454545454545453,0.6772151898734177,7.236363636363637,0.0
217,38,1,1106.0,0.5244122965641953,103000.0,11.0,220614.8282097649,54249.54792043399,97038.33333333333,1.0497287522603977,93566.70705244123,0.9084146315770993,127048.1211573237,23973.980108499094,2.0,1.0,0.4755877034358047,0.5244122965641953,0.0,86331.70705244123,8.0,7.0,0.45454545454545453,0.6772151898734177,7.236363636363637,0.0
217,19,1,1106.0,0.5244122965641953,103000.0,11.0,220614.8282097649,54249.54792043399,97038.33333333333,1.0497287522603977,93002.18444846293,0.9029338295967275,127612.643761302,12418.282097649186,2.0,1.0,1.0,0.0,0.0,85767.18444846293,8.0,7.0,0.45454545454545453,0.6772151898734177,7.236363636363637,0.0
217,58,0,1106.0,0.5244122965641953,103000.0,11.0,220614.8282097649,54249.54792043399,97038.33333333333,1.0497287522603977,98007.37613019891,0.9515279235941643,122607.452079566,57688.69801084991,2.0,2.0,0.0,1.0,0.0,88613.20795660037,8.475587703435805,7.689602169981917,0.4977807003123459,0.8543780595077319,7.409515634317538,0.0
217,2,0,1106.0,0.5244122965641953,103000.0,11.0,220614.8282097649,54249.54792043399,97038.33333333333,1.0497287522603977,103376.89150090415,1.0036591407854774,117237.93670886075,55307.86618444846,2.0,1.0,0.0,1.0,0.0,91601.89150090415,9.0,8.450000000000001,0.5454545454545454,1.0497287522603977,7.600443692897886,0.0
217,51,0,1106.0,0.5244122965641953,103000.0,11.0,220614.8282097649,54249.54792043399,97038.33333333333,1.0497287522603977,98593.66907775769,0.9572200881335697,122021.15913200723,57688.69801084991,2.0,2.0,0.0,1.0,0.0,89199.50090415913,8.475587703435805,7.689602169981917,0.4977807003123459,0.8543780595077319,7.409515634317538,0.0
217,43,0,1106.0,0.5244122965641953,103000.0,11.0,220614.8282097649,54249.54792043399,97038.33333333333,1.0497287522603977,98163.97468354431,0.9530482978984884,122450.85352622061,55307.86618444846,2.0,2.0,0.0,1.0,0.0,88548.14285714286,8.524412296564195,7.760397830018083,0.5022192996876541,0.8725658826260836,7.427291694943985,0.0
217,16,0,1106.0,0.5244122965641953,103000.0,11.0,220614.8282097649,54249.54792043399,97038.33333333333,1.0497287522603977,97726.56962025317,0.9488016467985744,122888.25858951175,8217.518987341773,2.0,2.0,1.0,0.0,0.0,89071.76491862567,8.524412296564195,7.760397830018083,0.5022192996876541,0.8725658826260836,7.427291694943985,0.0
217,26,0,1106.0,0.5244122965641953,103000.0,11.0,220614.8282097649,54249.54792043399,97038.33333333333,1.0497287522603977,98687.59674502713,0.9581320072332731,121927.2314647378,18853.0904159132,2.0,2.0,0.4755877034358047,0.5244122965641953,0.0,89071.76491862567,8.524412296564195,7.760397830018083,0.5022192996876541,0.8725658826260836,7.427291694943985,0.0
217,45,0,1106.0,0.5244122965641953,103000.0,11.0,220614.8282097649,54249.54792043399,97038.33333333333,1.0497287522603977,103406.85352622061,1.0039500342351515,117207.97468354431,55307.86618444846,2.0,1.0,0.0,1.0,0.0,91631.85352622061,9.0,8.450000000000001,0.5454545454545454,1.0497287522603977,7.600443692897886,0.0
217,66,0,1106.0,0.5244122965641953,103000.0,11.0,220614.8282097649,54249.54792043399,97038.33333333333,1.0497287522603977,97603.2938517179,0.9476047946768729,123011.53435804702,7817.172694394213,2.0,2.0,0.5244122965641953,0.4755877034358047,0.0,88956.66003616636,8.524412296564195,7.760397830018083,0.5022192996876541,0.8725658826260836,7.427291694943985,0.0
217,68,0,1106.0,0.5244122965641953,103000.0,11.0,220614.8282097649,54249.54792043399,97038.33333333333,1.0497287522603977,98126.91591320072,0.9526885040116575,122487.9122965642,7817.172694394213,2.0,2.0,1.0,0.0,0.0,89480.2820976492,8.524412296564195,7.760397830018083,0.5022192996876541,0.8725658826260836,7.427291694943985,0.0
218,22,1,1377.0,0.7124183006535948,119000.0,12.0,194625.99854756717,43572.98474945534,102854.33333333333,0.7937545388525781,102156.3667392883,0.858456863355364,92469.63180827886,18670.459694989106,2.0,2.0,0.7124183006535948,0.2875816993464052,0.0,92757.8954248366,8.712418300653594,8.033006535947711,0.5354030501089325,0.7417517479032281,7.341820296554528,0.0
218,12,1,1377.0,0.7124183006535948,119000.0,12.0,194625.99854756717,43572.98474945534,102854.33333333333,0.7937545388525781,102938.83006535948,0.8650321854231889,91687.1684822077,61027.16557734205,2.0,2.0,0.0,1.0,0.0,92175.84967320261,8.712418300653594,8.033006535947711,0.5354030501089325,0.7417517479032281,7.341820296554528,0.0
218,16,1,1377.0,0.7124183006535948,119000.0,12.0,194625.99854756717,43572.98474945534,102854.33333333333,0.7937545388525781,103520.87581699346,0.8699233261932224,91105.12273057371,35912.675381263616,2.0,2.0,0.2875816993464052,0.7124183006535948,0.0,92757.8954248366,8.712418300653594,8.033006535947711,0.5354030501089325,0.7417517479032281,7.341820296554528,0.0
218,61,0,1377.0,0.7124183006535948,119000.0,12.0,194625.99854756717,43572.98474945534,102854.33333333333,0.7937545388525781,106036.86419753087,0.8910660856935366,88589.13435003631,19240.864197530864,2.0,1.0,0.7124183006535948,0.2875816993464052,0.0,94929.73202614379,9.0,8.45,0.5833333333333334,0.7937545388525781,7.338518397915989,0.0
218,49,0,1377.0,0.7124183006535948,119000.0,12.0,194625.99854756717,43572.98474945534,102854.33333333333,0.7937545388525781,106844.81118373275,0.8978555561658215,87781.18736383443,18670.459694989106,2.0,1.0,0.7124183006535948,0.2875816993464052,0.0,95749.32026143791,9.0,8.45,0.5833333333333334,0.7937545388525781,7.338518397915989,0.0
218,51,0,1377.0,0.7124183006535948,119000.0,12.0,194625.99854756717,43572.98474945534,102854.33333333333,0.7937545388525781,107406.41176470589,0.902574888779041,87219.5867828613,59330.14596949891,2.0,1.0,0.0,1.0,0.0,94946.41176470589,9.0,8.45,0.5833333333333334,0.7937545388525781,7.338518397915989,0.0
218,44,0,1377.0,0.7124183006535948,119000.0,12.0,194625.99854756717,43572.98474945534,102854.33333333333,0.7937545388525781,106860.35148874365,0.8979861469642323,87765.64705882352,32573.199709513436,2.0,1.0,0.2875816993464052,0.7124183006535948,0.0,94946.41176470589,9.0,8.45,0.5833333333333334,0.7937545388525781,7.338518397915989,0.0
218,18,0,1377.0,0.7124183006535948,119000.0,12.0,194625.99854756717,43572.98474945534,102854.33333333333,0.7937545388525781,106844.81118373275,0.8978555561658215,87781.18736383443,18670.459694989106,2.0,1.0,0.7124183006535948,0.2875816993464052,0.0,95749.32026143791,9.0,8.45,0.5833333333333334,0.7937545388525781,7.338518397915989,0.0
218,48,0,1377.0,0.7124183006535948,119000.0,12.0,194625.99854756717,43572.98474945534,102854.33333333333,0.7937545388525781,106270.95570079883,0.8930332411831835,88355.04284676834,19240.864197530864,2.0,1.0,0.7124183006535948,0.2875816993464052,0.0,95163.82352941176,9.0,8.45,0.5833333333333334,0.7937545388525781,7.338518397915989,0.0
218,36,0,1377.0,0.7124183006535948,119000.0,12.0,194625.99854756717,43572.98474945534,102854.33333333333,0.7937545388525781,107445.77923021061,0.9029057078168958,87180.21931735658,31987.771968046476,2.0,1.0,0.2875816993464052,0.7124183006535948,0.0,95531.90849673202,9.0,8.45,0.5833333333333334,0.7937545388525781,7.338518397915989,0.0
218,70,0,1377.0,0.7124183006535948,119000.0,12.0,194625.99854756717,43572.98474945534,102854.33333333333,0.7937545388525781,106064.64197530864,0.8912995123975516,88561.35657225853,18670.459694989106,2.0,1.0,1.0,0.0,0.0,95514.94117647059,9.0,8.45,0.5833333333333334,0.7937545388525781,7.338518397915989,0.0
218,30,0,1377.0,0.7124183006535948,119000.0,12.0,194625.99854756717,43572.98474945534,102854.33333333333,0.7937545388525781,107623.82352941176,0.9044018783984182,87002.17501815541,59330.14596949891,2.0,1.0,0.0,1.0,0.0,95163.82352941176,9.0,8.45,0.5833333333333334,0.7937545388525781,7.338518397915989,0.0
220,29,1,850.0,0.7670588235294118,108000.0,10.0,294117.64705882355,70588.23529411765,101287.33333333333,1.3011764705882354,92225.10823529412,0.8539361873638345,201892.5388235294,81623.58823529411,2.0,1.0,0.0,1.0,0.0,85046.10823529412,8.0,7.0,0.5,0.9058823529411765,7.100000000000001,0.0
220,45,1,850.0,0.7670588235294118,108000.0,10.0,294117.64705882355,70588.23529411765,101287.33333333333,1.3011764705882354,92234.89176470588,0.8540267755991285,201882.75529411764,81623.58823529411,2.0,1.0,0.0,0.7670588235294118,0.23294117647058823,85055.89176470588,8.0,7.0,0.5,0.9058823529411765,7.100000000000001,0.0
220,32,1,850.0,0.7670588235294118,108000.0,10.0,294117.64705882355,70588.23529411765,101287.33333333333,1.3011764705882354,92234.89176470588,0.8540267755991285,201882.75529411764,81623.58823529411,2.0,1.0,0.0,1.0,0.0,85055.89176470588,8.0,7.0,0.5,0.9058823529411765,7.100000000000001,0.0
220,56,0,850.0,0.7670588235294118,108000.0,10.0,294117.64705882355,70588.23529411765,101287.33333333333,1.3011764705882354,95044.83764705883,0.8800447930283224,199072.8094117647,59072.809411764705,2.0,2.0,0.23294117647058823,0.7670588235294118,0.0,87084.57647058823,8.232941176470588,7.337764705882353,0.5465882352941176,0.9979626297577855,7.098874019490925,0.0
220,54,0,850.0,0.7670588235294118,108000.0,10.0,294117.64705882355,70588.23529411765,101287.33333333333,1.3011764705882354,102036.81882352941,0.9447853594771242,192080.82823529412,52080.82823529412,2.0,2.0,0.23294117647058823,0.7670588235294118,0.0,90851.4705882353,8.767058823529412,8.112235294117646,0.6534117647058824,1.2090961937716262,7.096292225798394,0.0
220,47,0,850.0,0.7670588235294118,108000.0,10.0,294117.64705882355,70588.23529411765,101287.33333333333,1.3011764705882354,105072.50823529412,0.9728935947712418,189045.1388235294,70825.60470588235,2.0,1.0,0.0,0.7670588235294118,0.23294117647058823,92670.50823529412,9.0,8.45,0.7,1.3011764705882354,7.0951662452893185,0.0
220,16,0,850.0,0.7670588235294118,108000.0,10.0,294117.64705882355,70588.23529411765,101287.33333333333,1.3011764705882354,95044.83764705883,0.8800447930283224,199072.8094117647,31531.16705882353,2.0,2.0,1.0,0.0,0.0,87084.57647058823,8.232941176470588,7.337764705882353,0.5465882352941176,0.9979626297577855,7.098874019490925,0.0
220,39,0,850.0,0.7670588235294118,108000.0,10.0,294117.64705882355,70588.23529411765,101287.33333333333,1.3011764705882354,95294.80705882353,0.8823593246187363,198822.84,80406.93647058823,2.0,2.0,0.0,1.0,0.0,86899.15529411765,8.232941176470588,7.337764705882353,0.5465882352941176,0.9979626297577855,7.098874019490925,0.0
220,9,0,850.0,0.7670588235294118,108000.0,10.0,294117.64705882355,70588.23529411765,101287.33333333333,1.3011764705882354,105648.36,0.9782255555555556,188469.28705882354,70238.80470588236,2.0,1.0,0.0,1.0,0.0,93246.36,9.0,8.45,0.7,1.3011764705882354,7.0951662452893185,0.0
220,63,0,850.0,0.7670588235294118,108000.0,10.0,294117.64705882355,70588.23529411765,101287.33333333333,1.3011764705882354,105662.10352941176,0.9783528104575163,188455.54352941178,70238.80470588236,2.0,1.0,0.0,1.0,0.0,93260.10352941176,9.0,8.45,0.7,1.3011764705882354,7.0951662452893185,0.0
220,30,0,850.0,0.7670588235294118,108000.0,10.0,294117.64705882355,70588.23529411765,101287.33333333333,1.3011764705882354,104033.40235294118,0.9632722440087146,190084.24470588236,22792.57176470588,2.0,1.0,0.7670588235294118,0.23294117647058823,0.0,93060.93882352942,9.0,8.45,0.7,1.3011764705882354,7.0951662452893185,0.0
220,5,0,850.0,0.7670588235294118,108000.0,10.0,294117.64705882355,70588.23529411765,101287.33333333333,1.3011764705882354,102036.81882352941,0.9447853594771242,192080.82823529412,72042.25647058824,2.0,2.0,0.0,1.0,0.0,90851.4705882353,8.767058823529412,8.112235294117646,0.6534117647058824,1.2090961937716262,7.096292225798394,0.0
221,7,1,1231.0,0.5881397238017871,102000.0,14.0,243704.3054427295,48740.8610885459,94974.66666666667,1.0032493907392364,95148.11291632819,0.9328246364345901,148556.1925264013,84380.72542648253,2.0,2.0,0.41186027619821286,0.5881397238017871,0.0,86827.7595450853,8.411860276198214,7.597197400487408,0.4159800394568875,0.788728890343621,7.272288505450481,0.0
221,64,1,1231.0,0.5881397238017871,102000.0,14.0,243704.3054427295,48740.8610885459,94974.66666666667,1.0032493907392364,94108.73842404548,0.9226346904318186,149595.567018684,111203.55727051178,2.0,1.0,0.41186027619821286,0.0,0.5881397238017871,87564.73842404548,8.0,7.0,0.35714285714285715,0.6385052802599512,6.909747445040805,0.0
221,3,1,1231.0,0.5881397238017871,102000.0,14.0,243704.3054427295,48740.8610885459,94974.66666666667,1.0032493907392364,94108.73842404548,0.9226346904318186,149595.567018684,113941.62794476036,2.0,1.0,0.0,0.5881397238017871,0.41186027619821286,87564.73842404548,8.0,7.0,0.35714285714285715,0.6385052802599512,6.909747445040805,0.0
221,8,0,1231.0,0.5881397238017871,102000.0,14.0,243704.3054427295,48740.8610885459,94974.66666666667,1.0032493907392364,97238.51584077986,0.9533187827527436,146465.78960194963,110418.08285946384,2.0,1.0,0.0,0.41186027619821286,0.5881397238017871,84703.51584077986,9.0,8.45,0.5,1.0032493907392364,7.789999999999998,0.0
223,52,1,762.0,0.5813648293963255,115000.0,8.0,364829.3963254593,78740.15748031496,94815.0,1.7086614173228347,94265.50787401575,0.8197000684697021,270563.8884514436,154941.76771653543,2.0,2.0,0.41863517060367456,0.0,0.5813648293963255,85916.43963254594,8.418635170603675,7.6070209973753276,0.781988188976378,1.2722563222904224,6.325465362624155,0.0
223,54,1,762.0,0.5813648293963255,115000.0,8.0,364829.3963254593,78740.15748031496,94815.0,1.7086614173228347,93600.32020997375,0.8139158279128152,271229.0761154856,118769.57742782152,2.0,1.0,1.0,0.0,0.0,86382.32020997375,8.0,7.0,0.625,0.958005249343832,6.351003626003626,0.0
223,43,1,762.0,0.5813648293963255,115000.0,8.0,364829.3963254593,78740.15748031496,94815.0,1.7086614173228347,94932.33333333333,0.8254985507246377,269897.062992126,129477.11548556431,2.0,2.0,0.41863517060367456,0.5813648293963255,0.0,86583.26509186352,8.418635170603675,7.6070209973753276,0.781988188976378,1.2722563222904224,6.325465362624155,0.0
223,50,0,762.0,0.5813648293963255,115000.0,8.0,364829.3963254593,78740.15748031496,94815.0,1.7086614173228347,97149.83333333333,0.8447811594202899,267679.562992126,116552.07742782152,2.0,1.0,1.0,0.0,0.0,87239.62598425196,9.0,8.45,1.0,1.7086614173228347,6.289999999999999,0.0
223,37,0,762.0,0.5813648293963255,115000.0,8.0,364829.3963254593,78740.15748031496,94815.0,1.7086614173228347,97447.19028871391,0.8473668720757731,267382.2060367454,116976.53149606299,2.0,1.0,0.5813648293963255,0.41863517060367456,0.0,86801.90419947506,9.0,8.45,1.0,1.7086614173228347,6.289999999999999,0.0
223,65,0,762.0,0.5813648293963255,115000.0,8.0,364829.3963254593,78740.15748031496,94815.0,1.7086614173228347,98769.20603674541,0.8588626611890905,266060.1902887139,166452.53937007874,2.0,1.0,0.0,0.41863517060367456,0.5813648293963255,87114.20603674541,9.0,8.45,1.0,1.7086614173228347,6.289999999999999,0.0
223,34,0,762.0,0.5813648293963255,115000.0,8.0,364829.3963254593,78740.15748031496,94815.0,1.7086614173228347,99206.92782152232,0.8626689375784549,265622.468503937,166452.53937007874,2.0,1.0,0.0,0.41863517060367456,0.5813648293963255,87551.92782152232,9.0,8.45,1.0,1.7086614173228347,6.289999999999999,0.0
223,39,0,762.0,0.5813648293963255,115000.0,8.0,364829.3963254593,78740.15748031496,94815.0,1.7086614173228347,95351.46062992126,0.8291431359123588,269477.93569553806,116552.07742782152,2.0,2.0,0.5813648293963255,0.0,0.41863517060367456,86572.3215223097,8.581364829396325,7.842979002624673,0.843011811023622,1.3944103443762443,6.31553826337947,0.0
223,2,0,762.0,0.5813648293963255,115000.0,8.0,364829.3963254593,78740.15748031496,94815.0,1.7086614173228347,95351.46062992126,0.8291431359123588,269477.93569553806,116552.07742782152,2.0,2.0,1.0,0.0,0.0,86572.3215223097,8.581364829396325,7.842979002624673,0.843011811023622,1.3944103443762443,6.31553826337947,0.0
223,3,0,762.0,0.5813648293963255,115000.0,8.0,364829.3963254593,78740.15748031496,94815.0,1.7086614173228347,96403.08005249343,0.8382876526303777,268426.31627296587,153249.22965879264,2.0,2.0,0.41863517060367456,0.0,0.5813648293963255,86605.56430446194,8.581364829396325,7.842979002624673,0.843011811023622,1.3944103443762443,6.31553826337947,0.0
223,11,0,762.0,0.5813648293963255,115000.0,8.0,364829.3963254593,78740.15748031496,94815.0,1.7086614173228347,99206.92782152232,0.8626689375784549,265622.468503937,166452.53937007874,2.0,1.0,0.0,0.41863517060367456,0.5813648293963255,87551.92782152232,9.0,8.45,1.0,1.7086614173228347,6.289999999999999,0.0
223,28,0,762.0,0.5813648293963255,115000.0,8.0,364829.3963254593,78740.15748031496,94815.0,1.7086614173228347,97455.88976377953,0.8474425196850394,267373.50656167977,116552.07742782152,2.0,1.0,1.0,0.0,0.0,87551.92782152232,9.0,8.45,1.0,1.7086614173228347,6.289999999999999,0.0
224,15,1,847.0,0.6611570247933884,125000.0,14.0,295159.386068477,70838.25265643447,97953.0,1.4911452184179457,89280.5867768595,0.714244694214876,205878.79929161747,154809.53955135774,2.0,1.0,0.0,1.0,0.0,82358.5867768595,8.0,7.0,0.35714285714285715,1.0224321133412042,7.5285714285714285,0.0
224,41,1,847.0,0.6611570247933884,125000.0,14.0,295159.386068477,70838.25265643447,97953.0,1.4911452184179457,89609.60330578513,0.716876826446281,205549.78276269184,100313.67178276269,2.0,1.0,0.6611570247933884,0.33884297520661155,0.0,82687.60330578513,8.0,7.0,0.35714285714285715,1.0224321133412042,7.5285714285714285,0.0
224,13,1,847.0,0.6611570247933884,125000.0,14.0,295159.386068477,70838.25265643447,97953.0,1.4911452184179457,89260.59504132232,0.7140847603305785,205898.79102715466,100313.67178276269,2.0,1.0,0.6611570247933884,0.33884297520661155,0.0,82338.59504132232,8.0,7.0,0.35714285714285715,1.0224321133412042,7.5285714285714285,0.0
224,61,0,847.0,0.6611570247933884,125000.0,14.0,295159.386068477,70838.25265643447,97953.0,1.4911452184179457,105133.20661157025,0.841065652892562,190026.17945690674,152136.48170011808,2.0,1.0,0.0,0.6611570247933884,0.33884297520661155,94168.20661157025,9.0,8.45,0.5,1.4911452184179457,7.3691943684004695,0.0
224,58,0,847.0,0.6611570247933884,125000.0,14.0,295159.386068477,70838.25265643447,97953.0,1.4911452184179457,94742.89492325856,0.7579431593860685,200416.49114521843,137842.7012987013,2.0,2.0,0.33884297520661155,0.6611570247933884,0.0,87088.17355371901,8.338842975206612,7.491322314049587,0.40554899645808734,1.1812522563837364,7.474567631323417,0.0
224,32,0,847.0,0.6611570247933884,125000.0,14.0,295159.386068477,70838.25265643447,97953.0,1.4911452184179457,99733.74380165289,0.7978699504132232,195425.64226682408,145838.86540731994,2.0,2.0,0.0,1.0,0.0,90138.68595041323,8.661157024793388,7.958677685950414,0.45159386068476975,1.3323250753754134,7.42319816564848,0.0
224,52,0,847.0,0.6611570247933884,125000.0,14.0,295159.386068477,70838.25265643447,97953.0,1.4911452184179457,105653.17355371901,0.845225388429752,189506.21251475796,139919.43565525382,2.0,1.0,0.0,1.0,0.0,94688.17355371901,9.0,8.45,0.5,1.4911452184179457,7.3691943684004695,0.0
224,60,0,847.0,0.6611570247933884,125000.0,14.0,295159.386068477,70838.25265643447,97953.0,1.4911452184179457,99733.74380165289,0.7978699504132232,195425.64226682408,152136.48170011808,2.0,2.0,0.0,0.6611570247933884,0.33884297520661155,90138.68595041323,8.661157024793388,7.958677685950414,0.45159386068476975,1.3323250753754134,7.42319816564848,0.0
224,38,0,847.0,0.6611570247933884,125000.0,14.0,295159.386068477,70838.25265643447,97953.0,1.4911452184179457,94648.87603305785,0.7571910082644628,200510.51003541914,150923.733175915,2.0,2.0,0.0,1.0,0.0,86356.93388429753,8.338842975206612,7.491322314049587,0.40554899645808734,1.1812522563837364,7.474567631323417,0.0
224,27,0,847.0,0.6611570247933884,125000.0,14.0,295159.386068477,70838.25265643447,97953.0,1.4911452184179457,95651.86776859504,0.7652149421487603,199507.51829988192,99582.4321133412,2.0,2.0,0.6611570247933884,0.33884297520661155,0.0,87359.92561983471,8.338842975206612,7.491322314049587,0.40554899645808734,1.1812522563837364,7.474567631323417,0.0
224,71,0,847.0,0.6611570247933884,125000.0,14.0,295159.386068477,70838.25265643447,97953.0,1.4911452184179457,100619.32231404958,0.8049545785123967,194540.0637544274,152136.48170011808,2.0,2.0,0.0,0.6611570247933884,0.33884297520661155,91024.26446280992,8.661157024793388,7.958677685950414,0.45159386068476975,1.3323250753754134,7.42319816564848,0.0
224,49,0,847.0,0.6611570247933884,125000.0,14.0,295159.386068477,70838.25265643447,97953.0,1.4911452184179457,94648.87603305785,0.7571910082644628,200510.51003541914,150923.733175915,2.0,2.0,0.0,1.0,0.0,86356.93388429753,8.338842975206612,7.491322314049587,0.40554899645808734,1.1812522563837364,7.474567631323417,0.0
225,52,1,758.0,0.762532981530343,109000.0,7.0,365435.3562005277,79155.67282321899,100571.66666666667,1.654353562005277,92430.7783641161,0.8479887923313403,273004.5778364116,223961.46437994723,2.0,2.0,0.0,0.0,1.0,84520.0949868074,8.237467018469657,7.344327176781003,0.7821334338484734,1.2016624779833056,6.36145765237484,0.0
225,0,1,758.0,0.762532981530343,109000.0,7.0,365435.3562005277,79155.67282321899,100571.66666666667,1.654353562005277,91581.0290237467,0.8401929268233642,273854.327176781,201547.78364116096,2.0,1.0,0.0,1.0,0.0,84780.0290237467,8.0,7.0,0.7142857142857143,1.0606860158311346,6.3837109005192545,0.0
225,68,1,758.0,0.762532981530343,109000.0,7.0,365435.3562005277,79155.67282321899,100571.66666666667,1.654353562005277,90470.2506596306,0.8300022996296386,274965.1055408971,182616.82058047495,2.0,1.0,0.23746701846965698,0.762532981530343,0.0,83669.2506596306,8.0,7.0,0.7142857142857143,1.0606860158311346,6.3837109005192545,0.0
225,29,0,758.0,0.762532981530343,109000.0,7.0,365435.3562005277,79155.67282321899,100571.66666666667,1.654353562005277,93470.79155672823,0.8575301977681489,271964.56464379944,178096.83377308707,2.0,2.0,0.762532981530343,0.0,0.23746701846965698,85560.10817941952,8.237467018469657,7.344327176781003,0.7821334338484734,1.2016624779833056,6.36145765237484,0.0
225,57,0,758.0,0.762532981530343,109000.0,7.0,365435.3562005277,79155.67282321899,100571.66666666667,1.654353562005277,93296.25329815304,0.8559289293408535,272139.1029023747,178096.83377308707,2.0,2.0,0.762532981530343,0.23746701846965698,0.0,85385.56992084433,8.237467018469657,7.344327176781003,0.7821334338484734,1.2016624779833056,6.36145765237484,0.0
225,43,0,758.0,0.762532981530343,109000.0,7.0,365435.3562005277,79155.67282321899,100571.66666666667,1.654353562005277,97227.37994722955,0.891994311442473,268207.97625329817,218740.74670184698,2.0,2.0,0.0,0.0,1.0,86863.06332453826,8.762532981530343,8.105672823218997,0.9321522804372409,1.513377099853106,6.3122532481444145,0.0
225,27,0,758.0,0.762532981530343,109000.0,7.0,365435.3562005277,79155.67282321899,100571.66666666667,1.654353562005277,96657.00527704485,0.8867615163031638,268778.35092348285,196229.11609498682,2.0,2.0,0.0,0.762532981530343,0.23746701846965698,86292.68865435357,8.762532981530343,8.105672823218997,0.9321522804372409,1.513377099853106,6.3122532481444145,0.0
225,46,0,758.0,0.762532981530343,109000.0,7.0,365435.3562005277,79155.67282321899,100571.66666666667,1.654353562005277,93470.79155672823,0.8575301977681489,271964.56464379944,178096.83377308707,2.0,2.0,0.762532981530343,0.23746701846965698,0.0,85560.10817941952,8.237467018469657,7.344327176781003,0.7821334338484734,1.2016624779833056,6.36145765237484,0.0
225,62,0,758.0,0.762532981530343,109000.0,7.0,365435.3562005277,79155.67282321899,100571.66666666667,1.654353562005277,95327.13192612136,0.8745608433589117,270108.2242744063,174108.0395778364,2.0,2.0,0.762532981530343,0.0,0.23746701846965698,86292.68865435357,8.762532981530343,8.105672823218997,0.9321522804372409,1.513377099853106,6.3122532481444145,0.0
225,39,0,758.0,0.762532981530343,109000.0,7.0,365435.3562005277,79155.67282321899,100571.66666666667,1.654353562005277,97470.07124010554,0.8942208370651884,267965.28496042214,195658.7414248021,2.0,2.0,0.0,0.762532981530343,0.23746701846965698,87105.75461741425,8.762532981530343,8.105672823218997,0.9321522804372409,1.513377099853106,6.3122532481444145,0.0
225,55,0,758.0,0.762532981530343,109000.0,7.0,365435.3562005277,79155.67282321899,100571.66666666667,1.654353562005277,98943.39709762533,0.9077375880516085,266491.9591029024,174143.67414248022,2.0,1.0,0.23746701846965698,0.762532981530343,0.0,87885.83377308707,9.0,8.45,1.0,1.654353562005277,6.29,0.0
225,50,0,758.0,0.762532981530343,109000.0,7.0,365435.3562005277,79155.67282321899,100571.66666666667,1.654353562005277,95327.13192612136,0.8745608433589117,270108.2242744063,174108.0395778364,2.0,2.0,1.0,0.0,0.0,86292.68865435357,8.762532981530343,8.105672823218997,0.9321522804372409,1.513377099853106,6.3122532481444145,0.0
226,10,1,1313.0,0.7479055597867479,117000.0,12.0,222391.46991622238,45696.8773800457,100425.33333333333,0.955064737242955,94956.73419649657,0.811596018773475,127434.73571972582,70711.8743335872,2.0,2.0,0.7479055597867479,0.0,0.2520944402132521,86167.3046458492,8.747905559786748,8.084463061690784,0.6036430566133536,0.873657240936467,7.304642247860512,0.0
226,67,1,1313.0,0.7479055597867479,117000.0,12.0,222391.46991622238,45696.8773800457,100425.33333333333,0.955064737242955,95224.71058644327,0.8138864152687458,127166.75932977913,70711.8743335872,2.0,2.0,0.7479055597867479,0.2520944402132521,0.0,86435.28103579588,8.747905559786748,8.084463061690784,0.6036430566133536,0.873657240936467,7.304642247860512,0.0
226,71,1,1313.0,0.7479055597867479,117000.0,12.0,222391.46991622238,45696.8773800457,100425.33333333333,0.955064737242955,96829.1157654227,0.8275992800463479,125562.3541507997,71593.5963442498,2.0,2.0,0.0,0.7479055597867479,0.2520944402132521,86729.72962680884,8.747905559786748,8.084463061690784,0.6036430566133536,0.873657240936467,7.304642247860512,0.0
226,12,0,1313.0,0.7479055597867479,117000.0,12.0,222391.46991622238,45696.8773800457,100425.33333333333,0.955064737242955,98635.8743335872,0.8430416609708308,123755.59558263519,80343.56207159178,2.0,1.0,0.0,0.2520944402132521,0.7479055597867479,87559.8743335872,9.0,8.45,0.6666666666666666,0.955064737242955,7.29,0.0
226,57,0,1313.0,0.7479055597867479,117000.0,12.0,222391.46991622238,45696.8773800457,100425.33333333333,0.955064737242955,98759.52856054837,0.8440985347055415,123631.94135567403,48993.70830159939,2.0,1.0,0.2520944402132521,0.7479055597867479,0.0,88124.82025894897,9.0,8.45,0.6666666666666666,0.955064737242955,7.29,0.0
226,66,0,1313.0,0.7479055597867479,117000.0,12.0,222391.46991622238,45696.8773800457,100425.33333333333,0.955064737242955,98069.44249809596,0.8382003632315894,124322.02741812642,70160.69763899466,2.0,1.0,0.7479055597867479,0.2520944402132521,0.0,88314.64737242955,9.0,8.45,0.6666666666666666,0.955064737242955,7.29,0.0
226,54,0,1313.0,0.7479055597867479,117000.0,12.0,222391.46991622238,45696.8773800457,100425.33333333333,0.955064737242955,99390.64737242955,0.8494927125848679,123000.82254379283,70616.98248286368,2.0,1.0,0.0,1.0,0.0,88314.64737242955,9.0,8.45,0.6666666666666666,0.955064737242955,7.29,0.0
226,35,0,1313.0,0.7479055597867479,117000.0,12.0,222391.46991622238,45696.8773800457,100425.33333333333,0.955064737242955,98635.8743335872,0.8430416609708308,123755.59558263519,71179.4074638233,2.0,1.0,0.0,0.7479055597867479,0.2520944402132521,87559.8743335872,9.0,8.45,0.6666666666666666,0.955064737242955,7.29,0.0
226,62,0,1313.0,0.7479055597867479,117000.0,12.0,222391.46991622238,45696.8773800457,100425.33333333333,0.955064737242955,98635.8743335872,0.8430416609708308,123755.59558263519,71179.4074638233,2.0,1.0,0.0,1.0,0.0,87559.8743335872,9.0,8.45,0.6666666666666666,0.955064737242955,7.29,0.0
226,6,0,1313.0,0.7479055597867479,117000.0,12.0,222391.46991622238,45696.8773800457,100425.33333333333,0.955064737242955,99390.64737242955,0.8494927125848679,123000.82254379283,79588.78903274942,2.0,1.0,0.0,0.2520944402132521,0.7479055597867479,88314.64737242955,9.0,8.45,0.6666666666666666,0.955064737242955,7.29,0.0
226,53,0,1313.0,0.7479055597867479,117000.0,12.0,222391.46991622238,45696.8773800457,100425.33333333333,0.955064737242955,98194.63366336633,0.8392703731911653,124196.83625285605,80784.80274181264,2.0,1.0,0.2520944402132521,0.0,0.7479055597867479,87559.8743335872,9.0,8.45,0.6666666666666666,0.955064737242955,7.29,0.0
226,41,0,1313.0,0.7479055597867479,117000.0,12.0,222391.46991622238,45696.8773800457,100425.33333333333,0.955064737242955,97879.61538461539,0.8365779092702169,124511.85453160701,70160.69763899466,2.0,1.0,0.7479055597867479,0.0,0.2520944402132521,88124.82025894897,9.0,8.45,0.6666666666666666,0.955064737242955,7.29,0.0
228,55,1,903.0,0.7729789590254706,114000.0,9.0,313399.7785160576,66445.18272425249,97221.33333333333,1.424141749723145,95155.1107419712,0.8346939538769405,218244.66777408638,160658.8427464009,2.0,1.0,0.0,1.0,0.0,88260.1107419712,8.0,7.0,0.5555555555555556,0.9435215946843853,6.455552847509952,0.0
228,51,1,903.0,0.7729789590254706,114000.0,9.0,313399.7785160576,66445.18272425249,97221.33333333333,1.424141749723145,96340.13289036545,0.8450888850032057,217059.64562569212,159473.82059800666,2.0,1.0,0.0,1.0,0.0,89445.13289036545,8.0,7.0,0.5555555555555556,0.9435215946843853,6.455552847509952,0.0
228,31,1,903.0,0.7729789590254706,114000.0,9.0,313399.7785160576,66445.18272425249,97221.33333333333,1.424141749723145,95384.40199335548,0.8367052806434692,218015.3765227021,107986.72203765227,2.0,1.0,0.7729789590254706,0.22702104097452935,0.0,88489.40199335548,8.0,7.0,0.5555555555555556,0.9435215946843853,6.455552847509952,0.0
228,57,0,903.0,0.7729789590254706,114000.0,9.0,313399.7785160576,66445.18272425249,97221.33333333333,1.424141749723145,98965.8349944629,0.8681213596005518,214433.9435215947,156848.1184939092,2.0,2.0,0.0,1.0,0.0,88303.33554817276,8.77297895902547,8.120819490586932,0.7273286575612157,1.315030861812906,6.842903285794988,0.0
228,18,0,903.0,0.7729789590254706,114000.0,9.0,313399.7785160576,66445.18272425249,97221.33333333333,1.424141749723145,99287.92691029901,0.8709467272833246,214111.8516057586,156526.0265780731,2.0,2.0,0.0,1.0,0.0,88625.42746400886,8.77297895902547,8.120819490586932,0.7273286575612157,1.315030861812906,6.842903285794988,0.0
228,70,0,903.0,0.7729789590254706,114000.0,9.0,313399.7785160576,66445.18272425249,97221.33333333333,1.424141749723145,98574.8261351052,0.8646914573254842,214824.95238095237,105771.58028792913,2.0,1.0,0.7729789590254706,0.22702104097452935,0.0,88168.03100775194,9.0,8.45,0.7777777777777778,1.424141749723145,6.956666666666668,0.0
228,10,0,903.0,0.7729789590254706,114000.0,9.0,313399.7785160576,66445.18272425249,97221.33333333333,1.424141749723145,98965.8349944629,0.8681213596005518,214433.9435215947,141344.24252491695,2.0,2.0,0.22702104097452935,0.7729789590254706,0.0,88303.33554817276,8.77297895902547,8.120819490586932,0.7273286575612157,1.315030861812906,6.842903285794988,0.0
228,43,0,903.0,0.7729789590254706,114000.0,9.0,313399.7785160576,66445.18272425249,97221.33333333333,1.424141749723145,98965.8349944629,0.8681213596005518,214433.9435215947,141344.24252491695,2.0,2.0,0.22702104097452935,0.7729789590254706,0.0,88303.33554817276,8.77297895902547,8.120819490586932,0.7273286575612157,1.315030861812906,6.842903285794988,0.0
228,47,0,903.0,0.7729789590254706,114000.0,9.0,313399.7785160576,66445.18272425249,97221.33333333333,1.424141749723145,100506.3488372093,0.8816346389228886,212893.42967884828,155307.60465116278,2.0,1.0,0.0,1.0,0.0,88737.3488372093,9.0,8.45,0.7777777777777778,1.424141749723145,6.956666666666668,0.0
228,3,0,903.0,0.7729789590254706,114000.0,9.0,313399.7785160576,66445.18272425249,97221.33333333333,1.424141749723145,99532.42857142857,0.8730914786967419,213867.349944629,156281.5249169435,2.0,2.0,0.0,1.0,0.0,88869.92912513843,8.77297895902547,8.120819490586932,0.7273286575612157,1.315030861812906,6.842903285794988,0.0
228,68,0,903.0,0.7729789590254706,114000.0,9.0,313399.7785160576,66445.18272425249,97221.33333333333,1.424141749723145,98965.8349944629,0.8681213596005518,214433.9435215947,156848.1184939092,2.0,2.0,0.0,1.0,0.0,88303.33554817276,8.77297895902547,8.120819490586932,0.7273286575612157,1.315030861812906,6.842903285794988,0.0
228,58,0,903.0,0.7729789590254706,114000.0,9.0,313399.7785160576,66445.18272425249,97221.33333333333,1.424141749723145,98721.33333333333,0.8659766081871345,214678.44518272424,157092.62015503875,2.0,2.0,0.0,1.0,0.0,88058.83388704319,8.77297895902547,8.120819490586932,0.7273286575612157,1.315030861812906,6.842903285794988,0.0
230,33,1,1072.0,0.75,105000.0,12.0,292910.447761194,55970.149253731346,98553.0,1.1044776119402986,102555.45522388059,0.9767186211798152,190354.99253731343,77128.87686567164,2.0,2.0,1.0,0.0,0.0,93737.25,8.75,8.087499999999999,0.5416666666666666,1.0051305970149254,7.083607293868921,0.0
230,30,1,1072.0,0.75,105000.0,12.0,292910.447761194,55970.149253731346,98553.0,1.1044776119402986,103149.3348880597,0.9823746179815209,189761.11287313432,76534.99720149254,2.0,2.0,1.0,0.0,0.0,94343.25,8.75,8.087499999999999,0.5416666666666666,1.0051305970149254,7.083607293868921,0.0
230,55,1,1072.0,0.75,105000.0,12.0,292910.447761194,55970.149253731346,98553.0,1.1044776119402986,104593.25,0.9961261904761904,188317.19776119402,117421.67537313433,2.0,2.0,0.0,1.0,0.0,94343.25,8.75,8.087499999999999,0.5416666666666666,1.0051305970149254,7.083607293868921,0.0
230,11,0,1072.0,0.75,105000.0,12.0,292910.447761194,55970.149253731346,98553.0,1.1044776119402986,105684.8703358209,1.0065225746268656,187225.57742537314,76534.99720149254,2.0,1.0,1.0,0.0,0.0,96281.5,9.0,8.45,0.5833333333333334,1.1044776119402986,6.994809725158562,0.0
230,68,0,1072.0,0.75,105000.0,12.0,292910.447761194,55970.149253731346,98553.0,1.1044776119402986,106797.25,1.0171166666666667,186113.19776119402,127156.92537313433,2.0,1.0,0.0,0.0,1.0,95468.25,9.0,8.45,0.5833333333333334,1.1044776119402986,6.994809725158562,0.0
230,47,0,1072.0,0.75,105000.0,12.0,292910.447761194,55970.149253731346,98553.0,1.1044776119402986,106519.59981343284,1.0144723791755508,186390.84794776118,94040.10167910448,2.0,1.0,0.25,0.75,0.0,95672.25,9.0,8.45,0.5833333333333334,1.1044776119402986,6.994809725158562,0.0
230,7,0,1072.0,0.75,105000.0,12.0,292910.447761194,55970.149253731346,98553.0,1.1044776119402986,106928.6203358209,1.0183678127221039,185981.82742537314,93631.08115671642,2.0,1.0,0.25,0.75,0.0,96077.25,9.0,8.45,0.5833333333333334,1.1044776119402986,6.994809725158562,0.0
230,35,0,1072.0,0.75,105000.0,12.0,292910.447761194,55970.149253731346,98553.0,1.1044776119402986,107406.25,1.0229166666666667,185504.19776119402,117034.95149253731,2.0,1.0,0.0,0.75,0.25,96077.25,9.0,8.45,0.5833333333333334,1.1044776119402986,6.994809725158562,0.0
230,17,0,1072.0,0.75,105000.0,12.0,292910.447761194,55970.149253731346,98553.0,1.1044776119402986,107001.25,1.019059523809524,185909.19776119402,127054.92537313433,2.0,1.0,0.0,0.0,1.0,95672.25,9.0,8.45,0.5833333333333334,1.1044776119402986,6.994809725158562,0.0
230,64,0,1072.0,0.75,105000.0,12.0,292910.447761194,55970.149253731346,98553.0,1.1044776119402986,107610.5,1.0248619047619048,185299.94776119402,114404.42537313433,2.0,1.0,0.0,1.0,0.0,96281.5,9.0,8.45,0.5833333333333334,1.1044776119402986,6.994809725158562,0.0
230,53,0,1072.0,0.75,105000.0,12.0,292910.447761194,55970.149253731346,98553.0,1.1044776119402986,107610.5,1.0248619047619048,185299.94776119402,126447.30037313433,2.0,1.0,0.0,0.0,1.0,96281.5,9.0,8.45,0.5833333333333334,1.1044776119402986,6.994809725158562,0.0
230,71,0,1072.0,0.75,105000.0,12.0,292910.447761194,55970.149253731346,98553.0,1.1044776119402986,106928.6203358209,1.0183678127221039,185981.82742537314,115086.30503731343,2.0,1.0,0.25,0.0,0.75,96077.25,9.0,8.45,0.5833333333333334,1.1044776119402986,6.994809725158562,0.0
231,68,1,986.0,0.7190669371196755,120000.0,11.0,238336.7139959432,60851.926977687624,99929.0,1.182555780933063,97467.64097363083,0.8122303414469236,140869.07302231237,109757.28194726167,2.0,2.0,0.7190669371196755,0.28093306288032455,0.0,88261.96551724138,8.719066937119676,8.042647058823528,0.650654619214457,1.0734306662442552,6.86325926608888,0.0
231,41,1,986.0,0.7190669371196755,120000.0,11.0,238336.7139959432,60851.926977687624,99929.0,1.182555780933063,96316.8995943205,0.8026408299526707,142019.81440162272,141005.61561866125,2.0,1.0,0.0,1.0,0.0,84740.8995943205,9.0,8.45,0.7272727272727273,1.182555780933063,7.108181818181818,0.0
231,66,1,986.0,0.7190669371196755,120000.0,11.0,238336.7139959432,60851.926977687624,99929.0,1.182555780933063,95800.39553752536,0.798336629479378,142536.31845841784,141522.1196754564,2.0,1.0,0.0,1.0,0.0,84224.39553752536,9.0,8.45,0.7272727272727273,1.182555780933063,7.108181818181818,0.0
231,4,0,986.0,0.7190669371196755,120000.0,11.0,238336.7139959432,60851.926977687624,99929.0,1.182555780933063,103333.17038539554,0.8611097532116295,135003.54361054767,133989.3448275862,2.0,2.0,0.0,1.0,0.0,94721.16430020284,8.280933062880324,7.4073529411764705,0.5311635626037249,0.9032427617476311,6.481286188456574,0.0
231,71,0,986.0,0.7190669371196755,120000.0,11.0,238336.7139959432,60851.926977687624,99929.0,1.182555780933063,99012.58417849899,0.8251048681541582,139324.12981744422,138309.93103448275,2.0,2.0,0.0,1.0,0.0,88594.59026369169,8.719066937119676,8.042647058823528,0.650654619214457,1.0734306662442552,6.86325926608888,0.0
231,65,0,986.0,0.7190669371196755,120000.0,11.0,238336.7139959432,60851.926977687624,99929.0,1.182555780933063,106220.03853955376,0.8851669878296146,132116.67545638946,131102.476673428,2.0,1.0,0.0,1.0,0.0,98766.03853955376,8.0,7.0,0.45454545454545453,0.7941176470588235,6.236363636363637,0.0
231,54,0,986.0,0.7190669371196755,120000.0,11.0,238336.7139959432,60851.926977687624,99929.0,1.182555780933063,103534.59939148073,0.8627883282623394,134802.11460446246,101001.2322515213,2.0,2.0,0.7190669371196755,0.28093306288032455,0.0,94922.59330628804,8.280933062880324,7.4073529411764705,0.5311635626037249,0.9032427617476311,6.481286188456574,0.0
231,47,0,986.0,0.7190669371196755,120000.0,11.0,238336.7139959432,60851.926977687624,99929.0,1.182555780933063,104297.43914807303,0.8691453262339418,134039.27484787017,133025.07606490873,2.0,2.0,0.0,1.0,0.0,95685.43306288033,8.280933062880324,7.4073529411764705,0.5311635626037249,0.9032427617476311,6.481286188456574,0.0
231,13,0,986.0,0.7190669371196755,120000.0,11.0,238336.7139959432,60851.926977687624,99929.0,1.182555780933063,107206.50101419879,0.8933875084516565,131130.2129817444,130116.01419878296,2.0,1.0,0.0,1.0,0.0,99752.50101419879,8.0,7.0,0.45454545454545453,0.7941176470588235,6.236363636363637,0.0
231,28,0,986.0,0.7190669371196755,120000.0,11.0,238336.7139959432,60851.926977687624,99929.0,1.182555780933063,103825.4888438134,0.8652124070317783,134511.22515212983,100036.96348884382,2.0,2.0,1.0,0.0,0.0,95685.43306288033,8.280933062880324,7.4073529411764705,0.5311635626037249,0.9032427617476311,6.481286188456574,0.0
231,24,0,986.0,0.7190669371196755,120000.0,11.0,238336.7139959432,60851.926977687624,99929.0,1.182555780933063,98303.41176470589,0.8191950980392156,140033.30223123732,109254.13590263692,2.0,2.0,1.0,0.0,0.0,89108.00405679514,8.719066937119676,8.042647058823528,0.650654619214457,1.0734306662442552,6.86325926608888,0.0
231,38,0,986.0,0.7190669371196755,120000.0,11.0,238336.7139959432,60851.926977687624,99929.0,1.182555780933063,106220.03853955376,0.8851669878296146,132116.67545638946,101001.2322515213,2.0,1.0,0.7190669371196755,0.28093306288032455,0.0,98766.03853955376,8.0,7.0,0.45454545454545453,0.7941176470588235,6.236363636363637,0.0
234,69,1,1017.0,0.5781710914454278,119000.0,13.0,265486.7256637168,58997.05014749263,95414.66666666667,1.1799410029498525,94249.25663716815,0.7920105599762028,171237.46902654867,104374.14552605704,2.0,2.0,0.4218289085545723,0.5781710914454278,0.0,84736.06489675517,8.578171091445428,7.83834808259587,0.5180394826412525,1.0040752632968155,7.170513099678674,0.0
234,46,1,1017.0,0.5781710914454278,119000.0,13.0,265486.7256637168,58997.05014749263,95414.66666666667,1.1799410029498525,94249.25663716815,0.7920105599762028,171237.46902654867,104374.14552605704,2.0,2.0,0.4218289085545723,0.5781710914454278,0.0,84736.06489675517,8.578171091445428,7.83834808259587,0.5180394826412525,1.0040752632968155,7.170513099678674,0.0
234,66,1,1017.0,0.5781710914454278,119000.0,13.0,265486.7256637168,58997.05014749263,95414.66666666667,1.1799410029498525,93156.10324483775,0.7828243970154434,172330.62241887907,153648.2232055064,2.0,1.0,0.0,0.4218289085545723,0.5781710914454278,81745.10324483775,9.0,8.45,0.6153846153846154,1.1799410029498525,7.443846153846155,0.0
234,2,0,1017.0,0.5781710914454278,119000.0,13.0,265486.7256637168,58997.05014749263,95414.66666666667,1.1799410029498525,96645.197640118,0.8121445179841849,168841.52802359883,107294.05703048181,2.0,1.0,0.5781710914454278,0.0,0.4218289085545723,89733.197640118,8.0,7.0,0.38461538461538464,0.7630285152409046,6.795874787672896,0.0
234,67,0,1017.0,0.5781710914454278,119000.0,13.0,265486.7256637168,58997.05014749263,95414.66666666667,1.1799410029498525,96158.40707964601,0.8080538410054288,169328.3185840708,139776.60570304818,2.0,1.0,0.0,0.5781710914454278,0.4218289085545723,89246.40707964601,8.0,7.0,0.38461538461538464,0.7630285152409046,6.795874787672896,0.0
234,22,0,1017.0,0.5781710914454278,119000.0,13.0,265486.7256637168,58997.05014749263,95414.66666666667,1.1799410029498525,95946.69026548673,0.8062747081133338,169540.0353982301,150857.63618485743,2.0,1.0,0.0,0.4218289085545723,0.5781710914454278,89034.69026548673,8.0,7.0,0.38461538461538464,0.7630285152409046,6.795874787672896,0.0
234,33,0,1017.0,0.5781710914454278,119000.0,13.0,265486.7256637168,58997.05014749263,95414.66666666667,1.1799410029498525,96645.197640118,0.8121445179841849,168841.52802359883,150159.12881022616,2.0,1.0,0.0,0.4218289085545723,0.5781710914454278,89733.197640118,8.0,7.0,0.38461538461538464,0.7630285152409046,6.795874787672896,0.0
234,53,0,1017.0,0.5781710914454278,119000.0,13.0,265486.7256637168,58997.05014749263,95414.66666666667,1.1799410029498525,96645.197640118,0.8121445179841849,168841.52802359883,139776.60570304818,2.0,1.0,0.0,0.5781710914454278,0.4218289085545723,89733.197640118,8.0,7.0,0.38461538461538464,0.7630285152409046,6.795874787672896,0.0
234,5,0,1017.0,0.5781710914454278,119000.0,13.0,265486.7256637168,58997.05014749263,95414.66666666667,1.1799410029498525,95946.69026548673,0.8062747081133338,169540.0353982301,102676.71189773845,2.0,1.0,0.4218289085545723,0.5781710914454278,0.0,89034.69026548673,8.0,7.0,0.38461538461538464,0.7630285152409046,6.795874787672896,0.0
234,61,0,1017.0,0.5781710914454278,119000.0,13.0,265486.7256637168,58997.05014749263,95414.66666666667,1.1799410029498525,96158.40707964601,0.8080538410054288,169328.3185840708,102464.99508357915,2.0,1.0,1.0,0.0,0.0,89246.40707964601,8.0,7.0,0.38461538461538464,0.7630285152409046,6.795874787672896,0.0
234,50,0,1017.0,0.5781710914454278,119000.0,13.0,265486.7256637168,58997.05014749263,95414.66666666667,1.1799410029498525,95461.58702064896,0.8021982102575543,170025.13864306785,107984.9714847591,2.0,1.0,0.5781710914454278,0.0,0.4218289085545723,88549.58702064896,8.0,7.0,0.38461538461538464,0.7630285152409046,6.795874787672896,0.0
234,41,0,1017.0,0.5781710914454278,119000.0,13.0,265486.7256637168,58997.05014749263,95414.66666666667,1.1799410029498525,95946.69026548673,0.8062747081133338,169540.0353982301,128298.65290068829,2.0,1.0,0.4218289085545723,0.0,0.5781710914454278,89034.69026548673,8.0,7.0,0.38461538461538464,0.7630285152409046,6.795874787672896,0.0
235,56,1,1073.0,0.6272134203168686,115000.0,7.0,270270.2702702703,55917.98695246971,105336.0,1.0615097856477167,97990.67660764212,0.8520928400664532,172279.59366262815,121021.43895619758,2.0,1.0,0.0,1.0,0.0,91254.67660764212,8.0,7.0,0.7142857142857143,0.8173345759552656,6.356060425835614,0.0
235,71,1,1073.0,0.6272134203168686,115000.0,7.0,270270.2702702703,55917.98695246971,105336.0,1.0615097856477167,97207.73066169617,0.845284614449532,173062.5396085741,96653.21994408201,2.0,1.0,0.6272134203168686,0.3727865796831314,0.0,90471.73066169617,8.0,7.0,0.7142857142857143,0.8173345759552656,6.356060425835614,0.0
235,48,1,1073.0,0.6272134203168686,115000.0,7.0,270270.2702702703,55917.98695246971,105336.0,1.0615097856477167,98024.60018639329,0.8523878277077678,172245.670083877,120987.51537744641,2.0,1.0,0.0,1.0,0.0,91288.60018639329,8.0,7.0,0.7142857142857143,0.8173345759552656,6.356060425835614,0.0
235,59,0,1073.0,0.6272134203168686,115000.0,7.0,270270.2702702703,55917.98695246971,105336.0,1.0615097856477167,100295.52190121156,0.8721349730540136,169974.7483690587,118716.59366262815,2.0,2.0,0.0,1.0,0.0,91802.20596458527,8.372786579683131,7.54054054054054,0.8740513912927705,0.9083598172199259,6.331433985635944,0.0
235,13,0,1073.0,0.6272134203168686,115000.0,7.0,270270.2702702703,55917.98695246971,105336.0,1.0615097856477167,101071.38490214352,0.8788816078447262,169198.88536812674,95877.35694315005,2.0,2.0,0.6272134203168686,0.3727865796831314,0.0,92578.06896551725,8.372786579683131,7.54054054054054,0.8740513912927705,0.9083598172199259,6.331433985635944,0.0
235,27,0,1073.0,0.6272134203168686,115000.0,7.0,270270.2702702703,55917.98695246971,105336.0,1.0615097856477167,100367.82479030755,0.8727636938287613,169902.4454799627,91617.26374650512,2.0,2.0,0.3727865796831314,0.6272134203168686,0.0,92578.06896551725,8.372786579683131,7.54054054054054,0.8740513912927705,0.9083598172199259,6.331433985635944,0.0
235,53,0,1073.0,0.6272134203168686,115000.0,7.0,270270.2702702703,55917.98695246971,105336.0,1.0615097856477167,100295.52190121156,0.8721349730540136,169974.7483690587,118716.59366262815,2.0,2.0,0.0,1.0,0.0,91802.20596458527,8.372786579683131,7.54054054054054,0.8740513912927705,0.9083598172199259,6.331433985635944,0.0
235,65,0,1073.0,0.6272134203168686,115000.0,7.0,270270.2702702703,55917.98695246971,105336.0,1.0615097856477167,100367.82479030755,0.8727636938287613,169902.4454799627,91617.26374650512,2.0,2.0,1.0,0.0,0.0,92578.06896551725,8.372786579683131,7.54054054054054,0.8740513912927705,0.9083598172199259,6.331433985635944,0.0
235,33,0,1073.0,0.6272134203168686,115000.0,7.0,270270.2702702703,55917.98695246971,105336.0,1.0615097856477167,99995.42870456664,0.8695254669962316,170274.84156570362,96653.21994408201,2.0,2.0,0.6272134203168686,0.3727865796831314,0.0,91502.11276794036,8.372786579683131,7.54054054054054,0.8740513912927705,0.9083598172199259,6.331433985635944,0.0
235,64,0,1073.0,0.6272134203168686,115000.0,7.0,270270.2702702703,55917.98695246971,105336.0,1.0615097856477167,100295.52190121156,0.8721349730540136,169974.7483690587,96653.21994408201,2.0,2.0,0.6272134203168686,0.3727865796831314,0.0,91802.20596458527,8.372786579683131,7.54054054054054,0.8740513912927705,0.9083598172199259,6.331433985635944,0.0
235,29,0,1073.0,0.6272134203168686,115000.0,7.0,270270.2702702703,55917.98695246971,105336.0,1.0615097856477167,99995.42870456664,0.8695254669962316,170274.84156570362,119016.68685927306,2.0,2.0,0.0,1.0,0.0,91502.11276794036,8.372786579683131,7.54054054054054,0.8740513912927705,0.9083598172199259,6.331433985635944,0.0
235,22,0,1073.0,0.6272134203168686,115000.0,7.0,270270.2702702703,55917.98695246971,105336.0,1.0615097856477167,100771.2917054986,0.8762721017869444,169498.97856477168,118240.8238583411,2.0,2.0,0.0,1.0,0.0,92277.97576887232,8.372786579683131,7.54054054054054,0.8740513912927705,0.9083598172199259,6.331433985635944,0.0
237,64,1,1395.0,0.7111111111111111,122000.0,7.0,147670.25089605735,43010.75268817204,97941.33333333333,0.9433691756272401,96836.8,0.793744262295082,50833.45089605735,48322.91326164875,2.0,2.0,0.0,0.28888888888888886,0.7111111111111111,86463.91111111111,8.71111111111111,8.03111111111111,0.9174603174603175,0.8203584229390681,6.331381545758312,0.0
237,68,1,1395.0,0.7111111111111111,122000.0,7.0,147670.25089605735,43010.75268817204,97941.33333333333,0.9433691756272401,96021.51111111112,0.7870615664845173,51648.739784946236,1469.5283154121864,2.0,2.0,0.28888888888888886,0.7111111111111111,0.0,85648.62222222223,8.71111111111111,8.03111111111111,0.9174603174603175,0.8203584229390681,6.331381545758312,0.0
237,15,1,1395.0,0.7111111111111111,122000.0,7.0,147670.25089605735,43010.75268817204,97941.33333333333,0.9433691756272401,96312.71111111112,0.789448451730419,51357.53978494624,48322.91326164875,2.0,2.0,0.0,0.28888888888888886,0.7111111111111111,85939.82222222222,8.71111111111111,8.03111111111111,0.9174603174603175,0.8203584229390681,6.331381545758312,0.0
237,31,0,1395.0,0.7111111111111111,122000.0,7.0,147670.25089605735,43010.75268817204,97941.33333333333,0.9433691756272401,95587.37777777777,0.7835030965391621,52082.87311827957,-12898.775627240144,2.0,2.0,1.0,0.0,0.0,86463.91111111111,8.71111111111111,8.03111111111111,0.9174603174603175,0.8203584229390681,6.331381545758312,0.0
237,70,0,1395.0,0.7111111111111111,122000.0,7.0,147670.25089605735,43010.75268817204,97941.33333333333,0.9433691756272401,94782.570609319,0.7769063164698279,52887.68028673835,-12385.168458781362,2.0,2.0,0.7111111111111111,0.28888888888888886,0.0,85648.62222222223,8.71111111111111,8.03111111111111,0.9174603174603175,0.8203584229390681,6.331381545758312,0.0
237,11,0,1395.0,0.7111111111111111,122000.0,7.0,147670.25089605735,43010.75268817204,97941.33333333333,0.9433691756272401,94782.570609319,0.7769063164698279,52887.68028673835,-12385.168458781362,2.0,2.0,0.7111111111111111,0.0,0.28888888888888886,85648.62222222223,8.71111111111111,8.03111111111111,0.9174603174603175,0.8203584229390681,6.331381545758312,0.0
237,51,0,1395.0,0.7111111111111111,122000.0,7.0,147670.25089605735,43010.75268817204,97941.33333333333,0.9433691756272401,94782.570609319,0.7769063164698279,52887.68028673835,-12385.168458781362,2.0,2.0,0.7111111111111111,0.0,0.28888888888888886,85648.62222222223,8.71111111111111,8.03111111111111,0.9174603174603175,0.8203584229390681,6.331381545758312,0.0
237,29,0,1395.0,0.7111111111111111,122000.0,7.0,147670.25089605735,43010.75268817204,97941.33333333333,0.9433691756272401,95073.77060931899,0.7792932017157295,52596.48028673835,-12385.168458781362,2.0,2.0,1.0,0.0,0.0,85939.82222222222,8.71111111111111,8.03111111111111,0.9174603174603175,0.8203584229390681,6.331381545758312,0.0
237,21,0,1395.0,0.7111111111111111,122000.0,7.0,147670.25089605735,43010.75268817204,97941.33333333333,0.9433691756272401,95587.37777777777,0.7835030965391621,52082.87311827957,-12898.775627240144,2.0,2.0,1.0,0.0,0.0,86463.91111111111,8.71111111111111,8.03111111111111,0.9174603174603175,0.8203584229390681,6.331381545758312,0.0
237,5,0,1395.0,0.7111111111111111,122000.0,7.0,147670.25089605735,43010.75268817204,97941.33333333333,0.9433691756272401,98090.88888888889,0.804023679417122,49579.362007168456,-12898.775627240144,2.0,1.0,0.7111111111111111,0.0,0.28888888888888886,87657.3111111111,9.0,8.45,1.0,0.9433691756272401,6.289999999999999,0.0
237,4,0,1395.0,0.7111111111111111,122000.0,7.0,147670.25089605735,43010.75268817204,97941.33333333333,0.9433691756272401,95296.17777777778,0.7811162112932605,52374.07311827957,-12898.775627240144,2.0,2.0,0.7111111111111111,0.0,0.28888888888888886,86172.71111111112,8.71111111111111,8.03111111111111,0.9174603174603175,0.8203584229390681,6.331381545758312,0.0
237,23,0,1395.0,0.7111111111111111,122000.0,7.0,147670.25089605735,43010.75268817204,97941.33333333333,0.9433691756272401,97587.16487455198,0.7998947940537047,50083.086021505376,-12898.775627240144,2.0,1.0,1.0,0.0,0.0,87657.3111111111,9.0,8.45,1.0,0.9433691756272401,6.289999999999999,0.0
239,49,1,1281.0,0.7814207650273224,118000.0,14.0,160031.22560499609,46838.4074941452,102341.66666666667,0.9695550351288056,98139.69945355192,0.8316923682504399,61891.52615144418,19736.959406713504,2.0,2.0,0.2185792349726776,0.7814207650273224,0.0,86900.85245901639,8.781420765027322,8.133060109289616,0.41295862607338013,0.899937292842426,7.818803933531345,0.0
239,14,1,1281.0,0.7814207650273224,118000.0,14.0,160031.22560499609,46838.4074941452,102341.66666666667,0.9695550351288056,98947.77049180328,0.838540427896638,61083.45511319282,38895.66432474629,2.0,2.0,0.0,1.0,0.0,87708.92349726777,8.781420765027322,8.133060109289616,0.41295862607338013,0.899937292842426,7.818803933531345,0.0
239,50,1,1281.0,0.7814207650273224,118000.0,14.0,160031.22560499609,46838.4074941452,102341.66666666667,0.9695550351288056,98955.6393442623,0.8386071130869686,61075.5862607338,37691.51131928181,2.0,1.0,0.0,1.0,0.0,86512.6393442623,9.0,8.45,0.42857142857142855,0.9695550351288056,8.004285714285714,0.0
239,70,0,1281.0,0.7814207650273224,118000.0,14.0,160031.22560499609,46838.4074941452,102341.66666666667,0.9695550351288056,97362.3263075722,0.8251044602336628,62668.899297423886,-1169.0710382513662,2.0,2.0,1.0,0.0,0.0,87478.32240437159,8.781420765027322,8.133060109289616,0.41295862607338013,0.899937292842426,7.818803933531345,0.0
239,1,0,1281.0,0.7814207650273224,118000.0,14.0,160031.22560499609,46838.4074941452,102341.66666666667,0.9695550351288056,96796.40593286495,0.8203085248547877,63234.81967213115,-603.1506635441061,2.0,2.0,0.7814207650273224,0.2185792349726776,0.0,86900.85245901639,8.781420765027322,8.133060109289616,0.41295862607338013,0.899937292842426,7.818803933531345,0.0
239,52,0,1281.0,0.7814207650273224,118000.0,14.0,160031.22560499609,46838.4074941452,102341.66666666667,0.9695550351288056,97761.23341139735,0.828485028910147,62269.99219359875,-1169.0710382513662,2.0,1.0,0.7814207650273224,0.2185792349726776,0.0,86673.07650273223,9.0,8.45,0.42857142857142855,0.9695550351288056,8.004285714285714,0.0
239,45,0,1281.0,0.7814207650273224,118000.0,14.0,160031.22560499609,46838.4074941452,102341.66666666667,0.9695550351288056,97027.00702576112,0.8222627714047553,63004.21857923497,-603.1506635441061,2.0,2.0,0.7814207650273224,0.2185792349726776,0.0,87131.45355191256,8.781420765027322,8.133060109289616,0.41295862607338013,0.899937292842426,7.818803933531345,0.0
239,55,0,1281.0,0.7814207650273224,118000.0,14.0,160031.22560499609,46838.4074941452,102341.66666666667,0.9695550351288056,96796.40593286495,0.8203085248547877,63234.81967213115,-603.1506635441061,2.0,2.0,1.0,0.0,0.0,86900.85245901639,8.781420765027322,8.133060109289616,0.41295862607338013,0.899937292842426,7.818803933531345,0.0
239,30,0,1281.0,0.7814207650273224,118000.0,14.0,160031.22560499609,46838.4074941452,102341.66666666667,0.9695550351288056,97592.92740046838,0.8270587067836304,62438.29820452771,-1169.0710382513662,2.0,2.0,1.0,0.0,0.0,87708.92349726777,8.781420765027322,8.133060109289616,0.41295862607338013,0.899937292842426,7.818803933531345,0.0
239,3,0,1281.0,0.7814207650273224,118000.0,14.0,160031.22560499609,46838.4074941452,102341.66666666667,0.9695550351288056,97032.69008587042,0.8223109329311052,62998.53551912568,-603.1506635441061,2.0,1.0,0.7814207650273224,0.2185792349726776,0.0,85932.98360655738,9.0,8.45,0.42857142857142855,0.9695550351288056,8.004285714285714,0.0
239,40,0,1281.0,0.7814207650273224,118000.0,14.0,160031.22560499609,46838.4074941452,102341.66666666667,0.9695550351288056,97761.23341139735,0.828485028910147,62269.99219359875,-1169.0710382513662,2.0,1.0,0.7814207650273224,0.2185792349726776,0.0,86673.07650273223,9.0,8.45,0.42857142857142855,0.9695550351288056,8.004285714285714,0.0
239,13,0,1281.0,0.7814207650273224,118000.0,14.0,160031.22560499609,46838.4074941452,102341.66666666667,0.9695550351288056,97362.3263075722,0.8251044602336628,62668.899297423886,-1169.0710382513662,2.0,2.0,1.0,0.0,0.0,87478.32240437159,8.781420765027322,8.133060109289616,0.41295862607338013,0.899937292842426,7.818803933531345,0.0
241,43,1,1383.0,0.5357917570498916,100000.0,14.0,240057.845263919,43383.94793926247,99943.0,0.8684020245842372,95573.2082429501,0.9557320824295011,144484.63702096892,98931.4916847433,2.0,1.0,0.0,1.0,0.0,82944.2082429501,9.0,8.45,0.5,0.8684020245842372,7.79,0.0
241,37,1,1383.0,0.5357917570498916,100000.0,14.0,240057.845263919,43383.94793926247,99943.0,0.8684020245842372,95330.30585683297,0.9533030585683298,144727.53940708603,86860.3608098337,2.0,1.0,0.5357917570498916,0.4642082429501085,0.0,83594.27765726681,9.0,8.45,0.5,0.8684020245842372,7.79,0.0
241,68,1,1383.0,0.5357917570498916,100000.0,14.0,240057.845263919,43383.94793926247,99943.0,0.8684020245842372,95901.40347071583,0.9590140347071584,144156.44179320318,98603.29645697758,2.0,1.0,0.0,1.0,0.0,83272.40347071583,9.0,8.45,0.5,0.8684020245842372,7.79,0.0
241,27,0,1383.0,0.5357917570498916,100000.0,14.0,240057.845263919,43383.94793926247,99943.0,0.8684020245842372,101910.3535791757,1.019103535791757,138147.49168474332,101387.2140274765,2.0,1.0,0.0,0.5357917570498916,0.4642082429501085,94424.3535791757,8.0,7.0,0.35714285714285715,0.5488069414316703,6.860486156042926,0.0
241,23,0,1383.0,0.5357917570498916,100000.0,14.0,240057.845263919,43383.94793926247,99943.0,0.8684020245842372,99743.4295010846,0.997434295010846,140314.41576283443,94761.27042660883,2.0,2.0,0.0,1.0,0.0,89870.00650759219,8.464208242950109,7.673101952277657,0.4234583204214441,0.6971656134374171,7.29197414434404,0.0
241,15,0,1383.0,0.5357917570498916,100000.0,14.0,240057.845263919,43383.94793926247,99943.0,0.8684020245842372,98600.31019522776,0.9860031019522777,141457.53506869124,61197.23138105567,2.0,2.0,0.4642082429501085,0.5357917570498916,0.0,88358.73318872017,8.535791757049891,7.7768980477223435,0.43368453672141305,0.7200433525784903,7.358512011698885,0.0
241,56,0,1383.0,0.5357917570498916,100000.0,14.0,240057.845263919,43383.94793926247,99943.0,0.8684020245842372,101213.96963123644,1.0121396963123643,138843.87563268258,102075.70643528561,2.0,1.0,0.0,0.5357917570498916,0.4642082429501085,93727.96963123644,8.0,7.0,0.35714285714285715,0.5488069414316703,6.860486156042926,0.0
241,41,0,1383.0,0.5357917570498916,100000.0,14.0,240057.845263919,43383.94793926247,99943.0,0.8684020245842372,101809.08459869848,1.0180908459869848,138248.76066522053,102075.70643528561,2.0,1.0,0.0,0.5357917570498916,0.4642082429501085,94323.08459869848,8.0,7.0,0.35714285714285715,0.5488069414316703,6.860486156042926,0.0
241,40,0,1383.0,0.5357917570498916,100000.0,14.0,240057.845263919,43383.94793926247,99943.0,0.8684020245842372,101764.98481561823,1.0176498481561822,138292.8604483008,92739.7151120752,2.0,1.0,0.0,1.0,0.0,94278.98481561823,8.0,7.0,0.35714285714285715,0.5488069414316703,6.860486156042926,0.0
241,14,0,1383.0,0.5357917570498916,100000.0,14.0,240057.845263919,43383.94793926247,99943.0,0.8684020245842372,98724.88503253796,0.9872488503253796,141332.96023138106,95779.81489515546,2.0,2.0,0.0,1.0,0.0,88851.46203904555,8.464208242950109,7.673101952277657,0.4234583204214441,0.6971656134374171,7.29197414434404,0.0
241,38,0,1383.0,0.5357917570498916,100000.0,14.0,240057.845263919,43383.94793926247,99943.0,0.8684020245842372,99743.4295010846,0.997434295010846,140314.41576283443,94761.27042660883,2.0,2.0,0.0,1.0,0.0,89870.00650759219,8.464208242950109,7.673101952277657,0.4234583204214441,0.6971656134374171,7.29197414434404,0.0
241,22,0,1383.0,0.5357917570498916,100000.0,14.0,240057.845263919,43383.94793926247,99943.0,0.8684020245842372,102505.93275488069,1.025059327548807,137551.91250903832,57291.60882140275,2.0,1.0,0.4642082429501085,0.5357917570498916,0.0,95019.93275488069,8.0,7.0,0.35714285714285715,0.5488069414316703,6.860486156042926,0.0
242,24,1,609.0,0.535303776683087,103000.0,8.0,523809.5238095238,98522.16748768472,101211.0,1.8374384236453203,99306.33004926109,0.9641391266918552,424503.19376026274,265225.6896551724,2.0,1.0,1.0,0.0,0.0,92297.33004926109,8.0,7.0,0.625,1.187192118226601,6.155619266055046,0.0
242,22,1,609.0,0.535303776683087,103000.0,8.0,523809.5238095238,98522.16748768472,101211.0,1.8374384236453203,102133.54187192119,0.9915877851642834,421675.9819376026,305515.3169129721,2.0,2.0,0.0,0.535303776683087,0.46469622331691296,92540.36617405583,8.464696223316913,7.673809523809524,0.6830870279146142,1.4893591205804557,6.566587653093506,0.0
242,65,1,609.0,0.535303776683087,103000.0,8.0,523809.5238095238,98522.16748768472,101211.0,1.8374384236453203,101271.2052545156,0.983215584995297,422538.3185550082,263260.8144499179,2.0,2.0,1.0,0.0,0.0,92540.36617405583,8.464696223316913,7.673809523809524,0.6830870279146142,1.4893591205804557,6.566587653093506,0.0
242,35,0,609.0,0.535303776683087,103000.0,8.0,523809.5238095238,98522.16748768472,101211.0,1.8374384236453203,103155.36945812807,1.0015084413410493,420654.15435139573,304863.85221674875,2.0,2.0,0.0,0.535303776683087,0.46469622331691296,93562.19376026273,8.464696223316913,7.673809523809524,0.6830870279146142,1.4893591205804557,6.566587653093506,0.0
242,9,0,609.0,0.535303776683087,103000.0,8.0,523809.5238095238,98522.16748768472,101211.0,1.8374384236453203,102979.20197044335,0.9997980773829451,420830.3218390805,261552.81773399014,2.0,2.0,0.46469622331691296,0.535303776683087,0.0,92993.3776683087,8.535303776683087,7.776190476190476,0.6919129720853858,1.5352714212914655,6.629031612961539,0.0
242,17,0,609.0,0.535303776683087,103000.0,8.0,523809.5238095238,98522.16748768472,101211.0,1.8374384236453203,103538.2315270936,1.0052255488067339,420271.2922824302,329489.4285714286,2.0,2.0,0.0,0.0,1.0,93552.40722495895,8.535303776683087,7.776190476190476,0.6919129720853858,1.5352714212914655,6.629031612961539,0.0
242,56,0,609.0,0.535303776683087,103000.0,8.0,523809.5238095238,98522.16748768472,101211.0,1.8374384236453203,103155.36945812807,1.0015084413410493,420654.15435139573,289358.61412151065,2.0,2.0,0.535303776683087,0.46469622331691296,0.0,93562.19376026273,8.464696223316913,7.673809523809524,0.6830870279146142,1.4893591205804557,6.566587653093506,0.0
242,3,0,609.0,0.535303776683087,103000.0,8.0,523809.5238095238,98522.16748768472,101211.0,1.8374384236453203,102785.0065681445,0.9979126851276165,421024.5172413793,289358.61412151065,2.0,2.0,0.535303776683087,0.46469622331691296,0.0,93191.83087027914,8.464696223316913,7.673809523809524,0.6830870279146142,1.4893591205804557,6.566587653093506,0.0
242,11,0,609.0,0.535303776683087,103000.0,8.0,523809.5238095238,98522.16748768472,101211.0,1.8374384236453203,103111.0591133005,1.0010782438184513,420698.4646962233,329703.0147783251,2.0,2.0,0.0,0.46469622331691296,0.535303776683087,93125.23481116585,8.535303776683087,7.776190476190476,0.6919129720853858,1.5352714212914655,6.629031612961539,0.0
242,31,0,609.0,0.535303776683087,103000.0,8.0,523809.5238095238,98522.16748768472,101211.0,1.8374384236453203,103155.36945812807,1.0015084413410493,420654.15435139573,304863.85221674875,2.0,2.0,0.0,0.535303776683087,0.46469622331691296,93562.19376026273,8.464696223316913,7.673809523809524,0.6830870279146142,1.4893591205804557,6.566587653093506,0.0
242,30,0,609.0,0.535303776683087,103000.0,8.0,523809.5238095238,98522.16748768472,101211.0,1.8374384236453203,102785.0065681445,0.9979126851276165,421024.5172413793,289358.61412151065,2.0,2.0,0.535303776683087,0.46469622331691296,0.0,93191.83087027914,8.464696223316913,7.673809523809524,0.6830870279146142,1.4893591205804557,6.566587653093506,0.0
242,49,0,609.0,0.535303776683087,103000.0,8.0,523809.5238095238,98522.16748768472,101211.0,1.8374384236453203,105300.99178981938,1.0223397261147513,418508.5320197044,259231.02791461413,2.0,1.0,0.46469622331691296,0.535303776683087,0.0,93600.7356321839,9.0,8.45,0.75,1.8374384236453203,7.039999999999998,0.0
243,7,1,1120.0,0.6178571428571429,108000.0,11.0,178571.42857142858,53571.42857142857,99230.66666666667,1.05,93345.33035714286,0.8643086144179895,85226.09821428571,34333.24107142857,2.0,2.0,1.0,0.0,0.0,84722.1107142857,8.617857142857142,7.895892857142857,0.5107142857142857,0.9292155612244898,7.311314105052073,0.0
243,71,1,1120.0,0.6178571428571429,108000.0,11.0,178571.42857142858,53571.42857142857,99230.66666666667,1.05,93930.50357142858,0.8697268849206349,84640.925,67676.6392857143,2.0,2.0,0.0,1.0,0.0,84304.81071428572,8.617857142857142,7.895892857142857,0.5107142857142857,0.9292155612244898,7.311314105052073,0.0
243,49,1,1120.0,0.6178571428571429,108000.0,11.0,178571.42857142858,53571.42857142857,99230.66666666667,1.05,94524.71607142857,0.8752288525132275,84046.7125,33153.85535714286,2.0,2.0,1.0,0.0,0.0,86563.225,8.382142857142858,7.554107142857143,0.48928571428571427,0.8547130102040816,7.100162057701016,0.0
243,61,0,1120.0,0.6178571428571429,108000.0,11.0,178571.42857142858,53571.42857142857,99230.66666666667,1.05,97650.25,0.9041689814814815,80921.17857142857,30028.321428571428,2.0,1.0,0.3821428571428571,0.6178571428571429,0.0,90754.25,8.0,7.0,0.45454545454545453,0.7339285714285714,6.757839799116725,0.0
243,55,0,1120.0,0.6178571428571429,108000.0,11.0,178571.42857142858,53571.42857142857,99230.66666666667,1.05,95147.53214285715,0.880995667989418,83423.89642857143,63671.860714285714,2.0,2.0,0.0,1.0,0.0,86563.225,8.382142857142858,7.554107142857143,0.48928571428571427,0.8547130102040816,7.100162057701016,0.0
243,68,0,1120.0,0.6178571428571429,108000.0,11.0,178571.42857142858,53571.42857142857,99230.66666666667,1.05,97650.25,0.9041689814814815,80921.17857142857,63956.892857142855,2.0,1.0,0.0,1.0,0.0,90754.25,8.0,7.0,0.45454545454545453,0.7339285714285714,6.757839799116725,0.0
243,21,0,1120.0,0.6178571428571429,108000.0,11.0,178571.42857142858,53571.42857142857,99230.66666666667,1.05,96495.35,0.893475462962963,82076.07857142857,31183.22142857143,2.0,1.0,0.3821428571428571,0.6178571428571429,0.0,89599.35,8.0,7.0,0.45454545454545453,0.7339285714285714,6.757839799116725,0.0
243,13,0,1120.0,0.6178571428571429,108000.0,11.0,178571.42857142858,53571.42857142857,99230.66666666667,1.05,97685.025,0.9044909722222222,80886.40357142857,29993.54642857143,2.0,1.0,0.3821428571428571,0.6178571428571429,0.0,90789.025,8.0,7.0,0.45454545454545453,0.7339285714285714,6.757839799116725,0.0
243,18,0,1120.0,0.6178571428571429,108000.0,11.0,178571.42857142858,53571.42857142857,99230.66666666667,1.05,96909.975,0.8973145833333334,81661.45357142857,30768.59642857143,2.0,1.0,0.3821428571428571,0.6178571428571429,0.0,90013.975,8.0,7.0,0.45454545454545453,0.7339285714285714,6.757839799116725,0.0
243,20,0,1120.0,0.6178571428571429,108000.0,11.0,178571.42857142858,53571.42857142857,99230.66666666667,1.05,96148.04642857143,0.8902596891534391,82423.38214285714,52083.45714285714,2.0,2.0,0.6178571428571429,0.3821428571428571,0.0,87563.73928571428,8.382142857142858,7.554107142857143,0.48928571428571427,0.8547130102040816,7.100162057701016,0.0
243,53,0,1120.0,0.6178571428571429,108000.0,11.0,178571.42857142858,53571.42857142857,99230.66666666667,1.05,97232.95,0.9003050925925926,81338.47857142857,52083.45714285714,2.0,1.0,0.6178571428571429,0.3821428571428571,0.0,90336.95,8.0,7.0,0.45454545454545453,0.7339285714285714,6.757839799116725,0.0
243,57,0,1120.0,0.6178571428571429,108000.0,11.0,178571.42857142858,53571.42857142857,99230.66666666667,1.05,97650.25,0.9041689814814815,80921.17857142857,52083.45714285714,2.0,1.0,0.6178571428571429,0.3821428571428571,0.0,90754.25,8.0,7.0,0.45454545454545453,0.7339285714285714,6.757839799116725,0.0
245,40,1,1270.0,0.6866141732283465,119000.0,9.0,186614.17322834645,47244.09448818897,97670.66666666667,0.9551181102362205,100179.24251968504,0.8418423741150003,86434.93070866141,54151.466141732286,2.0,2.0,0.0,1.0,0.0,90251.05039370079,8.686614173228346,7.9955905511811025,0.7844269466316711,0.8435823671647343,6.502981885432054,0.0
245,39,1,1270.0,0.6866141732283465,119000.0,9.0,186614.17322834645,47244.09448818897,97670.66666666667,0.9551181102362205,100179.24251968504,0.8418423741150003,86434.93070866141,35253.82834645669,2.0,2.0,0.31338582677165355,0.6866141732283465,0.0,90251.05039370079,8.686614173228346,7.9955905511811025,0.7844269466316711,0.8435823671647343,6.502981885432054,0.0
245,11,1,1270.0,0.6866141732283465,119000.0,9.0,186614.17322834645,47244.09448818897,97670.66666666667,0.9551181102362205,100179.24251968504,0.8418423741150003,86434.93070866141,54151.466141732286,2.0,2.0,0.0,1.0,0.0,90251.05039370079,8.686614173228346,7.9955905511811025,0.7844269466316711,0.8435823671647343,6.502981885432054,0.0
245,37,0,1270.0,0.6866141732283465,119000.0,9.0,186614.17322834645,47244.09448818897,97670.66666666667,0.9551181102362205,103870.17952755906,0.8728586514920929,82743.9937007874,7675.206299212598,2.0,1.0,0.6866141732283465,0.31338582677165355,0.0,93752.62992125984,9.0,8.45,0.8888888888888888,0.9551181102362205,6.3065600089817,0.0
245,1,0,1270.0,0.6866141732283465,119000.0,9.0,186614.17322834645,47244.09448818897,97670.66666666667,0.9551181102362205,104594.76141732284,0.878947574935486,82019.41181102362,30838.309448818898,2.0,1.0,0.31338582677165355,0.6866141732283465,0.0,93771.74645669291,9.0,8.45,0.8888888888888888,0.9551181102362205,6.3065600089817,0.0
245,69,0,1270.0,0.6866141732283465,119000.0,9.0,186614.17322834645,47244.09448818897,97670.66666666667,0.9551181102362205,104594.76141732284,0.878947574935486,82019.41181102362,30838.309448818898,2.0,1.0,0.31338582677165355,0.6866141732283465,0.0,93771.74645669291,9.0,8.45,0.8888888888888888,0.9551181102362205,6.3065600089817,0.0
245,17,0,1270.0,0.6866141732283465,119000.0,9.0,186614.17322834645,47244.09448818897,97670.66666666667,0.9551181102362205,105179.74645669291,0.8838634156024615,81434.42677165354,59502.56377952756,2.0,1.0,0.0,0.6866141732283465,0.31338582677165355,93771.74645669291,9.0,8.45,0.8888888888888888,0.9551181102362205,6.3065600089817,0.0
245,64,0,1270.0,0.6866141732283465,119000.0,9.0,186614.17322834645,47244.09448818897,97670.66666666667,0.9551181102362205,105430.45511811024,0.8859702110765566,81183.71811023622,59502.56377952756,2.0,1.0,0.0,0.6866141732283465,0.31338582677165355,94022.45511811024,9.0,8.45,0.8888888888888888,0.9551181102362205,6.3065600089817,0.0
245,47,0,1270.0,0.6866141732283465,119000.0,9.0,186614.17322834645,47244.09448818897,97670.66666666667,0.9551181102362205,103870.17952755906,0.8728586514920929,82743.9937007874,7675.206299212598,2.0,1.0,0.6866141732283465,0.31338582677165355,0.0,93752.62992125984,9.0,8.45,0.8888888888888888,0.9551181102362205,6.3065600089817,0.0
245,27,0,1270.0,0.6866141732283465,119000.0,9.0,186614.17322834645,47244.09448818897,97670.66666666667,0.9551181102362205,104878.77637795276,0.8813342552769139,81735.3968503937,60050.48188976378,2.0,1.0,0.0,0.6866141732283465,0.31338582677165355,93470.77637795276,9.0,8.45,0.8888888888888888,0.9551181102362205,6.3065600089817,0.0
245,44,0,1270.0,0.6866141732283465,119000.0,9.0,186614.17322834645,47244.09448818897,97670.66666666667,0.9551181102362205,103580.79448818897,0.8704268444385628,83033.37874015748,8212.166141732283,2.0,1.0,0.6866141732283465,0.31338582677165355,0.0,93452.28661417322,9.0,8.45,0.8888888888888888,0.9551181102362205,6.3065600089817,0.0
245,67,0,1270.0,0.6866141732283465,119000.0,9.0,186614.17322834645,47244.09448818897,97670.66666666667,0.9551181102362205,103285.57716535433,0.8679460265996162,83328.59606299213,7675.206299212598,2.0,1.0,1.0,0.0,0.0,93752.62992125984,9.0,8.45,0.8888888888888888,0.9551181102362205,6.3065600089817,0.0
246,25,1,728.0,0.5989010989010989,108000.0,8.0,337912.0879120879,82417.58241758242,94231.0,1.5686813186813187,91126.62087912088,0.8437650081400081,246785.46703296702,115462.92857142857,2.0,2.0,1.0,0.0,0.0,82497.05494505494,8.598901098901099,7.868406593406593,0.6998626373626373,1.349950187175462,6.666238488173809,0.0
246,1,1,728.0,0.5989010989010989,108000.0,8.0,337912.0879120879,82417.58241758242,94231.0,1.5686813186813187,90187.24725274726,0.8350671041921042,247724.84065934067,115462.92857142857,2.0,1.0,0.5989010989010989,0.4010989010989011,0.0,79642.43406593407,9.0,8.45,0.75,1.5686813186813187,7.039999999999998,0.0
246,51,1,728.0,0.5989010989010989,108000.0,8.0,337912.0879120879,82417.58241758242,94231.0,1.5686813186813187,90320.98351648351,0.8363054029304029,247591.1043956044,115062.06043956045,2.0,1.0,0.5989010989010989,0.4010989010989011,0.0,79784.35164835164,9.0,8.45,0.75,1.5686813186813187,7.039999999999998,0.0
246,4,0,728.0,0.5989010989010989,108000.0,8.0,337912.0879120879,82417.58241758242,94231.0,1.5686813186813187,93420.82417582418,0.8650076312576312,244491.26373626373,163447.3076923077,2.0,2.0,0.0,1.0,0.0,84784.57692307692,8.401098901098901,7.581593406593406,0.6751373626373627,1.2420827798575051,6.481917742615688,0.0
246,19,0,728.0,0.5989010989010989,108000.0,8.0,337912.0879120879,82417.58241758242,94231.0,1.5686813186813187,92718.31318681319,0.8585028998778998,245193.77472527474,164149.8186813187,2.0,2.0,0.0,1.0,0.0,84082.06593406593,8.401098901098901,7.581593406593406,0.6751373626373627,1.2420827798575051,6.481917742615688,0.0
246,49,0,728.0,0.5989010989010989,108000.0,8.0,337912.0879120879,82417.58241758242,94231.0,1.5686813186813187,95117.07142857143,0.8807136243386243,242795.0164835165,161751.06043956045,2.0,1.0,0.0,1.0,0.0,88396.07142857143,8.0,7.0,0.625,1.0233516483516483,6.108156230789497,0.0
246,29,0,728.0,0.5989010989010989,108000.0,8.0,337912.0879120879,82417.58241758242,94231.0,1.5686813186813187,95117.07142857143,0.8807136243386243,242795.0164835165,161751.06043956045,2.0,1.0,0.0,1.0,0.0,88396.07142857143,8.0,7.0,0.625,1.0233516483516483,6.108156230789497,0.0
246,6,0,728.0,0.5989010989010989,108000.0,8.0,337912.0879120879,82417.58241758242,94231.0,1.5686813186813187,93420.82417582418,0.8650076312576312,244491.26373626373,111962.21978021978,2.0,2.0,0.5989010989010989,0.4010989010989011,0.0,84784.57692307692,8.401098901098901,7.581593406593406,0.6751373626373627,1.2420827798575051,6.481917742615688,0.0
246,45,0,728.0,0.5989010989010989,108000.0,8.0,337912.0879120879,82417.58241758242,94231.0,1.5686813186813187,93420.82417582418,0.8650076312576312,244491.26373626373,111962.21978021978,2.0,2.0,0.5989010989010989,0.4010989010989011,0.0,84784.57692307692,8.401098901098901,7.581593406593406,0.6751373626373627,1.2420827798575051,6.481917742615688,0.0
246,35,0,728.0,0.5989010989010989,108000.0,8.0,337912.0879120879,82417.58241758242,94231.0,1.5686813186813187,92989.45604395604,0.8610134818884819,244922.63186813187,164930.82967032967,2.0,2.0,0.0,0.5989010989010989,0.4010989010989011,84353.20879120879,8.401098901098901,7.581593406593406,0.6751373626373627,1.2420827798575051,6.481917742615688,0.0
246,0,0,728.0,0.5989010989010989,108000.0,8.0,337912.0879120879,82417.58241758242,94231.0,1.5686813186813187,93946.87912087912,0.8698785103785104,243965.2087912088,162921.25274725276,2.0,1.0,0.0,1.0,0.0,87225.87912087912,8.0,7.0,0.625,1.0233516483516483,6.108156230789497,0.0
246,3,0,728.0,0.5989010989010989,108000.0,8.0,337912.0879120879,82417.58241758242,94231.0,1.5686813186813187,92941.3021978022,0.860567612942613,244970.7857142857,162071.07692307694,2.0,2.0,0.0,1.0,0.0,83360.54945054946,8.598901098901099,7.868406593406593,0.6998626373626373,1.349950187175462,6.666238488173809,0.0
247,37,1,1179.0,0.5894826123833757,119000.0,11.0,284987.27735368954,50890.58524173028,103581.66666666667,0.9889737065309584,99066.122985581,0.8324884284502605,185921.15436810857,72265.51399491094,2.0,1.0,1.0,0.0,0.0,88799.10517387616,9.0,8.45,0.6363636363636364,0.9889737065309584,7.380909090909091,0.0
247,4,1,1179.0,0.5894826123833757,119000.0,11.0,284987.27735368954,50890.58524173028,103581.66666666667,0.9889737065309584,100522.97625106022,0.8447308928660523,184464.30110262934,70808.66072943172,2.0,1.0,0.41051738761662426,0.5894826123833757,0.0,89214.90076335878,9.0,8.45,0.6363636363636364,0.9889737065309584,7.380909090909091,0.0
247,6,1,1179.0,0.5894826123833757,119000.0,11.0,284987.27735368954,50890.58524173028,103581.66666666667,0.9889737065309584,101257.90076335878,0.8509067291038552,183729.3765903308,106819.96861747243,2.0,1.0,0.0,0.5894826123833757,0.41051738761662426,89214.90076335878,9.0,8.45,0.6363636363636364,0.9889737065309584,7.380909090909091,0.0
247,50,0,1179.0,0.5894826123833757,119000.0,11.0,284987.27735368954,50890.58524173028,103581.66666666667,0.9889737065309584,102747.16709075488,0.8634215721912174,182240.1102629347,97546.02714164546,2.0,2.0,0.5894826123833757,0.0,0.41051738761662426,93677.22476675149,8.589482612383376,7.854749787955895,0.5617241113424319,0.8768561502862146,6.930132203056522,0.0
247,62,0,1179.0,0.5894826123833757,119000.0,11.0,284987.27735368954,50890.58524173028,103581.66666666667,0.9889737065309584,102344.51484308737,0.860037939857877,182642.76251060222,68987.12213740459,2.0,2.0,1.0,0.0,0.0,93266.35538592027,8.589482612383376,7.854749787955895,0.5617241113424319,0.8768561502862146,6.930132203056522,0.0
247,35,0,1179.0,0.5894826123833757,119000.0,11.0,284987.27735368954,50890.58524173028,103581.66666666667,0.9889737065309584,105064.80152671755,0.882897491821156,179922.47582697202,92377.34944868533,2.0,2.0,0.5894826123833757,0.0,0.41051738761662426,95784.11704834606,8.410517387616624,7.595250212044105,0.5291849795666589,0.8279784553117499,6.733615832525753,0.0
247,26,0,1179.0,0.5894826123833757,119000.0,11.0,284987.27735368954,50890.58524173028,103581.66666666667,0.9889737065309584,103265.33078880407,0.8677758889815468,181721.9465648855,68066.30619168787,2.0,2.0,0.41051738761662426,0.5894826123833757,0.0,93146.01526717558,8.589482612383376,7.854749787955895,0.5617241113424319,0.8768561502862146,6.930132203056522,0.0
247,15,0,1179.0,0.5894826123833757,119000.0,11.0,284987.27735368954,50890.58524173028,103581.66666666667,0.9889737065309584,103542.68108566581,0.8701065637450909,181444.59626802374,67788.95589482613,2.0,2.0,1.0,0.0,0.0,94990.67345207803,8.410517387616624,7.595250212044105,0.5291849795666589,0.8279784553117499,6.733615832525753,0.0
247,33,0,1179.0,0.5894826123833757,119000.0,11.0,284987.27735368954,50890.58524173028,103581.66666666667,0.9889737065309584,103542.68108566581,0.8701065637450909,181444.59626802374,67788.95589482613,2.0,2.0,0.41051738761662426,0.5894826123833757,0.0,94990.67345207803,8.410517387616624,7.595250212044105,0.5291849795666589,0.8279784553117499,6.733615832525753,0.0
247,21,0,1179.0,0.5894826123833757,119000.0,11.0,284987.27735368954,50890.58524173028,103581.66666666667,0.9889737065309584,107384.6352841391,0.902391893144026,177602.64206955046,92377.34944868533,2.0,1.0,0.5894826123833757,0.41051738761662426,0.0,100027.6352841391,8.0,7.0,0.45454545454545453,0.7158608990670059,6.282838944673185,0.0
247,3,0,1179.0,0.5894826123833757,119000.0,11.0,284987.27735368954,50890.58524173028,103581.66666666667,0.9889737065309584,104271.35793044954,0.8762298985752062,180715.91942324003,103494.10771840543,2.0,2.0,0.0,1.0,0.0,94990.67345207803,8.410517387616624,7.595250212044105,0.5291849795666589,0.8279784553117499,6.733615832525753,0.0
247,25,0,1179.0,0.5894826123833757,119000.0,11.0,284987.27735368954,50890.58524173028,103581.66666666667,0.9889737065309584,102215.95759117896,0.8589576268166299,182771.3197625106,69115.67938931298,2.0,2.0,1.0,0.0,0.0,93146.01526717558,8.589482612383376,7.854749787955895,0.5617241113424319,0.8768561502862146,6.930132203056522,0.0
249,29,1,719.0,0.7677329624478443,124000.0,9.0,375521.5577190542,83449.23504867872,102535.33333333333,1.8136300417246176,102098.62586926286,0.8233760150747005,273422.9318497914,203881.90264255911,2.0,1.0,0.23226703755215578,0.7677329624478443,0.0,95094.62586926286,8.0,7.0,0.5555555555555556,1.1668984700973575,6.300731492803055,0.0
249,23,1,719.0,0.7677329624478443,124000.0,9.0,375521.5577190542,83449.23504867872,102535.33333333333,1.8136300417246176,102098.62586926286,0.8233760150747005,273422.9318497914,203881.90264255911,2.0,1.0,0.23226703755215578,0.7677329624478443,0.0,95094.62586926286,8.0,7.0,0.5555555555555556,1.1668984700973575,6.300731492803055,0.0
249,50,1,719.0,0.7677329624478443,124000.0,9.0,375521.5577190542,83449.23504867872,102535.33333333333,1.8136300417246176,101462.28650904034,0.8182442460406478,274059.2712100139,146173.82753824757,2.0,2.0,0.7677329624478443,0.23226703755215578,0.0,92259.52990264256,8.767732962447845,8.113212795549373,0.7261628805439654,1.663415615491304,6.804314547007108,0.0
250,10,1,1350.0,0.5214814814814814,125000.0,14.0,154814.8148148148,44444.444444444445,95106.66666666667,0.8288888888888889,92137.18814814815,0.7370975051851851,62677.62666666666,21936.885925925926,2.0,1.0,0.4785185185185185,0.5214814814814814,0.0,84991.18814814815,8.0,7.0,0.35714285714285715,0.6259259259259259,7.3970905385469425,0.0
250,52,1,1350.0,0.5214814814814814,125000.0,14.0,154814.8148148148,44444.444444444445,95106.66666666667,0.8288888888888889,92137.18814814815,0.7370975051851851,62677.62666666666,21936.885925925926,2.0,1.0,0.4785185185185185,0.5214814814814814,0.0,84991.18814814815,8.0,7.0,0.35714285714285715,0.6259259259259259,7.3970905385469425,0.0
250,48,1,1350.0,0.5214814814814814,125000.0,14.0,154814.8148148148,44444.444444444445,95106.66666666667,0.8288888888888889,91501.06814814814,0.7320085451851852,63313.746666666666,29980.413333333334,2.0,1.0,0.0,1.0,0.0,84355.06814814814,8.0,7.0,0.35714285714285715,0.6259259259259259,7.3970905385469425,0.0
250,0,0,1350.0,0.5214814814814814,125000.0,14.0,154814.8148148148,44444.444444444445,95106.66666666667,0.8288888888888889,96315.13333333333,0.7705210666666666,58499.68148148148,46441.52074074074,2.0,2.0,0.0,0.5214814814814814,0.4785185185185185,87152.65629629629,8.478518518518518,7.693851851851853,0.3913227513227513,0.7230474622770919,7.687644674493051,0.0
250,45,0,1350.0,0.5214814814814814,125000.0,14.0,154814.8148148148,44444.444444444445,95106.66666666667,0.8288888888888889,95818.65111111112,0.7665492088888889,58996.16370370371,18255.422962962963,2.0,2.0,1.0,0.0,0.0,87514.4162962963,8.478518518518518,7.693851851851853,0.3913227513227513,0.7230474622770919,7.687644674493051,0.0
250,4,0,1350.0,0.5214814814814814,125000.0,14.0,154814.8148148148,44444.444444444445,95106.66666666667,0.8288888888888889,95720.64444444445,0.7657651555555556,59094.17037037037,25760.837037037036,2.0,2.0,0.0,1.0,0.0,86558.16740740741,8.478518518518518,7.693851851851853,0.3913227513227513,0.7230474622770919,7.687644674493051,0.0
250,40,0,1350.0,0.5214814814814814,125000.0,14.0,154814.8148148148,44444.444444444445,95106.66666666667,0.8288888888888889,96315.13333333333,0.7705210666666666,58499.68148148148,24263.774814814813,2.0,2.0,0.5214814814814814,0.4785185185185185,0.0,87152.65629629629,8.478518518518518,7.693851851851853,0.3913227513227513,0.7230474622770919,7.687644674493051,0.0
250,8,0,1350.0,0.5214814814814814,125000.0,14.0,154814.8148148148,44444.444444444445,95106.66666666667,0.8288888888888889,96138.00148148148,0.7691040118518518,58676.81333333333,25343.48,2.0,2.0,0.0,1.0,0.0,86794.47851851852,8.521481481481482,7.756148148148148,0.3943915343915344,0.7317673525377228,7.713731578339605,0.0
250,33,0,1350.0,0.5214814814814814,125000.0,14.0,154814.8148148148,44444.444444444445,95106.66666666667,0.8288888888888889,96318.42666666667,0.7705474133333333,58496.38814814815,25163.054814814815,2.0,2.0,0.0,1.0,0.0,86974.9037037037,8.521481481481482,7.756148148148148,0.3943915343915344,0.7317673525377228,7.713731578339605,0.0
250,55,0,1350.0,0.5214814814814814,125000.0,14.0,154814.8148148148,44444.444444444445,95106.66666666667,0.8288888888888889,95224.16222222222,0.7617932977777778,59590.652592592596,18849.91185185185,2.0,2.0,1.0,0.0,0.0,86919.9274074074,8.478518518518518,7.693851851851853,0.3913227513227513,0.7230474622770919,7.687644674493051,0.0
250,64,0,1350.0,0.5214814814814814,125000.0,14.0,154814.8148148148,44444.444444444445,95106.66666666667,0.8288888888888889,100055.65629629629,0.8004452503703704,54759.15851851852,42733.29777777778,2.0,1.0,0.0,0.5214814814814814,0.4785185185185185,88695.65629629629,9.0,8.45,0.42857142857142855,0.8288888888888889,8.004285714285714,0.0
250,23,0,1350.0,0.5214814814814814,125000.0,14.0,154814.8148148148,44444.444444444445,95106.66666666667,0.8288888888888889,96678.24888888889,0.7734259911111111,58136.56592592593,45250.328888888886,2.0,2.0,0.0,0.5214814814814814,0.4785185185185185,87334.72592592593,8.521481481481482,7.756148148148148,0.3943915343915344,0.7317673525377228,7.713731578339605,0.0
251,68,1,714.0,0.6190476190476191,121000.0,12.0,168067.2268907563,84033.61344537816,102600.0,1.5294117647058822,99870.06722689075,0.8253724564205848,68197.15966386555,48589.316526610644,2.0,2.0,0.6190476190476191,0.38095238095238093,0.0,91400.14285714286,8.619047619047619,7.897619047619047,0.5198412698412699,1.408296651994131,7.116619366523768,0.0
251,8,1,714.0,0.6190476190476191,121000.0,12.0,168067.2268907563,84033.61344537816,102600.0,1.5294117647058822,97864.73389355742,0.8087994536657638,70202.49299719887,50594.64985994398,2.0,1.0,0.6190476190476191,0.38095238095238093,0.0,87614.61904761905,9.0,8.45,0.5833333333333334,1.5294117647058822,7.539999999999999,0.0
251,34,1,714.0,0.6190476190476191,121000.0,12.0,168067.2268907563,84033.61344537816,102600.0,1.5294117647058822,98946.61904761905,0.8177406532861078,69120.60784313726,49512.76470588235,2.0,1.0,0.0,1.0,0.0,87614.61904761905,9.0,8.45,0.5833333333333334,1.5294117647058822,7.539999999999999,0.0
251,22,0,714.0,0.6190476190476191,121000.0,12.0,168067.2268907563,84033.61344537816,102600.0,1.5294117647058822,101742.2156862745,0.8408447577378059,66325.0112044818,43916.04761904762,2.0,2.0,0.38095238095238093,0.6190476190476191,0.0,93967.80952380953,8.380952380952381,7.552380952380952,0.4801587301587302,1.3325997065492863,6.852006470601123,0.0
251,39,0,714.0,0.6190476190476191,121000.0,12.0,168067.2268907563,84033.61344537816,102600.0,1.5294117647058822,104715.19047619047,0.8654147973238883,63352.036414565824,62408.00280112045,2.0,1.0,0.0,0.6190476190476191,0.38095238095238093,98056.19047619047,8.0,7.0,0.4166666666666667,1.211484593837535,6.4286258371248906,0.0
251,62,0,714.0,0.6190476190476191,121000.0,12.0,168067.2268907563,84033.61344537816,102600.0,1.5294117647058822,105514.76190476191,0.8720228256591893,62552.4649859944,42944.621848739494,2.0,1.0,0.0,1.0,0.0,98855.76190476191,8.0,7.0,0.4166666666666667,1.211484593837535,6.4286258371248906,0.0
251,66,0,714.0,0.6190476190476191,121000.0,12.0,168067.2268907563,84033.61344537816,102600.0,1.5294117647058822,105514.76190476191,0.8720228256591893,62552.4649859944,40143.50140056022,2.0,1.0,0.38095238095238093,0.6190476190476191,0.0,98855.76190476191,8.0,7.0,0.4166666666666667,1.211484593837535,6.4286258371248906,0.0
251,55,0,714.0,0.6190476190476191,121000.0,12.0,168067.2268907563,84033.61344537816,102600.0,1.5294117647058822,101742.2156862745,0.8408447577378059,66325.0112044818,43916.04761904762,2.0,2.0,0.38095238095238093,0.6190476190476191,0.0,93967.80952380953,8.380952380952381,7.552380952380952,0.4801587301587302,1.3325997065492863,6.852006470601123,0.0
251,57,0,714.0,0.6190476190476191,121000.0,12.0,168067.2268907563,84033.61344537816,102600.0,1.5294117647058822,105189.09523809524,0.8693313656040929,62878.13165266106,43270.288515406166,2.0,1.0,0.0,1.0,0.0,98530.09523809524,8.0,7.0,0.4166666666666667,1.211484593837535,6.4286258371248906,0.0
251,49,0,714.0,0.6190476190476191,121000.0,12.0,168067.2268907563,84033.61344537816,102600.0,1.5294117647058822,102407.0,0.8463388429752066,65660.2268907563,46052.3837535014,2.0,2.0,0.0,1.0,0.0,93967.80952380953,8.380952380952381,7.552380952380952,0.4801587301587302,1.3325997065492863,6.852006470601123,0.0
251,52,0,714.0,0.6190476190476191,121000.0,12.0,168067.2268907563,84033.61344537816,102600.0,1.5294117647058822,101416.23809523809,0.8381507280598189,66650.9887955182,47043.1456582633,2.0,2.0,0.0,1.0,0.0,91864.42857142857,8.619047619047619,7.897619047619047,0.5198412698412699,1.408296651994131,7.116619366523768,0.0
251,21,0,714.0,0.6190476190476191,121000.0,12.0,168067.2268907563,84033.61344537816,102600.0,1.5294117647058822,103201.23809523809,0.8529027941755214,64865.988795518206,45258.1456582633,2.0,2.0,0.0,1.0,0.0,94762.04761904762,8.380952380952381,7.552380952380952,0.4801587301587302,1.3325997065492863,6.852006470601123,0.0
252,68,1,1001.0,0.7362637362637363,101000.0,13.0,169830.16983016982,59940.05994005994,105186.66666666667,1.100899100899101,99063.70629370629,0.9808287751852108,70766.46353646353,17258.01998001998,2.0,2.0,1.0,0.0,0.0,89707.01098901099,8.736263736263735,8.067582417582416,0.49788672865595945,1.0126357159324193,7.457832306449339,0.0
252,58,1,1001.0,0.7362637362637363,101000.0,13.0,169830.16983016982,59940.05994005994,105186.66666666667,1.100899100899101,99856.37362637362,0.9886769665977587,69973.7962037962,40259.7982017982,2.0,1.0,0.0,1.0,0.0,87951.37362637362,9.0,8.45,0.5384615384615384,1.100899100899101,7.674615384615384,0.0
252,55,1,1001.0,0.7362637362637363,101000.0,13.0,169830.16983016982,59940.05994005994,105186.66666666667,1.100899100899101,99063.70629370629,0.9808287751852108,70766.46353646353,17258.01998001998,2.0,2.0,0.7362637362637363,0.26373626373626374,0.0,89707.01098901099,8.736263736263735,8.067582417582416,0.49788672865595945,1.0126357159324193,7.457832306449339,0.0
252,48,0,1001.0,0.7362637362637363,101000.0,13.0,169830.16983016982,59940.05994005994,105186.66666666667,1.100899100899101,103113.12087912088,1.020921988902187,66717.04895104896,36805.24875124875,2.0,2.0,0.0,1.0,0.0,94739.24175824175,8.263736263736265,7.382417582417582,0.4251901944209636,0.8544971512004479,7.069429291401837,0.0
252,40,0,1001.0,0.7362637362637363,101000.0,13.0,169830.16983016982,59940.05994005994,105186.66666666667,1.100899100899101,104362.17582417582,1.0332888695462954,65467.994005994005,38070.12787212787,2.0,1.0,0.0,1.0,0.0,97253.17582417582,8.0,7.0,0.38461538461538464,0.7662337662337663,6.852646213235791,0.0
252,6,0,1001.0,0.7362637362637363,101000.0,13.0,169830.16983016982,59940.05994005994,105186.66666666667,1.100899100899101,105633.52747252748,1.0458765096289848,64196.642357642355,11249.589410589411,2.0,1.0,0.26373626373626374,0.7362637362637363,0.0,98524.52747252748,8.0,7.0,0.38461538461538464,0.7662337662337663,6.852646213235791,0.0
252,11,0,1001.0,0.7362637362637363,101000.0,13.0,169830.16983016982,59940.05994005994,105186.66666666667,1.100899100899101,100894.17582417582,0.9989522358829289,68935.99400599401,41524.67732267732,2.0,2.0,0.0,1.0,0.0,90254.05494505494,8.736263736263735,8.067582417582416,0.49788672865595945,1.0126357159324193,7.457832306449339,0.0
252,53,0,1001.0,0.7362637362637363,101000.0,13.0,169830.16983016982,59940.05994005994,105186.66666666667,1.100899100899101,101201.95604395604,1.001999564791644,68628.21378621379,41524.67732267732,2.0,2.0,0.0,1.0,0.0,90561.83516483517,8.736263736263735,8.067582417582416,0.49788672865595945,1.0126357159324193,7.457832306449339,0.0
252,8,0,1001.0,0.7362637362637363,101000.0,13.0,169830.16983016982,59940.05994005994,105186.66666666667,1.100899100899101,101201.95604395604,1.001999564791644,68628.21378621379,15681.160839160839,2.0,2.0,0.26373626373626374,0.7362637362637363,0.0,90561.83516483517,8.736263736263735,8.067582417582416,0.49788672865595945,1.0126357159324193,7.457832306449339,0.0
252,5,0,1001.0,0.7362637362637363,101000.0,13.0,169830.16983016982,59940.05994005994,105186.66666666667,1.100899100899101,104362.17582417582,1.0332888695462954,65467.994005994005,12520.941058941058,2.0,1.0,0.26373626373626374,0.7362637362637363,0.0,97253.17582417582,8.0,7.0,0.38461538461538464,0.7662337662337663,6.852646213235791,0.0
252,25,0,1001.0,0.7362637362637363,101000.0,13.0,169830.16983016982,59940.05994005994,105186.66666666667,1.100899100899101,100654.91208791209,0.9965832879991295,69175.25774225775,42071.72127872128,2.0,2.0,0.0,1.0,0.0,90014.79120879121,8.736263736263735,8.067582417582416,0.49788672865595945,1.0126357159324193,7.457832306449339,0.0
252,61,0,1001.0,0.7362637362637363,101000.0,13.0,169830.16983016982,59940.05994005994,105186.66666666667,1.100899100899101,103310.92307692308,1.0228804265041889,66519.24675324676,11973.000999000998,2.0,2.0,0.7362637362637363,0.26373626373626374,0.0,94937.04395604396,8.263736263736265,7.382417582417582,0.4251901944209636,0.8544971512004479,7.069429291401837,0.0
254,43,1,1383.0,0.720173535791757,120000.0,9.0,151843.81778741867,43383.94793926247,100189.66666666667,0.8864786695589298,101605.09761388287,0.8467091467823572,50238.72017353579,38718.845263919015,2.0,2.0,0.0,0.720173535791757,0.279826464208243,91420.17136659435,8.720173535791757,8.044251626898047,0.7155941190648349,0.7851098636526901,6.711863187455606,0.0
254,35,1,1383.0,0.720173535791757,120000.0,9.0,151843.81778741867,43383.94793926247,100189.66666666667,0.8864786695589298,102776.80911062907,0.8564734092552422,49067.008676789585,36863.51771511207,2.0,1.0,0.0,0.720173535791757,0.279826464208243,91291.80911062907,9.0,8.45,0.7777777777777778,0.8864786695589298,6.956666666666666,0.0
254,53,1,1383.0,0.720173535791757,120000.0,9.0,151843.81778741867,43383.94793926247,100189.66666666667,0.8864786695589298,102505.65726681128,0.8542138105567607,49338.16052060737,34876.84454085322,2.0,2.0,0.279826464208243,0.0,0.720173535791757,92320.73101952278,8.720173535791757,8.044251626898047,0.7155941190648349,0.7851098636526901,6.711863187455606,0.0
254,41,0,1383.0,0.720173535791757,120000.0,9.0,151843.81778741867,43383.94793926247,100189.66666666667,0.8864786695589298,100842.43383947939,0.8403536153289949,51001.38394793926,-4880.968908170644,2.0,2.0,1.0,0.0,0.0,91975.4251626898,8.720173535791757,8.044251626898047,0.7155941190648349,0.7851098636526901,6.711863187455606,0.0
254,47,0,1383.0,0.720173535791757,120000.0,9.0,151843.81778741867,43383.94793926247,100189.66666666667,0.8864786695589298,100298.2848879248,0.8358190407327066,51545.53289949385,-4336.819956616052,2.0,2.0,1.0,0.0,0.0,91420.17136659435,8.720173535791757,8.044251626898047,0.7155941190648349,0.7851098636526901,6.711863187455606,0.0
254,3,0,1383.0,0.720173535791757,120000.0,9.0,151843.81778741867,43383.94793926247,100189.66666666667,0.8864786695589298,100842.43383947939,0.8403536153289949,51001.38394793926,-4880.968908170644,2.0,2.0,0.720173535791757,0.279826464208243,0.0,91975.4251626898,8.720173535791757,8.044251626898047,0.7155941190648349,0.7851098636526901,6.711863187455606,0.0
254,46,0,1383.0,0.720173535791757,120000.0,9.0,151843.81778741867,43383.94793926247,100189.66666666667,0.8864786695589298,100643.59074475778,0.8386965895396481,51200.22704266088,-4336.819956616052,2.0,2.0,1.0,0.0,0.0,91765.47722342733,8.720173535791757,8.044251626898047,0.7155941190648349,0.7851098636526901,6.711863187455606,0.0
254,44,0,1383.0,0.720173535791757,120000.0,9.0,151843.81778741867,43383.94793926247,100189.66666666667,0.8864786695589298,100616.06146059291,0.8384671788382743,51227.75632682574,-4336.819956616052,2.0,1.0,1.0,0.0,0.0,90950.06290672452,9.0,8.45,0.7777777777777778,0.8864786695589298,6.956666666666666,0.0
254,69,0,1383.0,0.720173535791757,120000.0,9.0,151843.81778741867,43383.94793926247,100189.66666666667,0.8864786695589298,100911.66449746928,0.8409305374789106,50932.15328994938,-4336.819956616052,2.0,1.0,0.720173535791757,0.279826464208243,0.0,90733.47722342733,9.0,8.45,0.7777777777777778,0.8864786695589298,6.956666666666666,0.0
254,66,0,1383.0,0.720173535791757,120000.0,9.0,151843.81778741867,43383.94793926247,100189.66666666667,0.8864786695589298,100643.59074475778,0.8386965895396481,51200.22704266088,-4336.819956616052,2.0,2.0,0.720173535791757,0.0,0.279826464208243,91765.47722342733,8.720173535791757,8.044251626898047,0.7155941190648349,0.7851098636526901,6.711863187455606,0.0
254,55,0,1383.0,0.720173535791757,120000.0,9.0,151843.81778741867,43383.94793926247,100189.66666666667,0.8864786695589298,101458.89154013015,0.8454907628344179,50384.9262472885,-4880.968908170644,2.0,1.0,0.720173535791757,0.0,0.279826464208243,91291.80911062907,9.0,8.45,0.7777777777777778,0.8864786695589298,6.956666666666666,0.0
254,14,0,1383.0,0.720173535791757,120000.0,9.0,151843.81778741867,43383.94793926247,100189.66666666667,0.8864786695589298,100298.2848879248,0.8358190407327066,51545.53289949385,-4336.819956616052,2.0,2.0,1.0,0.0,0.0,91420.17136659435,8.720173535791757,8.044251626898047,0.7155941190648349,0.7851098636526901,6.711863187455606,0.0
255,44,1,641.0,0.6989079563182528,106000.0,13.0,421216.848673947,93603.74414976599,100330.33333333333,1.9563182527301093,99874.26833073323,0.9422100785918229,321342.58034321375,186554.5725429017,2.0,1.0,0.6989079563182528,0.30109204368174725,0.0,89066.59126365055,9.0,8.449999999999998,0.46153846153846156,1.9563182527301093,7.905384615384615,0.0
255,8,1,641.0,0.6989079563182528,106000.0,13.0,421216.848673947,93603.74414976599,100330.33333333333,1.9563182527301093,97830.88299531981,0.9229328584464134,323385.96567862714,226911.9282371295,2.0,1.0,0.0,1.0,0.0,93144.88299531981,7.0,2.5499999999999994,0.23076923076923078,0.8673946957878315,6.0926280787384925,0.0
255,15,1,641.0,0.6989079563182528,106000.0,13.0,421216.848673947,93603.74414976599,100330.33333333333,1.9563182527301093,98371.11700468019,0.9280294057045301,322845.73166926677,186812.10608424337,2.0,1.0,1.0,0.0,0.0,93685.11700468019,7.0,2.5499999999999994,0.23076923076923078,0.8673946957878315,6.0926280787384925,0.0
255,4,0,641.0,0.6989079563182528,106000.0,13.0,421216.848673947,93603.74414976599,100330.33333333333,1.9563182527301093,103242.45241809673,0.9739854001707238,317974.3962558502,223082.59750390015,2.0,2.0,0.0,1.0,0.0,92559.10920436817,8.698907956318253,8.013416536661465,0.43837753510140404,1.738836792161234,7.466021840873635,0.0
255,57,0,641.0,0.6989079563182528,106000.0,13.0,421216.848673947,93603.74414976599,100330.33333333333,1.9563182527301093,103216.64586583464,0.9737419421305155,318000.2028081123,181966.5772230889,2.0,2.0,0.6989079563182528,0.30109204368174725,0.0,96556.23088923556,7.698907956318252,5.660140405616225,0.33829353174126964,1.1236246017703424,6.339710050348599,0.0
255,55,0,641.0,0.6989079563182528,106000.0,13.0,421216.848673947,93603.74414976599,100330.33333333333,1.9563182527301093,101125.00468018721,0.9540094781149736,320091.8439937598,186554.5725429017,2.0,2.0,1.0,0.0,0.0,91683.98439937597,8.698907956318253,8.013416536661465,0.43837753510140404,1.738836792161234,7.466021840873635,0.0
255,49,0,641.0,0.6989079563182528,106000.0,13.0,421216.848673947,93603.74414976599,100330.33333333333,1.9563182527301093,100358.9360374415,0.9467824154475613,320857.91263650544,196052.92043681748,2.0,1.0,0.30109204368174725,0.6989079563182528,0.0,88843.48205928237,9.0,8.449999999999998,0.46153846153846156,1.9563182527301093,7.905384615384615,0.0
255,19,0,641.0,0.6989079563182528,106000.0,13.0,421216.848673947,93603.74414976599,100330.33333333333,1.9563182527301093,104427.17628705148,0.9851620404438819,316789.67238689546,220315.63494539782,2.0,2.0,0.0,1.0,0.0,97766.76131045242,7.698907956318252,5.660140405616225,0.33829353174126964,1.1236246017703424,6.339710050348599,0.0
255,50,0,641.0,0.6989079563182528,106000.0,13.0,421216.848673947,93603.74414976599,100330.33333333333,1.9563182527301093,100577.58190327614,0.9488451122950579,320639.26677067083,195834.27457098285,2.0,1.0,0.30109204368174725,0.6989079563182528,0.0,89066.59126365055,9.0,8.449999999999998,0.46153846153846156,1.9563182527301093,7.905384615384615,0.0
255,63,0,641.0,0.6989079563182528,106000.0,13.0,421216.848673947,93603.74414976599,100330.33333333333,1.9563182527301093,106514.64742589704,1.004855164395255,314702.2012480499,219465.0499219969,2.0,1.0,0.0,1.0,0.0,99003.64742589704,8.0,7.0,0.38461538461538464,1.2340093603744149,6.446153846153846,0.0
255,35,0,641.0,0.6989079563182528,106000.0,13.0,421216.848673947,93603.74414976599,100330.33333333333,1.9563182527301093,103216.64586583464,0.9737419421305155,318000.2028081123,193195.21060842433,2.0,2.0,0.30109204368174725,0.6989079563182528,0.0,96556.23088923556,7.698907956318252,5.660140405616225,0.33829353174126964,1.1236246017703424,6.339710050348599,0.0
255,67,0,641.0,0.6989079563182528,106000.0,13.0,421216.848673947,93603.74414976599,100330.33333333333,1.9563182527301093,100400.74570982839,0.9471768463191358,320816.1029641186,223933.1825273011,2.0,2.0,0.0,1.0,0.0,90567.98751950078,8.397815912636505,6.673556942277689,0.39205568222728904,1.6284520335571613,7.359578045068388,0.0
256,12,1,1290.0,0.5713178294573643,104000.0,10.0,229457.36434108528,46511.62790697674,101253.33333333333,0.9465116279069767,94878.41550387596,0.9122924567680382,134578.9488372093,61333.81705426356,2.0,1.0,0.0,1.0,0.0,82830.41550387596,9.0,8.45,0.7,0.9465116279069767,7.189999999999999,0.0
256,23,1,1290.0,0.5713178294573643,104000.0,10.0,229457.36434108528,46511.62790697674,101253.33333333333,0.9465116279069767,94575.76589147287,0.9093823643410853,134881.59844961241,61333.81705426356,2.0,1.0,0.0,0.42868217054263563,0.5713178294573643,82527.76589147287,9.0,8.45,0.7,0.9465116279069767,7.189999999999999,0.0
256,32,1,1290.0,0.5713178294573643,104000.0,10.0,229457.36434108528,46511.62790697674,101253.33333333333,0.9465116279069767,97134.82093023256,0.9339886627906977,132322.54341085273,15321.375968992248,2.0,2.0,1.0,0.0,0.0,88091.66976744185,8.571317829457364,7.828410852713178,0.6142635658914728,0.8032852592993209,6.844208688152059,0.0
256,70,0,1290.0,0.5713178294573643,104000.0,10.0,229457.36434108528,46511.62790697674,101253.33333333333,0.9465116279069767,99792.88759689922,0.959546996124031,129664.47674418605,55978.402325581395,2.0,2.0,0.42868217054263563,0.0,0.5713178294573643,91207.6488372093,8.428682170542636,7.62158914728682,0.5857364341085272,0.7556294693828496,6.729153351117661,0.0
256,63,0,1290.0,0.5713178294573643,104000.0,10.0,229457.36434108528,46511.62790697674,101253.33333333333,0.9465116279069767,99446.2503875969,0.9562139460345855,130011.11395348837,64086.997674418606,2.0,2.0,0.0,0.42868217054263563,0.5713178294573643,90151.43100775193,8.428682170542636,7.62158914728682,0.5857364341085272,0.7556294693828496,6.729153351117661,0.0
256,9,0,1290.0,0.5713178294573643,104000.0,10.0,229457.36434108528,46511.62790697674,101253.33333333333,0.9465116279069767,104097.82558139534,1.0009406305903399,125359.53875968992,8358.371317829457,2.0,1.0,0.5713178294573643,0.42868217054263563,0.0,96868.82558139534,8.0,7.0,0.5,0.6124031007751938,6.383362039269722,0.0
256,58,0,1290.0,0.5713178294573643,104000.0,10.0,229457.36434108528,46511.62790697674,101253.33333333333,0.9465116279069767,103895.54263565892,0.9989956022659511,125561.82170542635,64086.997674418606,2.0,1.0,0.0,1.0,0.0,96666.54263565892,8.0,7.0,0.5,0.6124031007751938,6.383362039269722,0.0
256,31,0,1290.0,0.5713178294573643,104000.0,10.0,229457.36434108528,46511.62790697674,101253.33333333333,0.9465116279069767,104657.25581395348,1.0063197674418605,124800.10852713179,23249.720930232557,2.0,1.0,0.42868217054263563,0.5713178294573643,0.0,97428.25581395348,8.0,7.0,0.5,0.6124031007751938,6.383362039269722,0.0
256,49,0,1290.0,0.5713178294573643,104000.0,10.0,229457.36434108528,46511.62790697674,101253.33333333333,0.9465116279069767,99748.9,0.9591240384615385,129708.46434108527,63637.0992248062,2.0,2.0,0.0,1.0,0.0,90454.08062015504,8.428682170542636,7.62158914728682,0.5857364341085272,0.7556294693828496,6.729153351117661,0.0
256,24,0,1290.0,0.5713178294573643,104000.0,10.0,229457.36434108528,46511.62790697674,101253.33333333333,0.9465116279069767,103895.54263565892,0.9989956022659511,125561.82170542635,9111.93953488372,2.0,1.0,0.5713178294573643,0.0,0.42868217054263563,96666.54263565892,8.0,7.0,0.5,0.6124031007751938,6.383362039269722,0.0
256,68,0,1290.0,0.5713178294573643,104000.0,10.0,229457.36434108528,46511.62790697674,101253.33333333333,0.9465116279069767,98473.77286821706,0.9468632006559332,130983.59147286821,53108.9007751938,2.0,2.0,0.42868217054263563,0.0,0.5713178294573643,88491.59224806202,8.571317829457364,7.828410852713178,0.6142635658914728,0.8032852592993209,6.844208688152059,0.0
256,29,0,1290.0,0.5713178294573643,104000.0,10.0,229457.36434108528,46511.62790697674,101253.33333333333,0.9465116279069767,100502.46821705427,0.9663698867024448,128954.896124031,64086.997674418606,2.0,2.0,0.0,0.42868217054263563,0.5713178294573643,91207.6488372093,8.428682170542636,7.62158914728682,0.5857364341085272,0.7556294693828496,6.729153351117661,0.0
257,35,1,1115.0,0.8,103000.0,9.0,241255.60538116592,53811.659192825115,91678.0,1.0493273542600896,88417.28789237668,0.8584202707997736,152838.31748878924,45099.17937219731,2.0,2.0,0.8,0.2,0.0,79265.4,8.8,8.16,0.7333333333333333,0.9939013452914799,6.858613171001661,0.0
257,53,1,1115.0,0.8,103000.0,9.0,241255.60538116592,53811.659192825115,91678.0,1.0493273542600896,89672.6,0.8706077669902913,151583.00538116592,106609.46726457399,2.0,2.0,0.0,1.0,0.0,79265.4,8.8,8.16,0.7333333333333333,0.9939013452914799,6.858613171001661,0.0
257,15,1,1115.0,0.8,103000.0,9.0,241255.60538116592,53811.659192825115,91678.0,1.0493273542600896,88610.08789237669,0.8602921154599678,152645.51748878925,45099.17937219731,2.0,2.0,1.0,0.0,0.0,79458.2,8.8,8.16,0.7333333333333333,0.9939013452914799,6.858613171001661,0.0
258,48,1,631.0,0.5039619651347068,122000.0,6.0,391442.1553090333,95087.16323296355,101676.33333333333,2.011093502377179,92785.87480190174,0.7605399573926372,298656.28050713154,190411.66561014263,2.0,1.0,0.0,1.0,0.0,85470.87480190174,8.0,7.0,0.8333333333333334,1.3312202852614896,6.1000000000000005,0.0
258,9,1,631.0,0.5039619651347068,122000.0,6.0,391442.1553090333,95087.16323296355,101676.33333333333,2.011093502377179,92270.98732171157,0.7563195682107505,299171.16798732174,170196.90015847862,2.0,1.0,0.4960380348652932,0.0,0.5039619651347068,84955.98732171157,8.0,7.0,0.8333333333333334,1.3312202852614896,6.1000000000000005,0.0
258,61,1,631.0,0.5039619651347068,122000.0,6.0,391442.1553090333,95087.16323296355,101676.33333333333,2.011093502377179,92785.87480190174,0.7605399573926372,298656.28050713154,148081.3882725832,2.0,1.0,0.5039619651347068,0.0,0.4960380348652932,85470.87480190174,8.0,7.0,0.8333333333333334,1.3312202852614896,6.1000000000000005,0.0
258,62,0,631.0,0.5039619651347068,122000.0,6.0,391442.1553090333,95087.16323296355,101676.33333333333,2.011093502377179,98995.2852614897,0.8114367644384402,292446.8700475436,148648.8494453249,2.0,2.0,0.5039619651347068,0.0,0.4960380348652932,89772.52297939778,8.496038034865293,7.719255150554676,0.9986793449550978,1.668463259837101,6.0955536249240945,0.0
258,53,0,631.0,0.5039619651347068,122000.0,6.0,391442.1553090333,95087.16323296355,101676.33333333333,2.011093502377179,99160.9556259905,0.8127947182458237,292281.19968304277,148081.3882725832,2.0,2.0,0.5039619651347068,0.0,0.4960380348652932,89938.19334389857,8.496038034865293,7.719255150554676,0.9986793449550978,1.668463259837101,6.0955536249240945,0.0
258,13,0,631.0,0.5039619651347068,122000.0,6.0,391442.1553090333,95087.16323296355,101676.33333333333,2.011093502377179,98051.70206022187,0.803702475903458,293390.4532488114,142835.77812995246,2.0,2.0,1.0,0.0,0.0,89772.52297939778,8.496038034865293,7.719255150554676,0.9986793449550978,1.668463259837101,6.0955536249240945,0.0
258,44,0,631.0,0.5039619651347068,122000.0,6.0,391442.1553090333,95087.16323296355,101676.33333333333,2.011093502377179,99562.74643423138,0.8160880855264867,291879.4088748019,148081.3882725832,2.0,2.0,0.5039619651347068,0.4960380348652932,0.0,90339.98415213946,8.496038034865293,7.719255150554676,0.9986793449550978,1.668463259837101,6.0955536249240945,0.0
258,54,0,631.0,0.5039619651347068,122000.0,6.0,391442.1553090333,95087.16323296355,101676.33333333333,2.011093502377179,98995.2852614897,0.8114367644384402,292446.8700475436,191242.2028526149,2.0,2.0,0.0,0.0,1.0,89772.52297939778,8.496038034865293,7.719255150554676,0.9986793449550978,1.668463259837101,6.0955536249240945,0.0
258,35,0,631.0,0.5039619651347068,122000.0,6.0,391442.1553090333,95087.16323296355,101676.33333333333,2.011093502377179,99160.9556259905,0.8127947182458237,292281.19968304277,191242.2028526149,2.0,2.0,0.0,0.4960380348652932,0.5039619651347068,89938.19334389857,8.496038034865293,7.719255150554676,0.9986793449550978,1.668463259837101,6.0955536249240945,0.0
258,4,0,631.0,0.5039619651347068,122000.0,6.0,391442.1553090333,95087.16323296355,101676.33333333333,2.011093502377179,99160.9556259905,0.8127947182458237,292281.19968304277,191242.2028526149,2.0,2.0,0.0,0.0,1.0,89938.19334389857,8.496038034865293,7.719255150554676,0.9986793449550978,1.668463259837101,6.0955536249240945,0.0
258,56,0,631.0,0.5039619651347068,122000.0,6.0,391442.1553090333,95087.16323296355,101676.33333333333,2.011093502377179,98593.49445324882,0.8081433971577772,292848.6608557845,191242.2028526149,2.0,2.0,0.0,0.4960380348652932,0.5039619651347068,89370.7321711569,8.496038034865293,7.719255150554676,0.9986793449550978,1.668463259837101,6.0955536249240945,0.0
258,16,0,631.0,0.5039619651347068,122000.0,6.0,391442.1553090333,95087.16323296355,101676.33333333333,2.011093502377179,98225.40729001585,0.805126289262425,293216.74801901745,164242.48019017433,2.0,2.0,0.4960380348652932,0.0,0.5039619651347068,89938.19334389857,8.496038034865293,7.719255150554676,0.9986793449550978,1.668463259837101,6.0955536249240945,0.0
260,11,1,962.0,0.7723492723492723,105000.0,14.0,286902.2869022869,62370.06237006237,98636.66666666667,1.1403326403326404,94026.33783783784,0.8954889317889317,192875.94906444906,81318.69542619542,2.0,1.0,1.0,0.0,0.0,86645.33783783784,8.0,7.0,0.35714285714285715,0.9085239085239085,7.2683571396815525,0.0
260,12,1,962.0,0.7723492723492723,105000.0,14.0,286902.2869022869,62370.06237006237,98636.66666666667,1.1403326403326404,95656.08316008316,0.9110103158103158,191246.20374220374,128876.14137214137,2.0,2.0,0.22765072765072766,0.7723492723492723,0.0,87583.39397089397,8.227650727650728,7.330093555093555,0.4059251559251559,0.9612953349959587,7.338327217624555,0.0
260,6,1,962.0,0.7723492723492723,105000.0,14.0,286902.2869022869,62370.06237006237,98636.66666666667,1.1403326403326404,94026.33783783784,0.8954889317889317,192875.94906444906,148145.44386694385,2.0,1.0,0.0,0.22765072765072766,0.7723492723492723,86645.33783783784,8.0,7.0,0.35714285714285715,0.9085239085239085,7.2683571396815525,0.0
260,36,0,962.0,0.7723492723492723,105000.0,14.0,286902.2869022869,62370.06237006237,98636.66666666667,1.1403326403326404,98822.71517671518,0.941168715968716,188079.57172557173,125709.50935550936,2.0,1.0,0.22765072765072766,0.7723492723492723,0.0,87056.65176715176,9.0,8.45,0.5714285714285714,1.1403326403326404,7.575714285714286,0.0
260,34,0,962.0,0.7723492723492723,105000.0,14.0,286902.2869022869,62370.06237006237,98636.66666666667,1.1403326403326404,97304.55093555094,0.9267100089100089,189597.73596673596,144452.06964656964,2.0,2.0,0.0,0.7723492723492723,0.22765072765072766,86230.17671517671,8.772349272349272,8.119906444906444,0.5226462726462727,1.0875612138605901,7.505744207771283,0.0
260,10,0,962.0,0.7723492723492723,105000.0,14.0,286902.2869022869,62370.06237006237,98636.66666666667,1.1403326403326404,97304.55093555094,0.9267100089100089,189597.73596673596,144452.06964656964,2.0,2.0,0.0,0.0,1.0,86230.17671517671,8.772349272349272,8.119906444906444,0.5226462726462727,1.0875612138605901,7.505744207771283,0.0
260,65,0,962.0,0.7723492723492723,105000.0,14.0,286902.2869022869,62370.06237006237,98636.66666666667,1.1403326403326404,97541.53534303534,0.9289670032670033,189360.75155925157,144452.06964656964,2.0,2.0,0.0,1.0,0.0,86467.16112266113,8.772349272349272,8.119906444906444,0.5226462726462727,1.0875612138605901,7.505744207771283,0.0
260,59,0,962.0,0.7723492723492723,105000.0,14.0,286902.2869022869,62370.06237006237,98636.66666666667,1.1403326403326404,96762.69854469855,0.9215495099495099,190139.58835758836,78586.43243243243,2.0,2.0,1.0,0.0,0.0,87032.52079002079,8.772349272349272,8.119906444906444,0.5226462726462727,1.0875612138605901,7.505744207771283,0.0
260,51,0,962.0,0.7723492723492723,105000.0,14.0,286902.2869022869,62370.06237006237,98636.66666666667,1.1403326403326404,98482.64345114345,0.9379299376299376,188419.64345114346,144452.06964656964,2.0,1.0,0.0,0.22765072765072766,0.7723492723492723,86319.64345114345,9.0,8.45,0.5714285714285714,1.1403326403326404,7.575714285714286,0.0
260,42,0,962.0,0.7723492723492723,105000.0,14.0,286902.2869022869,62370.06237006237,98636.66666666667,1.1403326403326404,97706.31081081081,0.9305362934362934,189195.9760914761,78586.43243243243,2.0,1.0,0.7723492723492723,0.22765072765072766,0.0,86887.50727650728,9.0,8.45,0.5714285714285714,1.1403326403326404,7.575714285714286,0.0
260,29,0,962.0,0.7723492723492723,105000.0,14.0,286902.2869022869,62370.06237006237,98636.66666666667,1.1403326403326404,97875.4553014553,0.9321471933471933,189026.8316008316,78586.43243243243,2.0,1.0,0.7723492723492723,0.0,0.22765072765072766,87056.65176715176,9.0,8.45,0.5714285714285714,1.1403326403326404,7.575714285714286,0.0
260,5,0,962.0,0.7723492723492723,105000.0,14.0,286902.2869022869,62370.06237006237,98636.66666666667,1.1403326403326404,98106.895010395,0.934351381051381,188795.3918918919,126425.32952182952,2.0,2.0,0.22765072765072766,0.7723492723492723,0.0,87032.52079002079,8.772349272349272,8.119906444906444,0.5226462726462727,1.0875612138605901,7.505744207771283,0.0
263,63,1,705.0,0.5617021276595745,111000.0,13.0,357446.8085106383,85106.3829787234,100010.66666666667,1.6212765957446809,95330.70638297872,0.858835192639448,262116.10212765957,140774.85673758865,2.0,2.0,1.0,0.0,0.0,86298.64255319149,8.561702127659574,7.814468085106383,0.47103109656301145,1.3632714652180475,7.344945395658847,0.0
263,11,1,705.0,0.5617021276595745,111000.0,13.0,357446.8085106383,85106.3829787234,100010.66666666667,1.6212765957446809,94435.70212765958,0.8507720912401764,263011.10638297873,152372.8085106383,2.0,1.0,0.0,1.0,0.0,82451.70212765958,9.0,8.45,0.5384615384615384,1.6212765957446809,7.674615384615384,0.0
263,54,1,705.0,0.5617021276595745,111000.0,13.0,357446.8085106383,85106.3829787234,100010.66666666667,1.6212765957446809,92786.66808510639,0.8359159286946521,264660.1404255319,140774.85673758865,2.0,1.0,1.0,0.0,0.0,82451.70212765958,9.0,8.45,0.5384615384615384,1.6212765957446809,7.674615384615384,0.0
263,1,0,705.0,0.5617021276595745,111000.0,13.0,357446.8085106383,85106.3829787234,100010.66666666667,1.6212765957446809,96383.96595744681,0.8683240176346559,261062.8425531915,150424.54468085108,2.0,2.0,0.0,1.0,0.0,86425.34042553192,8.561702127659574,7.814468085106383,0.47103109656301145,1.3632714652180475,7.344945395658847,0.0
263,43,0,705.0,0.5617021276595745,111000.0,13.0,357446.8085106383,85106.3829787234,100010.66666666667,1.6212765957446809,96072.94042553191,0.8655219858156028,261373.86808510637,150735.57021276595,2.0,2.0,0.43829787234042555,0.0,0.5617021276595745,87407.03829787234,8.438297872340426,7.635531914893616,0.4520458265139116,1.2906292440018108,7.252125690030307,0.0
263,56,0,705.0,0.5617021276595745,111000.0,13.0,357446.8085106383,85106.3829787234,100010.66666666667,1.6212765957446809,96455.42978723404,0.8689678359210274,260991.37872340425,136804.9929078014,2.0,2.0,1.0,0.0,0.0,87783.3829787234,8.438297872340426,7.635531914893616,0.4520458265139116,1.2906292440018108,7.252125690030307,0.0
263,19,0,705.0,0.5617021276595745,111000.0,13.0,357446.8085106383,85106.3829787234,100010.66666666667,1.6212765957446809,99130.66382978723,0.8930690435115967,258316.14468085105,146259.40709219858,2.0,1.0,0.43829787234042555,0.5617021276595745,0.0,91767.66382978723,8.0,7.0,0.38461538461538464,1.0326241134751772,6.92245570107377,0.0
263,40,0,705.0,0.5617021276595745,111000.0,13.0,357446.8085106383,85106.3829787234,100010.66666666667,1.6212765957446809,98610.40425531915,0.8883820203181906,258836.40425531915,148198.10638297873,2.0,1.0,0.43829787234042555,0.0,0.5617021276595745,91247.40425531915,8.0,7.0,0.38461538461538464,1.0326241134751772,6.92245570107377,0.0
263,31,0,705.0,0.5617021276595745,111000.0,13.0,357446.8085106383,85106.3829787234,100010.66666666667,1.6212765957446809,99130.66382978723,0.8930690435115967,258316.14468085105,147677.84680851063,2.0,1.0,0.0,1.0,0.0,91767.66382978723,8.0,7.0,0.38461538461538464,1.0326241134751772,6.92245570107377,0.0
263,46,0,705.0,0.5617021276595745,111000.0,13.0,357446.8085106383,85106.3829787234,100010.66666666667,1.6212765957446809,99300.57021276596,0.8945997316465402,258146.23829787233,136804.9929078014,2.0,1.0,0.5617021276595745,0.0,0.43829787234042555,91937.57021276596,8.0,7.0,0.38461538461538464,1.0326241134751772,6.92245570107377,0.0
263,58,0,705.0,0.5617021276595745,111000.0,13.0,357446.8085106383,85106.3829787234,100010.66666666667,1.6212765957446809,99822.14468085107,0.899298600728388,257624.66382978723,146986.3659574468,2.0,1.0,0.43829787234042555,0.0,0.5617021276595745,92459.14468085107,8.0,7.0,0.38461538461538464,1.0326241134751772,6.92245570107377,0.0
263,2,0,705.0,0.5617021276595745,111000.0,13.0,357446.8085106383,85106.3829787234,100010.66666666667,1.6212765957446809,99300.57021276596,0.8945997316465402,258146.23829787233,136804.9929078014,2.0,1.0,0.5617021276595745,0.0,0.43829787234042555,91937.57021276596,8.0,7.0,0.38461538461538464,1.0326241134751772,6.92245570107377,0.0
264,35,1,1253.0,0.7741420590582602,101000.0,13.0,229848.36392657622,47885.07581803671,99809.33333333333,0.945730247406225,98396.2873104549,0.9742206664401476,131452.0766161213,4242.7964884277735,2.0,2.0,1.0,0.0,0.0,88224.87869114126,8.77414205905826,8.122505985634477,0.5632635520903677,0.8775943322617895,7.247792261578393,0.0
264,22,1,1253.0,0.7741420590582602,101000.0,13.0,229848.36392657622,47885.07581803671,99809.33333333333,0.945730247406225,99220.75578611332,0.9823837206545875,130627.6081404629,3679.8715083798884,2.0,2.0,0.7741420590582602,0.0,0.22585794094173983,89060.83559457303,8.77414205905826,8.122505985634477,0.5632635520903677,0.8775943322617895,7.247792261578393,0.0
264,20,1,1253.0,0.7741420590582602,101000.0,13.0,229848.36392657622,47885.07581803671,99809.33333333333,0.945730247406225,98959.2122905028,0.9797941810940871,130889.15163607342,3679.8715083798884,2.0,2.0,0.7741420590582602,0.22585794094173983,0.0,88799.29209896248,8.77414205905826,8.122505985634477,0.5632635520903677,0.8775943322617895,7.247792261578393,0.0
264,13,0,1253.0,0.7741420590582602,101000.0,13.0,229848.36392657622,47885.07581803671,99809.33333333333,0.945730247406225,100571.40143655227,0.9957564498668542,129276.96249002394,67026.36392657622,2.0,2.0,0.0,0.22585794094173983,0.7741420590582602,89060.83559457303,8.77414205905826,8.122505985634477,0.5632635520903677,0.8775943322617895,7.247792261578393,0.0
264,64,0,1253.0,0.7741420590582602,101000.0,13.0,229848.36392657622,47885.07581803671,99809.33333333333,0.945730247406225,100571.40143655227,0.9957564498668542,129276.96249002394,35083.24900239425,2.0,2.0,0.0,0.7741420590582602,0.22585794094173983,89060.83559457303,8.77414205905826,8.122505985634477,0.5632635520903677,0.8775943322617895,7.247792261578393,0.0
264,63,0,1253.0,0.7741420590582602,101000.0,13.0,229848.36392657622,47885.07581803671,99809.33333333333,0.945730247406225,100571.40143655227,0.9957564498668542,129276.96249002394,35083.24900239425,2.0,2.0,0.0,0.7741420590582602,0.22585794094173983,89060.83559457303,8.77414205905826,8.122505985634477,0.5632635520903677,0.8775943322617895,7.247792261578393,0.0
264,39,0,1253.0,0.7741420590582602,101000.0,13.0,229848.36392657622,47885.07581803671,99809.33333333333,0.945730247406225,100571.40143655227,0.9957564498668542,129276.96249002394,67026.36392657622,2.0,2.0,0.0,0.22585794094173983,0.7741420590582602,89060.83559457303,8.77414205905826,8.122505985634477,0.5632635520903677,0.8775943322617895,7.247792261578393,0.0
264,36,0,1253.0,0.7741420590582602,101000.0,13.0,229848.36392657622,47885.07581803671,99809.33333333333,0.945730247406225,100571.40143655227,0.9957564498668542,129276.96249002394,47320.83719074222,2.0,2.0,0.22585794094173983,0.0,0.7741420590582602,89060.83559457303,8.77414205905826,8.122505985634477,0.5632635520903677,0.8775943322617895,7.247792261578393,0.0
264,41,0,1253.0,0.7741420590582602,101000.0,13.0,229848.36392657622,47885.07581803671,99809.33333333333,0.945730247406225,100571.40143655227,0.9957564498668542,129276.96249002394,35083.24900239425,2.0,2.0,0.0,0.7741420590582602,0.22585794094173983,89060.83559457303,8.77414205905826,8.122505985634477,0.5632635520903677,0.8775943322617895,7.247792261578393,0.0
264,14,0,1253.0,0.7741420590582602,101000.0,13.0,229848.36392657622,47885.07581803671,99809.33333333333,0.945730247406225,100571.40143655227,0.9957564498668542,129276.96249002394,13554.695929768555,2.0,2.0,0.22585794094173983,0.7741420590582602,0.0,89060.83559457303,8.77414205905826,8.122505985634477,0.5632635520903677,0.8775943322617895,7.247792261578393,0.0
264,65,0,1253.0,0.7741420590582602,101000.0,13.0,229848.36392657622,47885.07581803671,99809.33333333333,0.945730247406225,100571.40143655227,0.9957564498668542,129276.96249002394,13554.695929768555,2.0,2.0,0.22585794094173983,0.7741420590582602,0.0,89060.83559457303,8.77414205905826,8.122505985634477,0.5632635520903677,0.8775943322617895,7.247792261578393,0.0
264,23,0,1253.0,0.7741420590582602,101000.0,13.0,229848.36392657622,47885.07581803671,99809.33333333333,0.945730247406225,100571.40143655227,0.9957564498668542,129276.96249002394,35083.24900239425,2.0,2.0,0.0,1.0,0.0,89060.83559457303,8.77414205905826,8.122505985634477,0.5632635520903677,0.8775943322617895,7.247792261578393,0.0
265,23,1,1032.0,0.5988372093023255,121000.0,13.0,362403.1007751938,58139.53488372093,105772.33333333333,1.1637596899224807,102170.45930232559,0.8443839611762445,260232.6414728682,145886.36240310076,2.0,2.0,0.0,0.0,1.0,93314.63953488372,8.401162790697674,7.581686046511627,0.44633273703041143,0.9682091671173607,7.222901751705933,0.0
265,40,1,1032.0,0.5988372093023255,121000.0,13.0,362403.1007751938,58139.53488372093,105772.33333333333,1.1637596899224807,101816.83139534884,0.8414614164904862,260586.26937984495,143404.18217054263,2.0,2.0,0.0,0.5988372093023255,0.4011627906976744,92141.6511627907,8.598837209302326,7.8683139534883715,0.47674418604651164,1.0327598251307013,7.372011106258567,0.0
265,5,1,1032.0,0.5988372093023255,121000.0,13.0,362403.1007751938,58139.53488372093,105772.33333333333,1.1637596899224807,99859.55813953489,0.8252856044589659,262543.54263565893,143404.18217054263,2.0,1.0,0.4011627906976744,0.0,0.5988372093023255,89236.83139534884,9.0,8.45,0.5384615384615384,1.1637596899224807,7.674615384615383,0.0
265,45,0,1032.0,0.5988372093023255,121000.0,13.0,362403.1007751938,58139.53488372093,105772.33333333333,1.1637596899224807,104995.87790697675,0.8677345281568326,257407.22286821707,145886.36240310076,2.0,1.0,0.0,0.0,1.0,97802.87790697675,8.0,7.0,0.38461538461538464,0.8372093023255814,6.920297473349117,0.0
265,29,0,1032.0,0.5988372093023255,121000.0,13.0,362403.1007751938,58139.53488372093,105772.33333333333,1.1637596899224807,104209.16860465116,0.8612327983855468,258193.93217054263,142741.81686046513,2.0,1.0,0.4011627906976744,0.0,0.5988372093023255,97016.16860465116,8.0,7.0,0.38461538461538464,0.8372093023255814,6.920297473349117,0.0
265,46,0,1032.0,0.5988372093023255,121000.0,13.0,362403.1007751938,58139.53488372093,105772.33333333333,1.1637596899224807,103710.92441860466,0.8571150778397079,258692.17635658916,143240.06104651163,2.0,1.0,0.4011627906976744,0.0,0.5988372093023255,96517.92441860466,8.0,7.0,0.38461538461538464,0.8372093023255814,6.920297473349117,0.0
265,70,0,1032.0,0.5988372093023255,121000.0,13.0,362403.1007751938,58139.53488372093,105772.33333333333,1.1637596899224807,104496.02906976744,0.8636035460311359,257907.07170542635,145886.36240310076,2.0,1.0,0.0,0.0,1.0,97303.02906976744,8.0,7.0,0.38461538461538464,0.8372093023255814,6.920297473349117,0.0
265,38,0,1032.0,0.5988372093023255,121000.0,13.0,362403.1007751938,58139.53488372093,105772.33333333333,1.1637596899224807,104496.02906976744,0.8636035460311359,257907.07170542635,145886.36240310076,2.0,1.0,0.0,1.0,0.0,97303.02906976744,8.0,7.0,0.38461538461538464,0.8372093023255814,6.920297473349117,0.0
265,26,0,1032.0,0.5988372093023255,121000.0,13.0,362403.1007751938,58139.53488372093,105772.33333333333,1.1637596899224807,104995.87790697675,0.8677345281568326,257407.22286821707,87251.81589147287,2.0,1.0,0.5988372093023255,0.0,0.4011627906976744,97802.87790697675,8.0,7.0,0.38461538461538464,0.8372093023255814,6.920297473349117,0.0
265,34,0,1032.0,0.5988372093023255,121000.0,13.0,362403.1007751938,58139.53488372093,105772.33333333333,1.1637596899224807,104995.87790697675,0.8677345281568326,257407.22286821707,113027.37790697675,2.0,1.0,0.4011627906976744,0.5988372093023255,0.0,97802.87790697675,8.0,7.0,0.38461538461538464,0.8372093023255814,6.920297473349117,0.0
265,60,0,1032.0,0.5988372093023255,121000.0,13.0,362403.1007751938,58139.53488372093,105772.33333333333,1.1637596899224807,104496.02906976744,0.8636035460311359,257907.07170542635,145886.36240310076,2.0,1.0,0.0,0.0,1.0,97303.02906976744,8.0,7.0,0.38461538461538464,0.8372093023255814,6.920297473349117,0.0
265,30,0,1032.0,0.5988372093023255,121000.0,13.0,362403.1007751938,58139.53488372093,105772.33333333333,1.1637596899224807,104209.16860465116,0.8612327983855468,258193.93217054263,145886.36240310076,2.0,1.0,0.0,0.5988372093023255,0.4011627906976744,97016.16860465116,8.0,7.0,0.38461538461538464,0.8372093023255814,6.920297473349117,0.0
267,71,1,604.0,0.6506622516556292,111000.0,13.0,375827.8145695364,99337.74834437086,95077.0,1.9602649006622517,92089.56125827815,0.8296356870115148,283738.2533112583,140825.80794701987,2.0,1.0,0.0,1.0,0.0,84605.56125827815,8.0,7.0,0.38461538461538464,1.3178807947019868,7.06994584809473,0.0
267,69,1,604.0,0.6506622516556292,111000.0,13.0,375827.8145695364,99337.74834437086,95077.0,1.9602649006622517,93002.03145695364,0.8378561392518347,282825.7831125828,140825.80794701987,2.0,2.0,0.0,1.0,0.0,83880.68543046358,8.349337748344372,7.506539735099337,0.43835965359144163,1.5422898118503574,7.28117974247529,0.0
267,11,1,604.0,0.6506622516556292,111000.0,13.0,375827.8145695364,99337.74834437086,95077.0,1.9602649006622517,92430.86423841059,0.8327104886343297,283396.9503311258,140825.80794701987,2.0,1.0,0.34933774834437087,0.6506622516556292,0.0,84946.86423841059,8.0,7.0,0.38461538461538464,1.3178807947019868,7.06994584809473,0.0
268,36,1,1249.0,0.5636509207365893,110000.0,9.0,216172.93835068055,48038.43074459568,94474.66666666667,0.9135308246597278,92092.67413931145,0.837206128539195,124080.2642113691,35831.28903122498,2.0,1.0,1.0,0.0,0.0,85725.67413931145,8.0,7.0,0.5555555555555556,0.5956765412329864,6.4840253429292,0.0
268,61,1,1249.0,0.5636509207365893,110000.0,9.0,216172.93835068055,48038.43074459568,94474.66666666667,0.9135308246597278,91848.05684547639,0.8349823349588762,124324.88150520416,62675.56204963971,2.0,1.0,0.0,0.4363490792634107,0.5636509207365893,79321.05684547639,9.0,8.45,0.7777777777777778,0.9135308246597278,6.956666666666667,0.0
268,28,1,1249.0,0.5636509207365893,110000.0,9.0,216172.93835068055,48038.43074459568,94474.66666666667,0.9135308246597278,92092.67413931145,0.837206128539195,124080.2642113691,62430.944755804645,2.0,1.0,0.0,0.4363490792634107,0.5636509207365893,85725.67413931145,8.0,7.0,0.5555555555555556,0.5956765412329864,6.4840253429292,0.0
270,39,1,1122.0,0.5909090909090909,100000.0,11.0,264705.8823529412,53475.935828877,95514.33333333333,1.1149732620320856,90097.66131907309,0.9009766131907309,174608.2210338681,49831.03743315508,2.0,1.0,1.0,0.0,0.0,80257.81818181818,9.0,8.45,0.6363636363636364,1.1149732620320856,7.380909090909092,0.0
270,0,1,1122.0,0.5909090909090909,100000.0,11.0,264705.8823529412,53475.935828877,95514.33333333333,1.1149732620320856,90769.69786096257,0.9076969786096256,173936.1844919786,49159.0008912656,2.0,1.0,0.4090909090909091,0.5909090909090909,0.0,79978.0,9.0,8.45,0.6363636363636364,1.1149732620320856,7.380909090909092,0.0
270,54,1,1122.0,0.5909090909090909,100000.0,11.0,264705.8823529412,53475.935828877,95514.33333333333,1.1149732620320856,90756.559714795,0.90756559714795,173949.32263814617,80560.23440285205,2.0,1.0,0.5909090909090909,0.4090909090909091,0.0,80257.81818181818,9.0,8.45,0.6363636363636364,1.1149732620320856,7.380909090909092,0.0
270,25,0,1122.0,0.5909090909090909,100000.0,11.0,264705.8823529412,53475.935828877,95514.33333333333,1.1149732620320856,99068.68181818182,0.9906868181818181,165637.20053475935,40860.01693404635,2.0,1.0,1.0,0.0,0.0,92426.68181818182,8.0,7.0,0.45454545454545453,0.696078431372549,6.3461987645443285,0.0
270,64,0,1122.0,0.5909090909090909,100000.0,11.0,264705.8823529412,53475.935828877,95514.33333333333,1.1149732620320856,95862.78342245989,0.958627834224599,168843.0989304813,44065.91532976827,2.0,2.0,0.4090909090909091,0.5909090909090909,0.0,87914.81818181818,8.409090909090908,7.593181818181818,0.5289256198347108,0.8674444984605412,6.7694893526026405,0.0
270,33,0,1122.0,0.5909090909090909,100000.0,11.0,264705.8823529412,53475.935828877,95514.33333333333,1.1149732620320856,99549.36363636363,0.9954936363636364,165156.51871657753,105801.74420677361,2.0,1.0,0.0,0.0,1.0,92907.36363636363,8.0,7.0,0.45454545454545453,0.696078431372549,6.3461987645443285,0.0
270,4,0,1122.0,0.5909090909090909,100000.0,11.0,264705.8823529412,53475.935828877,95514.33333333333,1.1149732620320856,98333.77272727272,0.9833377272727273,166372.10962566844,75524.29411764706,2.0,1.0,0.5909090909090909,0.0,0.4090909090909091,91691.77272727272,8.0,7.0,0.45454545454545453,0.696078431372549,6.3461987645443285,0.0
270,27,0,1122.0,0.5909090909090909,100000.0,11.0,264705.8823529412,53475.935828877,95514.33333333333,1.1149732620320856,99549.36363636363,0.9954936363636364,165156.51871657753,94746.53654188948,2.0,1.0,0.0,0.4090909090909091,0.5909090909090909,92907.36363636363,8.0,7.0,0.45454545454545453,0.696078431372549,6.3461987645443285,0.0
270,18,0,1122.0,0.5909090909090909,100000.0,11.0,264705.8823529412,53475.935828877,95514.33333333333,1.1149732620320856,94730.5,0.947305,169975.38235294117,45198.19875222816,2.0,2.0,0.4090909090909091,0.5909090909090909,0.0,85250.36363636363,8.590909090909092,7.856818181818181,0.5619834710743802,0.9436071949440934,6.957618502850779,0.0
270,30,0,1122.0,0.5909090909090909,100000.0,11.0,264705.8823529412,53475.935828877,95514.33333333333,1.1149732620320856,99068.68181818182,0.9906868181818181,165637.20053475935,40860.01693404635,2.0,1.0,1.0,0.0,0.0,92426.68181818182,8.0,7.0,0.45454545454545453,0.696078431372549,6.3461987645443285,0.0
270,17,0,1122.0,0.5909090909090909,100000.0,11.0,264705.8823529412,53475.935828877,95514.33333333333,1.1149732620320856,93303.559714795,0.93303559714795,171402.32263814617,80560.23440285205,2.0,2.0,0.5909090909090909,0.4090909090909091,0.0,84769.68181818182,8.590909090909092,7.856818181818181,0.5619834710743802,0.9436071949440934,6.957618502850779,0.0
270,8,0,1122.0,0.5909090909090909,100000.0,11.0,264705.8823529412,53475.935828877,95514.33333333333,1.1149732620320856,99549.36363636363,0.9954936363636364,165156.51871657753,40379.33511586453,2.0,1.0,1.0,0.0,0.0,92907.36363636363,8.0,7.0,0.45454545454545453,0.696078431372549,6.3461987645443285,0.0
271,50,1,1311.0,0.5102974828375286,124000.0,9.0,192219.6796338673,45766.59038901602,104192.66666666667,0.8581235697940504,99241.2585812357,0.8003327304938362,92978.42105263157,74671.78489702517,2.0,2.0,0.4897025171624714,0.0,0.5102974828375286,91259.71624713959,8.489702517162472,7.710068649885583,0.6643783371472158,0.7432969050823257,6.846562480369723,0.0
271,40,1,1311.0,0.5102974828375286,124000.0,9.0,192219.6796338673,45766.59038901602,104192.66666666667,0.8581235697940504,98902.44317315027,0.7976003481705667,93317.23646071702,67382.8352402746,2.0,2.0,0.4897025171624714,0.5102974828375286,0.0,90913.98627002288,8.489702517162472,7.710068649885583,0.6643783371472158,0.7432969050823257,6.846562480369723,0.0
271,9,1,1311.0,0.5102974828375286,124000.0,9.0,192219.6796338673,45766.59038901602,104192.66666666667,0.8581235697940504,98295.69946605645,0.7927072537585197,93923.98016781083,67989.57894736843,2.0,2.0,0.4897025171624714,0.5102974828375286,0.0,90307.24256292907,8.489702517162472,7.710068649885583,0.6643783371472158,0.7432969050823257,6.846562480369723,0.0
271,53,0,1311.0,0.5102974828375286,124000.0,9.0,192219.6796338673,45766.59038901602,104192.66666666667,0.8581235697940504,100137.13958810069,0.8075575773233926,92082.5400457666,73775.90389016019,2.0,2.0,0.0,0.4897025171624714,0.5102974828375286,91259.71624713959,8.489702517162472,7.710068649885583,0.6643783371472158,0.7432969050823257,6.846562480369723,0.0
271,36,0,1311.0,0.5102974828375286,124000.0,9.0,192219.6796338673,45766.59038901602,104192.66666666667,0.8581235697940504,99530.39588100686,0.8026644829113457,92689.28375286041,74382.647597254,2.0,2.0,0.0,1.0,0.0,90652.97254004577,8.489702517162472,7.710068649885583,0.6643783371472158,0.7432969050823257,6.846562480369723,0.0
271,24,0,1311.0,0.5102974828375286,124000.0,9.0,192219.6796338673,45766.59038901602,104192.66666666667,0.8581235697940504,100137.13958810069,0.8075575773233926,92082.5400457666,73775.90389016019,2.0,2.0,0.0,1.0,0.0,91259.71624713959,8.489702517162472,7.710068649885583,0.6643783371472158,0.7432969050823257,6.846562480369723,0.0
271,16,0,1311.0,0.5102974828375286,124000.0,9.0,192219.6796338673,45766.59038901602,104192.66666666667,0.8581235697940504,102250.63157894737,0.8246018675721561,89969.04805491991,71662.4118993135,2.0,1.0,0.0,0.4897025171624714,0.5102974828375286,91114.63157894737,9.0,8.45,0.7777777777777778,0.8581235697940504,6.956666666666667,0.0
271,35,0,1311.0,0.5102974828375286,124000.0,9.0,192219.6796338673,45766.59038901602,104192.66666666667,0.8581235697940504,99657.22196796339,0.8036872739351886,92562.45766590389,66628.05644546148,2.0,2.0,0.4897025171624714,0.5102974828375286,0.0,90688.64530892449,8.510297482837528,7.739931350114416,0.6689549961861174,0.7479311650931129,6.851006147081257,0.0
271,21,0,1311.0,0.5102974828375286,124000.0,9.0,192219.6796338673,45766.59038901602,104192.66666666667,0.8581235697940504,102278.5995423341,0.8248274156639847,89941.08009153318,71634.44393592677,2.0,1.0,0.0,0.4897025171624714,0.5102974828375286,91142.5995423341,9.0,8.45,0.7777777777777778,0.8581235697940504,6.956666666666667,0.0
271,27,0,1311.0,0.5102974828375286,124000.0,9.0,192219.6796338673,45766.59038901602,104192.66666666667,0.8581235697940504,100236.05034324943,0.8083552447036244,91983.62929061784,73676.99313501143,2.0,2.0,0.0,1.0,0.0,91267.47368421052,8.510297482837528,7.739931350114416,0.6689549961861174,0.7479311650931129,6.851006147081257,0.0
271,49,0,1311.0,0.5102974828375286,124000.0,9.0,192219.6796338673,45766.59038901602,104192.66666666667,0.8581235697940504,102624.3295194508,0.8276155606407323,89595.35011441648,89595.35011441648,2.0,1.0,0.0,0.5102974828375286,0.4897025171624714,91488.3295194508,9.0,8.45,0.7777777777777778,0.8581235697940504,6.956666666666667,0.0
271,18,0,1311.0,0.5102974828375286,124000.0,9.0,192219.6796338673,45766.59038901602,104192.66666666667,0.8581235697940504,102250.63157894737,0.8246018675721561,89969.04805491991,71662.4118993135,2.0,1.0,0.0,0.4897025171624714,0.5102974828375286,91114.63157894737,9.0,8.45,0.7777777777777778,0.8581235697940504,6.956666666666667,0.0
272,6,1,1001.0,0.6353646353646354,120000.0,12.0,306693.3066933067,59940.05994005994,99334.66666666667,1.1178821178821179,95529.81418581419,0.7960817848817848,211163.4925074925,94099.84815184816,2.0,1.0,1.0,0.0,0.0,84821.23876123877,9.0,8.45,0.5,1.1178821178821179,7.789999999999999,0.0
272,9,1,1001.0,0.6353646353646354,120000.0,12.0,306693.3066933067,59940.05994005994,99334.66666666667,1.1178821178821179,97511.38361638361,0.8125948634698634,209181.92307692306,144441.75324675324,2.0,1.0,0.0,1.0,0.0,85106.38361638361,9.0,8.45,0.5,1.1178821178821179,7.789999999999999,0.0
272,37,1,1001.0,0.6353646353646354,120000.0,12.0,306693.3066933067,59940.05994005994,99334.66666666667,1.1178821178821179,97686.71228771229,0.8140559357309357,209006.5944055944,143984.92607392606,2.0,1.0,0.0,1.0,0.0,85281.71228771229,9.0,8.45,0.5,1.1178821178821179,7.789999999999999,0.0
272,12,0,1001.0,0.6353646353646354,120000.0,12.0,306693.3066933067,59940.05994005994,99334.66666666667,1.1178821178821179,104005.71328671329,0.8667142773892774,202687.5934065934,88971.18481518481,2.0,1.0,0.6353646353646354,0.3646353646353646,0.0,96815.71328671329,8.0,7.0,0.4166666666666667,0.8451548451548452,6.3500000000000005,0.0
272,36,0,1001.0,0.6353646353646354,120000.0,12.0,306693.3066933067,59940.05994005994,99334.66666666667,1.1178821178821179,100420.01898101898,0.8368334915084915,206273.2877122877,144335.22577422578,2.0,2.0,0.0,1.0,0.0,89916.59240759241,8.635364635364635,7.921278721278721,0.4696137196137196,1.0184361093452003,7.264925074925075,0.0
272,67,0,1001.0,0.6353646353646354,120000.0,12.0,306693.3066933067,59940.05994005994,99334.66666666667,1.1178821178821179,101279.6993006993,0.8439974941724941,205413.6073926074,140391.93906093907,2.0,2.0,0.0,1.0,0.0,92188.12587412588,8.364635364635365,7.528721278721279,0.447052947052947,0.9446008536917627,6.875074925074925,0.0
272,56,0,1001.0,0.6353646353646354,120000.0,12.0,306693.3066933067,59940.05994005994,99334.66666666667,1.1178821178821179,98884.34265734266,0.8240361888111888,207808.96403596405,94099.84815184816,2.0,2.0,1.0,0.0,0.0,89459.76523476523,8.635364635364635,7.921278721278721,0.4696137196137196,1.0184361093452003,7.264925074925075,0.0
272,40,0,1001.0,0.6353646353646354,120000.0,12.0,306693.3066933067,59940.05994005994,99334.66666666667,1.1178821178821179,101741.81618381619,0.8478484681984682,204951.4905094905,109047.3946053946,2.0,2.0,0.3646353646353646,0.6353646353646354,0.0,93273.2007992008,8.364635364635365,7.528721278721279,0.447052947052947,0.9446008536917627,6.875074925074925,0.0
272,21,0,1001.0,0.6353646353646354,120000.0,12.0,306693.3066933067,59940.05994005994,99334.66666666667,1.1178821178821179,102099.31968031968,0.850827664002664,204593.98701298703,88151.56443556443,2.0,2.0,0.6353646353646354,0.3646353646353646,0.0,93007.74625374626,8.364635364635365,7.528721278721279,0.447052947052947,0.9446008536917627,6.875074925074925,0.0
272,51,0,1001.0,0.6353646353646354,120000.0,12.0,306693.3066933067,59940.05994005994,99334.66666666667,1.1178821178821179,100420.01898101898,0.8368334915084915,206273.2877122877,144335.22577422578,2.0,2.0,0.0,1.0,0.0,89916.59240759241,8.635364635364635,7.921278721278721,0.4696137196137196,1.0184361093452003,7.264925074925075,0.0
272,49,0,1001.0,0.6353646353646354,120000.0,12.0,306693.3066933067,59940.05994005994,99334.66666666667,1.1178821178821179,104832.62637362638,0.8736052197802198,201860.6803196803,88151.56443556443,2.0,1.0,0.6353646353646354,0.3646353646353646,0.0,97642.62637362638,8.0,7.0,0.4166666666666667,0.8451548451548452,6.3500000000000005,0.0
272,31,0,1001.0,0.6353646353646354,120000.0,12.0,306693.3066933067,59940.05994005994,99334.66666666667,1.1178821178821179,104832.62637362638,0.8736052197802198,201860.6803196803,88151.56443556443,2.0,1.0,0.6353646353646354,0.3646353646353646,0.0,97642.62637362638,8.0,7.0,0.4166666666666667,0.8451548451548452,6.3500000000000005,0.0
274,55,1,1055.0,0.7213270142180095,116000.0,11.0,301421.8009478673,56872.037914691944,98079.66666666667,1.128909952606635,96887.41706161137,0.8352363539794084,204534.38388625594,143728.54881516588,2.0,2.0,0.7213270142180095,0.2786729857819905,0.0,87262.62085308057,8.721327014218009,8.045924170616114,0.5856958207669108,1.0113654230587812,7.3155789203607515,0.0
274,35,1,1055.0,0.7213270142180095,116000.0,11.0,301421.8009478673,56872.037914691944,98079.66666666667,1.128909952606635,99017.48625592417,0.8535990194476222,202404.31469194312,145532.2767772512,2.0,2.0,0.2786729857819905,0.0,0.7213270142180095,88117.36966824645,8.721327014218009,8.045924170616114,0.5856958207669108,1.0113654230587812,7.3155789203607515,0.0
274,32,1,1055.0,0.7213270142180095,116000.0,11.0,301421.8009478673,56872.037914691944,98079.66666666667,1.128909952606635,97731.2018957346,0.8425103611701258,203690.5990521327,143191.30426540284,2.0,2.0,0.7213270142180095,0.2786729857819905,0.0,88117.36966824645,8.721327014218009,8.045924170616114,0.5856958207669108,1.0113654230587812,7.3155789203607515,0.0
274,63,0,1055.0,0.7213270142180095,116000.0,11.0,301421.8009478673,56872.037914691944,98079.66666666667,1.128909952606635,101033.06919431279,0.870974734433731,200388.73175355452,143516.69383886256,2.0,1.0,0.0,0.2786729857819905,0.7213270142180095,88630.06919431279,9.0,8.45,0.6363636363636364,1.128909952606635,7.380909090909091,0.0
274,57,0,1055.0,0.7213270142180095,116000.0,11.0,301421.8009478673,56872.037914691944,98079.66666666667,1.128909952606635,100328.23317535545,0.8648985618565125,201093.56777251186,141377.92796208532,2.0,1.0,0.2786729857819905,0.7213270142180095,0.0,88418.27772511849,9.0,8.45,0.6363636363636364,1.128909952606635,7.380909090909091,0.0
274,41,0,1055.0,0.7213270142180095,116000.0,11.0,301421.8009478673,56872.037914691944,98079.66666666667,1.128909952606635,101584.34312796209,0.8757270959307076,199837.45781990522,155398.97251184835,2.0,1.0,0.0,0.0,1.0,89181.34312796209,9.0,8.45,0.6363636363636364,1.128909952606635,7.380909090909091,0.0
274,61,0,1055.0,0.7213270142180095,116000.0,11.0,301421.8009478673,56872.037914691944,98079.66666666667,1.128909952606635,101087.0009478673,0.8714396633436836,200334.8,143462.76208530806,2.0,1.0,0.2786729857819905,0.0,0.7213270142180095,89181.34312796209,9.0,8.45,0.6363636363636364,1.128909952606635,7.380909090909091,0.0
274,34,0,1055.0,0.7213270142180095,116000.0,11.0,301421.8009478673,56872.037914691944,98079.66666666667,1.128909952606635,101584.34312796209,0.8757270959307076,199837.45781990522,155398.97251184835,2.0,1.0,0.0,0.7213270142180095,0.2786729857819905,89181.34312796209,9.0,8.45,0.6363636363636364,1.128909952606635,7.380909090909091,0.0
274,37,0,1055.0,0.7213270142180095,116000.0,11.0,301421.8009478673,56872.037914691944,98079.66666666667,1.128909952606635,101584.34312796209,0.8757270959307076,199837.45781990522,142965.41990521326,2.0,1.0,0.0,0.2786729857819905,0.7213270142180095,89181.34312796209,9.0,8.45,0.6363636363636364,1.128909952606635,7.380909090909091,0.0
274,62,0,1055.0,0.7213270142180095,116000.0,11.0,301421.8009478673,56872.037914691944,98079.66666666667,1.128909952606635,100821.27772511849,0.8691489459061938,200600.5232227488,143728.48530805687,2.0,1.0,0.0,0.2786729857819905,0.7213270142180095,88418.27772511849,9.0,8.45,0.6363636363636364,1.128909952606635,7.380909090909091,0.0
274,22,0,1055.0,0.7213270142180095,116000.0,11.0,301421.8009478673,56872.037914691944,98079.66666666667,1.128909952606635,100535.78862559242,0.866687832979245,200886.01232227488,141170.37251184834,2.0,1.0,0.2786729857819905,0.7213270142180095,0.0,88630.06919431279,9.0,8.45,0.6363636363636364,1.128909952606635,7.380909090909091,0.0
274,33,0,1055.0,0.7213270142180095,116000.0,11.0,301421.8009478673,56872.037914691944,98079.66666666667,1.128909952606635,100086.2672985782,0.8628126491256741,201335.5336492891,143191.30426540284,2.0,1.0,0.7213270142180095,0.2786729857819905,0.0,88969.55165876777,9.0,8.45,0.6363636363636364,1.128909952606635,7.380909090909091,0.0
275,2,1,750.0,0.572,107000.0,8.0,384000.0,80000.0,98113.33333333333,1.652,92918.48933333333,0.8683970965732087,291081.51066666667,171365.72666666665,2.0,1.0,0.572,0.428,0.0,81804.016,9.0,8.45,0.875,1.652,6.665,0.0
275,71,1,750.0,0.572,107000.0,8.0,384000.0,80000.0,98113.33333333333,1.652,93852.016,0.877121644859813,290147.984,214147.984,2.0,1.0,0.0,0.428,0.572,81804.016,9.0,8.45,0.875,1.652,6.665,0.0
275,23,1,750.0,0.572,107000.0,8.0,384000.0,80000.0,98113.33333333333,1.652,94149.476,0.879901644859813,289850.524,213850.524,2.0,1.0,0.0,0.428,0.572,82101.476,9.0,8.45,0.875,1.652,6.665,0.0
276,5,1,808.0,0.5396039603960396,120000.0,9.0,196782.17821782178,74257.42574257425,94838.66666666667,1.5940594059405941,91947.25247524753,0.7662271039603961,104834.92574257425,56840.46287128713,2.0,2.0,0.4603960396039604,0.0,0.5396039603960396,82536.20792079208,8.53960396039604,7.782425742574257,0.6155115511551155,1.353035241642976,6.904237470728058,0.0
276,1,1,808.0,0.5396039603960396,120000.0,9.0,196782.17821782178,74257.42574257425,94838.66666666667,1.5940594059405941,90582.69306930693,0.7548557755775578,106199.48514851485,36892.55445544554,2.0,1.0,0.4603960396039604,0.5396039603960396,0.0,79654.96534653465,9.0,8.45,0.6666666666666666,1.5940594059405941,7.290000000000002,0.0
276,49,1,808.0,0.5396039603960396,120000.0,9.0,196782.17821782178,74257.42574257425,94838.66666666667,1.5940594059405941,91094.75371287129,0.7591229476072607,105687.4245049505,16291.676980198019,2.0,2.0,0.5396039603960396,0.0,0.4603960396039604,82536.20792079208,8.53960396039604,7.782425742574257,0.6155115511551155,1.353035241642976,6.904237470728058,0.0
276,44,0,808.0,0.5396039603960396,120000.0,9.0,196782.17821782178,74257.42574257425,94838.66666666667,1.5940594059405941,93011.92574257425,0.7750993811881188,103770.25247524753,60701.158415841586,2.0,1.0,0.0,0.4603960396039604,0.5396039603960396,86237.92574257425,8.0,7.0,0.5555555555555556,1.0705445544554455,6.4521071944846,0.0
276,68,0,808.0,0.5396039603960396,120000.0,9.0,196782.17821782178,74257.42574257425,94838.66666666667,1.5940594059405941,93011.92574257425,0.7750993811881188,103770.25247524753,13881.881188118812,2.0,1.0,0.5396039603960396,0.4603960396039604,0.0,86237.92574257425,8.0,7.0,0.5555555555555556,1.0705445544554455,6.4521071944846,0.0
276,3,0,808.0,0.5396039603960396,120000.0,9.0,196782.17821782178,74257.42574257425,94838.66666666667,1.5940594059405941,93011.92574257425,0.7750993811881188,103770.25247524753,13881.881188118812,2.0,1.0,0.5396039603960396,0.0,0.4603960396039604,86237.92574257425,8.0,7.0,0.5555555555555556,1.0705445544554455,6.4521071944846,0.0
276,15,0,808.0,0.5396039603960396,120000.0,9.0,196782.17821782178,74257.42574257425,94838.66666666667,1.5940594059405941,92906.47524752475,0.7742206270627062,103875.70297029703,60701.158415841586,2.0,1.0,0.0,0.5396039603960396,0.4603960396039604,86132.47524752475,8.0,7.0,0.5555555555555556,1.0705445544554455,6.4521071944846,0.0
276,43,0,808.0,0.5396039603960396,120000.0,9.0,196782.17821782178,74257.42574257425,94838.66666666667,1.5940594059405941,93504.5495049505,0.7792045792079207,103277.62871287129,57380.33663366337,2.0,1.0,0.4603960396039604,0.0,0.5396039603960396,86730.5495049505,8.0,7.0,0.5555555555555556,1.0705445544554455,6.4521071944846,0.0
276,62,0,808.0,0.5396039603960396,120000.0,9.0,196782.17821782178,74257.42574257425,94838.66666666667,1.5940594059405941,93011.92574257425,0.7750993811881188,103770.25247524753,60701.158415841586,2.0,1.0,0.0,0.4603960396039604,0.5396039603960396,86237.92574257425,8.0,7.0,0.5555555555555556,1.0705445544554455,6.4521071944846,0.0
276,11,0,808.0,0.5396039603960396,120000.0,9.0,196782.17821782178,74257.42574257425,94838.66666666667,1.5940594059405941,92416.61386138614,0.7701384488448845,104365.56435643564,14471.668316831683,2.0,1.0,0.5396039603960396,0.4603960396039604,0.0,85642.61386138614,8.0,7.0,0.5555555555555556,1.0705445544554455,6.4521071944846,0.0
276,41,0,808.0,0.5396039603960396,120000.0,9.0,196782.17821782178,74257.42574257425,94838.66666666667,1.5940594059405941,92313.64356435643,0.7692803630363036,104468.53465346535,58064.11386138614,2.0,2.0,0.0,1.0,0.0,82902.599009901,8.53960396039604,7.782425742574257,0.6155115511551155,1.353035241642976,6.904237470728058,0.0
276,54,0,808.0,0.5396039603960396,120000.0,9.0,196782.17821782178,74257.42574257425,94838.66666666667,1.5940594059405941,92416.61386138614,0.7701384488448845,104365.56435643564,14471.668316831683,2.0,1.0,0.5396039603960396,0.0,0.4603960396039604,85642.61386138614,8.0,7.0,0.5555555555555556,1.0705445544554455,6.4521071944846,0.0
279,43,1,1071.0,0.611577964519141,120000.0,7.0,182072.82913165266,56022.40896358543,101280.33333333333,1.112044817927171,93209.01027077498,0.7767417522564581,88863.81886087768,31957.18487394958,2.0,1.0,0.388422035480859,0.0,0.611577964519141,85973.01027077498,8.0,7.0,0.7142857142857143,0.7068160597572363,6.457142857142857,0.0
279,37,1,1071.0,0.611577964519141,120000.0,7.0,182072.82913165266,56022.40896358543,101280.33333333333,1.112044817927171,93500.38281979458,0.7791698568316215,88572.44631185808,45061.08309990663,2.0,1.0,0.0,0.388422035480859,0.611577964519141,86264.38281979458,8.0,7.0,0.7142857142857143,0.7068160597572363,6.457142857142857,0.0
279,34,1,1071.0,0.611577964519141,120000.0,7.0,182072.82913165266,56022.40896358543,101280.33333333333,1.112044817927171,92788.73762838468,0.7732394802365391,89284.09150326798,6184.18487394958,2.0,1.0,0.388422035480859,0.611577964519141,0.0,85552.73762838468,8.0,7.0,0.7142857142857143,0.7068160597572363,6.457142857142857,0.0
279,67,0,1071.0,0.611577964519141,120000.0,7.0,182072.82913165266,56022.40896358543,101280.33333333333,1.112044817927171,98168.77124183007,0.8180730936819172,83904.0578898226,-7325.46218487395,2.0,2.0,0.611577964519141,0.0,0.388422035480859,89161.56676003734,8.38842203548086,7.563211951447245,0.8252634387088168,0.864215838840983,6.3154609305230185,0.0
279,1,0,1071.0,0.611577964519141,120000.0,7.0,182072.82913165266,56022.40896358543,101280.33333333333,1.112044817927171,105739.74323062558,0.8811645269218799,76333.08590102708,-14585.3081232493,2.0,1.0,0.611577964519141,0.0,0.388422035480859,95104.10270774977,9.0,8.45,1.0,1.112044817927171,6.092380012407648,0.0
279,30,0,1071.0,0.611577964519141,120000.0,7.0,182072.82913165266,56022.40896358543,101280.33333333333,1.112044817927171,97433.27077497666,0.8119439231248055,84639.558356676,-7325.46218487395,2.0,2.0,1.0,0.0,0.0,89161.56676003734,8.38842203548086,7.563211951447245,0.8252634387088168,0.864215838840983,6.3154609305230185,0.0
279,11,0,1071.0,0.611577964519141,120000.0,7.0,182072.82913165266,56022.40896358543,101280.33333333333,1.112044817927171,98875.75536881419,0.8239646280734516,83197.07376283847,36872.18860877684,2.0,2.0,0.0,1.0,0.0,89868.55088702147,8.38842203548086,7.563211951447245,0.8252634387088168,0.864215838840983,6.3154609305230185,0.0
279,69,0,1071.0,0.611577964519141,120000.0,7.0,182072.82913165266,56022.40896358543,101280.33333333333,1.112044817927171,93922.98599439776,0.7826915499533147,88149.8431372549,-8032.446311858076,2.0,1.0,1.0,0.0,0.0,86686.98599439776,8.0,7.0,0.7142857142857143,0.7068160597572363,6.457142857142857,0.0
279,15,0,1071.0,0.611577964519141,120000.0,7.0,182072.82913165266,56022.40896358543,101280.33333333333,1.112044817927171,93500.38281979458,0.7791698568316215,88572.44631185808,-8032.446311858076,2.0,1.0,0.611577964519141,0.0,0.388422035480859,86264.38281979458,8.0,7.0,0.7142857142857143,0.7068160597572363,6.457142857142857,0.0
279,12,0,1071.0,0.611577964519141,120000.0,7.0,182072.82913165266,56022.40896358543,101280.33333333333,1.112044817927171,107083.13165266106,0.8923594304388422,74989.6974789916,42272.28758169935,2.0,1.0,0.0,0.388422035480859,0.611577964519141,95287.13165266106,9.0,8.45,1.0,1.112044817927171,6.092380012407648,0.0
279,20,0,1071.0,0.611577964519141,120000.0,7.0,182072.82913165266,56022.40896358543,101280.33333333333,1.112044817927171,101707.75910364145,0.8475646591970122,80365.0700280112,30436.016806722688,2.0,2.0,0.0,1.0,0.0,91682.96358543418,8.61157796451914,7.886788048552755,0.8890222755768974,0.9546450388434241,6.234061939027487,0.0
279,14,0,1071.0,0.611577964519141,120000.0,7.0,182072.82913165266,56022.40896358543,101280.33333333333,1.112044817927171,100053.24463118581,0.8337770385932151,82019.58450046685,-14585.3081232493,2.0,2.0,0.611577964519141,0.388422035480859,0.0,91188.80859010271,8.61157796451914,7.886788048552755,0.8890222755768974,0.9546450388434241,6.234061939027487,0.0
281,28,1,871.0,0.5729047072330654,103000.0,11.0,242250.28702640644,68886.33754305396,100004.33333333333,1.4569460390355913,101409.14236509759,0.9845547802436659,140841.14466130885,119653.29161882894,2.0,2.0,0.0,0.5729047072330654,0.42709529276693453,91396.15499425947,8.572904707233066,7.830711825487944,0.5587099467696482,1.2039251767304957,6.899207751303688,0.0
281,8,1,871.0,0.5729047072330654,103000.0,11.0,242250.28702640644,68886.33754305396,100004.33333333333,1.4569460390355913,102592.24454649827,0.9960412091893037,139658.04247990815,98326.23995407578,2.0,2.0,0.5729047072330654,0.42709529276693453,0.0,93241.2319173364,8.427095292766934,7.619288174512055,0.5321991441394427,1.1175443984704228,6.734755949879264,0.0
281,2,1,871.0,0.5729047072330654,103000.0,11.0,242250.28702640644,68886.33754305396,100004.33333333333,1.4569460390355913,101409.14236509759,0.9845547802436659,140841.14466130885,99509.34213547646,2.0,2.0,0.0,0.42709529276693453,0.5729047072330654,91396.15499425947,8.572904707233066,7.830711825487944,0.5587099467696482,1.2039251767304957,6.899207751303688,0.0
281,31,0,871.0,0.5729047072330654,103000.0,11.0,242250.28702640644,68886.33754305396,100004.33333333333,1.4569460390355913,103076.57060849598,1.0007434039659804,139173.71641791044,90953.28013777267,2.0,1.0,1.0,0.0,0.0,95664.57060849598,8.0,7.0,0.45454545454545453,0.8645235361653272,6.2530546102738604,0.0
281,68,0,871.0,0.5729047072330654,103000.0,11.0,242250.28702640644,68886.33754305396,100004.33333333333,1.4569460390355913,103076.57060849598,1.0007434039659804,139173.71641791044,97841.91389207807,2.0,1.0,0.0,1.0,0.0,95664.57060849598,8.0,7.0,0.45454545454545453,0.8645235361653272,6.2530546102738604,0.0
281,45,0,871.0,0.5729047072330654,103000.0,11.0,242250.28702640644,68886.33754305396,100004.33333333333,1.4569460390355913,103076.57060849598,1.0007434039659804,139173.71641791044,97841.91389207807,2.0,1.0,0.0,0.42709529276693453,0.5729047072330654,95664.57060849598,8.0,7.0,0.45454545454545453,0.8645235361653272,6.2530546102738604,0.0
281,67,0,871.0,0.5729047072330654,103000.0,11.0,242250.28702640644,68886.33754305396,100004.33333333333,1.4569460390355913,103076.57060849598,1.0007434039659804,139173.71641791044,118247.2456946039,2.0,1.0,0.0,0.0,1.0,95664.57060849598,8.0,7.0,0.45454545454545453,0.8645235361653272,6.2530546102738604,0.0
281,10,0,871.0,0.5729047072330654,103000.0,11.0,242250.28702640644,68886.33754305396,100004.33333333333,1.4569460390355913,103076.57060849598,1.0007434039659804,139173.71641791044,97841.91389207807,2.0,1.0,0.0,1.0,0.0,95664.57060849598,8.0,7.0,0.45454545454545453,0.8645235361653272,6.2530546102738604,0.0
281,50,0,871.0,0.5729047072330654,103000.0,11.0,242250.28702640644,68886.33754305396,100004.33333333333,1.4569460390355913,103076.57060849598,1.0007434039659804,139173.71641791044,97841.91389207807,2.0,1.0,0.0,1.0,0.0,95664.57060849598,8.0,7.0,0.45454545454545453,0.8645235361653272,6.2530546102738604,0.0
281,18,0,871.0,0.5729047072330654,103000.0,11.0,242250.28702640644,68886.33754305396,100004.33333333333,1.4569460390355913,103076.57060849598,1.0007434039659804,139173.71641791044,118247.2456946039,2.0,1.0,0.0,0.5729047072330654,0.42709529276693453,95664.57060849598,8.0,7.0,0.45454545454545453,0.8645235361653272,6.2530546102738604,0.0
282,53,1,938.0,0.6396588486140725,124000.0,11.0,287846.4818763326,63965.88486140725,95375.33333333333,1.3582089552238805,92822.8827292111,0.7485716349129926,195023.59914712154,142258.76119402985,2.0,2.0,0.0,0.6396588486140725,0.3603411513859275,83985.90831556503,8.360341151385928,7.522494669509595,0.5200620275247141,0.9906437959456449,7.1117824838213215,0.0
282,6,1,938.0,0.6396588486140725,124000.0,11.0,287846.4818763326,63965.88486140725,95375.33333333333,1.3582089552238805,91060.8144989339,0.734361407249467,196785.66737739873,170888.28358208956,2.0,1.0,0.0,0.3603411513859275,0.6396588486140725,84055.8144989339,8.0,7.0,0.45454545454545453,0.7835820895522388,6.96017449516188,0.0
282,20,1,938.0,0.6396588486140725,124000.0,11.0,287846.4818763326,63965.88486140725,95375.33333333333,1.3582089552238805,92680.13965884861,0.7474204811197469,195166.342217484,112010.69189765459,2.0,2.0,1.0,0.0,0.0,84445.79957356077,8.360341151385928,7.522494669509595,0.5200620275247141,0.9906437959456449,7.1117824838213215,0.0
282,61,0,938.0,0.6396588486140725,124000.0,11.0,287846.4818763326,63965.88486140725,95375.33333333333,1.3582089552238805,94322.4434968017,0.7606648669096912,193524.03837953092,110368.3880597015,2.0,2.0,0.3603411513859275,0.6396588486140725,0.0,84065.41791044777,8.639658848614072,7.927505330490405,0.5708470633843769,1.1511472488304746,7.229301102249648,0.0
282,40,0,938.0,0.6396588486140725,124000.0,11.0,287846.4818763326,63965.88486140725,95375.33333333333,1.3582089552238805,94402.48614072494,0.7613103721026205,193443.99573560766,140380.07462686568,2.0,2.0,0.0,1.0,0.0,84145.460554371,8.639658848614072,7.927505330490405,0.5708470633843769,1.1511472488304746,7.229301102249648,0.0
282,33,0,938.0,0.6396588486140725,124000.0,11.0,287846.4818763326,63965.88486140725,95375.33333333333,1.3582089552238805,96274.45842217484,0.7764069227594745,191572.02345415778,165574.96588486142,2.0,1.0,0.0,0.3603411513859275,0.6396588486140725,84185.45842217484,9.0,8.450000000000001,0.6363636363636364,1.3582089552238805,7.380909090909091,0.0
282,45,0,938.0,0.6396588486140725,124000.0,11.0,287846.4818763326,63965.88486140725,95375.33333333333,1.3582089552238805,94395.0671641791,0.7612505416466057,193451.41471215352,110295.7643923241,2.0,1.0,1.0,0.0,0.0,83985.78251599146,9.0,8.450000000000001,0.6363636363636364,1.3582089552238805,7.380909090909091,0.0
282,19,0,938.0,0.6396588486140725,124000.0,11.0,287846.4818763326,63965.88486140725,95375.33333333333,1.3582089552238805,95452.46908315565,0.7697779764770617,192394.01279317698,115200.69083155651,2.0,1.0,0.6396588486140725,0.3603411513859275,0.0,84444.54371002132,9.0,8.450000000000001,0.6363636363636364,1.3582089552238805,7.380909090909091,0.0
282,70,0,938.0,0.6396588486140725,124000.0,11.0,287846.4818763326,63965.88486140725,95375.33333333333,1.3582089552238805,95815.69722814499,0.7727072357108467,192030.78464818763,165802.3646055437,2.0,1.0,0.0,0.3603411513859275,0.6396588486140725,83726.69722814499,9.0,8.450000000000001,0.6363636363636364,1.3582089552238805,7.380909090909091,0.0
282,71,0,938.0,0.6396588486140725,124000.0,11.0,287846.4818763326,63965.88486140725,95375.33333333333,1.3582089552238805,94141.16311300639,0.7592029283306967,193705.3187633262,110549.6684434968,2.0,1.0,1.0,0.0,0.0,83726.69722814499,9.0,8.450000000000001,0.6363636363636364,1.3582089552238805,7.380909090909091,0.0
282,28,0,938.0,0.6396588486140725,124000.0,11.0,287846.4818763326,63965.88486140725,95375.33333333333,1.3582089552238805,94777.24093816632,0.7643325882110187,193069.2409381663,136940.45628997867,2.0,2.0,0.3603411513859275,0.0,0.6396588486140725,84520.21535181237,8.639658848614072,7.927505330490405,0.5708470633843769,1.1511472488304746,7.229301102249648,0.0
282,0,0,938.0,0.6396588486140725,124000.0,11.0,287846.4818763326,63965.88486140725,95375.33333333333,1.3582089552238805,95452.46908315565,0.7697779764770617,192394.01279317698,115200.69083155651,2.0,1.0,0.6396588486140725,0.0,0.3603411513859275,84444.54371002132,9.0,8.450000000000001,0.6363636363636364,1.3582089552238805,7.380909090909091,0.0
284,67,1,1101.0,0.5912806539509536,102000.0,12.0,244323.34241598548,54495.91280653951,96029.66666666667,1.0463215258855585,91205.57220708446,0.8941722765400438,153117.770208901,84997.87920072662,2.0,2.0,0.4087193460490463,0.5912806539509536,0.0,81909.01089918255,8.591280653950953,7.857356948228883,0.515213442325159,0.9056270371002829,7.307220534441068,0.0
284,34,1,1101.0,0.5912806539509536,102000.0,12.0,244323.34241598548,54495.91280653951,96029.66666666667,1.0463215258855585,91205.57220708446,0.8941722765400438,153117.770208901,104295.99091734787,2.0,2.0,0.4087193460490463,0.0,0.5912806539509536,81909.01089918255,8.591280653950953,7.857356948228883,0.515213442325159,0.9056270371002829,7.307220534441068,0.0
284,64,1,1101.0,0.5912806539509536,102000.0,12.0,244323.34241598548,54495.91280653951,96029.66666666667,1.0463215258855585,90366.50953678474,0.8859461719292622,153956.83287920072,104295.99091734787,2.0,2.0,0.0,0.0,1.0,81069.94822888283,8.591280653950953,7.857356948228883,0.515213442325159,0.9056270371002829,7.307220534441068,0.0
284,57,0,1101.0,0.5912806539509536,102000.0,12.0,244323.34241598548,54495.91280653951,96029.66666666667,1.0463215258855585,92840.46321525886,0.9102006197574397,151482.8792007266,106780.55222524978,2.0,1.0,0.4087193460490463,0.0,0.5912806539509536,86028.46321525886,8.0,7.0,0.4166666666666667,0.7020890099909174,6.970466240932481,0.0
284,54,0,1101.0,0.5912806539509536,102000.0,12.0,244323.34241598548,54495.91280653951,96029.66666666667,1.0463215258855585,91980.10899182562,0.9017657744296629,152343.23342415984,55848.81925522252,2.0,2.0,0.5912806539509536,0.0,0.4087193460490463,83450.67029972751,8.408719346049047,7.592643051771117,0.4847865576748411,0.8427834987761931,7.203245706491412,0.0
284,49,0,1101.0,0.5912806539509536,102000.0,12.0,244323.34241598548,54495.91280653951,96029.66666666667,1.0463215258855585,91705.58583106266,0.8990743708927713,152617.75658492278,106780.55222524978,2.0,1.0,0.0,0.4087193460490463,0.5912806539509536,84893.58583106266,8.0,7.0,0.4166666666666667,0.7020890099909174,6.970466240932481,0.0
284,51,0,1101.0,0.5912806539509536,102000.0,12.0,244323.34241598548,54495.91280653951,96029.66666666667,1.0463215258855585,91705.58583106266,0.8990743708927713,152617.75658492278,106780.55222524978,2.0,1.0,0.0,1.0,0.0,84893.58583106266,8.0,7.0,0.4166666666666667,0.7020890099909174,6.970466240932481,0.0
284,23,0,1101.0,0.5912806539509536,102000.0,12.0,244323.34241598548,54495.91280653951,96029.66666666667,1.0463215258855585,92840.46321525886,0.9102006197574397,151482.8792007266,106780.55222524978,2.0,1.0,0.0,1.0,0.0,86028.46321525886,8.0,7.0,0.4166666666666667,0.7020890099909174,6.970466240932481,0.0
284,65,0,1101.0,0.5912806539509536,102000.0,12.0,244323.34241598548,54495.91280653951,96029.66666666667,1.0463215258855585,92840.46321525886,0.9102006197574397,151482.8792007266,106780.55222524978,2.0,1.0,0.0,0.5912806539509536,0.4087193460490463,86028.46321525886,8.0,7.0,0.4166666666666667,0.7020890099909174,6.970466240932481,0.0
284,40,0,1101.0,0.5912806539509536,102000.0,12.0,244323.34241598548,54495.91280653951,96029.66666666667,1.0463215258855585,92153.54223433243,0.9034661003365924,152169.80018165303,84049.90917347865,2.0,1.0,0.4087193460490463,0.5912806539509536,0.0,85341.54223433243,8.0,7.0,0.4166666666666667,0.7020890099909174,6.970466240932481,0.0
284,44,0,1101.0,0.5912806539509536,102000.0,12.0,244323.34241598548,54495.91280653951,96029.66666666667,1.0463215258855585,92153.54223433243,0.9034661003365924,152169.80018165303,56528.79200726612,2.0,1.0,1.0,0.0,0.0,85341.54223433243,8.0,7.0,0.4166666666666667,0.7020890099909174,6.970466240932481,0.0
284,38,0,1101.0,0.5912806539509536,102000.0,12.0,244323.34241598548,54495.91280653951,96029.66666666667,1.0463215258855585,92153.54223433243,0.9034661003365924,152169.80018165303,106780.55222524978,2.0,1.0,0.0,0.5912806539509536,0.4087193460490463,85341.54223433243,8.0,7.0,0.4166666666666667,0.7020890099909174,6.970466240932481,0.0
285,17,1,1089.0,0.7089072543617998,122000.0,14.0,235078.05325987143,55096.41873278237,100049.33333333333,1.0560146923783287,97430.88062442608,0.7986137756100499,137647.17263544537,73368.01744719927,2.0,1.0,0.0,1.0,0.0,86380.88062442608,9.0,8.45,0.5,1.0560146923783287,7.789999999999999,0.0
285,47,1,1089.0,0.7089072543617998,122000.0,14.0,235078.05325987143,55096.41873278237,100049.33333333333,1.0560146923783287,96939.81910009183,0.7945886811482936,138138.23415977962,49065.69054178145,2.0,1.0,0.2910927456382002,0.7089072543617998,0.0,86396.89072543618,9.0,8.45,0.5,1.0560146923783287,7.789999999999999,0.0
285,63,1,1089.0,0.7089072543617998,122000.0,14.0,235078.05325987143,55096.41873278237,100049.33333333333,1.0560146923783287,96724.53719008264,0.7928240753285463,138353.5160697888,35597.74747474748,2.0,1.0,0.7089072543617998,0.2910927456382002,0.0,86905.83838383839,9.0,8.45,0.5,1.0560146923783287,7.789999999999999,0.0
285,57,0,1089.0,0.7089072543617998,122000.0,14.0,235078.05325987143,55096.41873278237,100049.33333333333,1.0560146923783287,106605.3792470156,0.8738145839919312,128472.67401285583,27800.547291092746,2.0,1.0,1.0,0.0,0.0,99837.3792470156,8.0,7.0,0.35714285714285715,0.7125803489439853,6.5285714285714285,0.0
285,56,0,1089.0,0.7089072543617998,122000.0,14.0,235078.05325987143,55096.41873278237,100049.33333333333,1.0560146923783287,106952.94398530762,0.8766634752894067,128125.10927456382,68071.01928374656,2.0,1.0,0.0,0.7089072543617998,0.2910927456382002,100184.94398530762,8.0,7.0,0.35714285714285715,0.7125803489439853,6.5285714285714285,0.0
285,65,0,1089.0,0.7089072543617998,122000.0,14.0,235078.05325987143,55096.41873278237,100049.33333333333,1.0560146923783287,105645.27915518824,0.8659449111081003,129432.7741046832,65153.618916437095,2.0,1.0,0.0,0.2910927456382002,0.7089072543617998,98877.27915518824,8.0,7.0,0.35714285714285715,0.7125803489439853,6.5285714285714285,0.0
285,5,0,1089.0,0.7089072543617998,122000.0,14.0,235078.05325987143,55096.41873278237,100049.33333333333,1.0560146923783287,103565.42148760331,0.8488968974393714,131512.63177226813,67233.47658402204,2.0,2.0,0.0,0.2910927456382002,0.7089072543617998,95550.96235078054,8.2910927456382,7.42208448117539,0.3987275350911714,0.8125515949207409,6.895764134855043,0.0
285,19,0,1089.0,0.7089072543617998,122000.0,14.0,235078.05325987143,55096.41873278237,100049.33333333333,1.0560146923783287,104521.73737373737,0.856735552243749,130556.31588613406,66277.16069788797,2.0,2.0,0.0,1.0,0.0,96507.2782369146,8.2910927456382,7.42208448117539,0.3987275350911714,0.8125515949207409,6.895764134855043,0.0
285,33,0,1089.0,0.7089072543617998,122000.0,14.0,235078.05325987143,55096.41873278237,100049.33333333333,1.0560146923783287,99865.28925619835,0.8185679447229373,135212.7640036731,75158.67401285583,2.0,2.0,0.0,0.7089072543617998,0.2910927456382002,90061.74839302112,8.7089072543618,8.02791551882461,0.4584153220516857,0.9560434464015731,7.422807293716384,0.0
285,43,0,1089.0,0.7089072543617998,122000.0,14.0,235078.05325987143,55096.41873278237,100049.33333333333,1.0560146923783287,99865.28925619835,0.8185679447229373,135212.7640036731,70933.608815427,2.0,2.0,0.0,1.0,0.0,90061.74839302112,8.7089072543618,8.02791551882461,0.4584153220516857,0.9560434464015731,7.422807293716384,0.0
285,2,0,1089.0,0.7089072543617998,122000.0,14.0,235078.05325987143,55096.41873278237,100049.33333333333,1.0560146923783287,105990.80624426079,0.8687771003627933,129087.24701561066,64808.09182736455,2.0,1.0,0.0,0.2910927456382002,0.7089072543617998,99222.80624426079,8.0,7.0,0.35714285714285715,0.7125803489439853,6.5285714285714285,0.0
285,53,0,1089.0,0.7089072543617998,122000.0,14.0,235078.05325987143,55096.41873278237,100049.33333333333,1.0560146923783287,106605.3792470156,0.8738145839919312,128472.67401285583,27800.547291092746,2.0,1.0,0.7089072543617998,0.2910927456382002,0.0,99837.3792470156,8.0,7.0,0.35714285714285715,0.7125803489439853,6.5285714285714285,0.0
289,38,1,1350.0,0.5511111111111111,104000.0,11.0,312592.5925925926,44444.444444444445,99454.0,0.8659259259259259,95214.68444444444,0.915525811965812,217377.90814814816,149991.6385185185,2.0,1.0,0.0,1.0,0.0,88602.68444444444,8.0,7.0,0.45454545454545453,0.6407407407407407,7.01753054921445,0.0
289,30,1,1350.0,0.5511111111111111,104000.0,11.0,312592.5925925926,44444.444444444445,99454.0,0.8659259259259259,95356.73333333334,0.9168916666666667,217235.85925925925,102673.13777777778,2.0,1.0,1.0,0.0,0.0,88744.73333333334,8.0,7.0,0.45454545454545453,0.6407407407407407,7.01753054921445,0.0
289,44,1,1350.0,0.5511111111111111,104000.0,11.0,312592.5925925926,44444.444444444445,99454.0,0.8659259259259259,94693.07555555555,0.9105103418803419,217899.51703703703,103330.06222222222,2.0,1.0,0.5511111111111111,0.4488888888888889,0.0,88081.07555555555,8.0,7.0,0.45454545454545453,0.6407407407407407,7.01753054921445,0.0
289,69,0,1350.0,0.5511111111111111,104000.0,11.0,312592.5925925926,44444.444444444445,99454.0,0.8659259259259259,99922.64,0.9607946153846154,212669.9525925926,145291.76296296297,2.0,2.0,0.0,1.0,0.0,90326.92444444445,8.551111111111112,7.79911111111111,0.5547474747474748,0.7648427983539094,7.217792501081718,0.0
289,13,0,1350.0,0.5511111111111111,104000.0,11.0,312592.5925925926,44444.444444444445,99454.0,0.8659259259259259,99922.64,0.9607946153846154,212669.9525925926,145291.76296296297,2.0,2.0,0.0,0.5511111111111111,0.4488888888888889,90326.92444444445,8.551111111111112,7.79911111111111,0.5547474747474748,0.7648427983539094,7.217792501081718,0.0
289,52,0,1350.0,0.5511111111111111,104000.0,11.0,312592.5925925926,44444.444444444445,99454.0,0.8659259259259259,102230.3837037037,0.9829844586894587,210362.20888888888,99636.14074074074,2.0,1.0,0.5511111111111111,0.0,0.4488888888888889,91210.33777777778,9.0,8.45,0.6363636363636364,0.8659259259259259,7.38090909090909,0.0
289,2,0,1350.0,0.5511111111111111,104000.0,11.0,312592.5925925926,44444.444444444445,99454.0,0.8659259259259259,99334.71481481481,0.9551414886039886,213257.8777777778,99218.11185185185,2.0,2.0,0.5511111111111111,0.0,0.4488888888888889,90753.48444444445,8.551111111111112,7.79911111111111,0.5547474747474748,0.7648427983539094,7.217792501081718,0.0
289,4,0,1350.0,0.5511111111111111,104000.0,11.0,312592.5925925926,44444.444444444445,99454.0,0.8659259259259259,99826.24444444444,0.959867735042735,212766.34814814816,130721.07407407407,2.0,2.0,0.4488888888888889,0.0,0.5511111111111111,90230.52888888889,8.551111111111112,7.79911111111111,0.5547474747474748,0.7648427983539094,7.217792501081718,0.0
289,18,0,1350.0,0.5511111111111111,104000.0,11.0,312592.5925925926,44444.444444444445,99454.0,0.8659259259259259,98542.29777777777,0.947522094017094,214050.2948148148,151911.60888888888,2.0,2.0,0.0,0.4488888888888889,0.5511111111111111,89500.01333333334,8.448888888888888,7.65088888888889,0.5361616161616162,0.7418238683127572,7.180647139041822,0.0
289,56,0,1350.0,0.5511111111111111,104000.0,11.0,312592.5925925926,44444.444444444445,99454.0,0.8659259259259259,99399.68444444444,0.9557661965811965,213192.90814814816,130934.35407407407,2.0,2.0,0.4488888888888889,0.0,0.5511111111111111,89803.96888888889,8.551111111111112,7.79911111111111,0.5547474747474748,0.7648427983539094,7.217792501081718,0.0
289,29,0,1350.0,0.5511111111111111,104000.0,11.0,312592.5925925926,44444.444444444445,99454.0,0.8659259259259259,98916.68592592592,0.95112198005698,213675.90666666668,99636.14074074074,2.0,2.0,0.5511111111111111,0.0,0.4488888888888889,90326.92444444445,8.551111111111112,7.79911111111111,0.5547474747474748,0.7648427983539094,7.217792501081718,0.0
289,33,0,1350.0,0.5511111111111111,104000.0,11.0,312592.5925925926,44444.444444444445,99454.0,0.8659259259259259,99399.68444444444,0.9557661965811965,213192.90814814816,145291.76296296297,2.0,2.0,0.0,1.0,0.0,89803.96888888889,8.551111111111112,7.79911111111111,0.5547474747474748,0.7648427983539094,7.217792501081718,0.0
290,24,1,656.0,0.725609756097561,102000.0,7.0,274390.243902439,91463.41463414633,96583.66666666667,1.6935975609756098,94304.09146341463,0.9245499163079867,180086.1524390244,101687.85975609756,2.0,1.0,0.725609756097561,0.27439024390243905,0.0,87416.09146341463,8.0,7.0,0.7142857142857143,1.2439024390243902,6.068434930975648,0.0
290,9,1,656.0,0.725609756097561,102000.0,7.0,274390.243902439,91463.41463414633,96583.66666666667,1.6935975609756098,95263.62804878049,0.933957137733142,179126.61585365853,101062.25609756098,2.0,2.0,0.0,1.0,0.0,86956.20731707317,8.274390243902438,7.397865853658536,0.7926829268292683,1.3672943932183226,6.1292302243055,0.0
290,42,1,656.0,0.725609756097561,102000.0,7.0,274390.243902439,91463.41463414633,96583.66666666667,1.6935975609756098,94304.09146341463,0.9245499163079867,180086.1524390244,77952.00609756098,2.0,1.0,0.27439024390243905,0.725609756097561,0.0,87416.09146341463,8.0,7.0,0.7142857142857143,1.2439024390243902,6.068434930975648,0.0
290,12,0,656.0,0.725609756097561,102000.0,7.0,274390.243902439,91463.41463414633,96583.66666666667,1.6935975609756098,98467.14024390244,0.9653641200382592,175923.1036585366,97802.21951219512,2.0,2.0,0.0,0.725609756097561,0.27439024390243905,87825.56097560975,8.725609756097562,8.052134146341464,0.921602787456446,1.5702056067816774,6.2292047066701475,0.0
290,6,0,656.0,0.725609756097561,102000.0,7.0,274390.243902439,91463.41463414633,96583.66666666667,1.6935975609756098,100710.62804878049,0.9873590985174557,173679.61585365853,95836.41463414633,2.0,1.0,0.0,1.0,0.0,88649.62804878049,9.0,8.45,1.0,1.6935975609756098,6.29,0.0
290,41,0,656.0,0.725609756097561,102000.0,7.0,274390.243902439,91463.41463414633,96583.66666666667,1.6935975609756098,98736.11585365854,0.9680011358201818,175654.1280487805,73519.98170731707,2.0,2.0,0.27439024390243905,0.725609756097561,0.0,88094.53658536586,8.725609756097562,8.052134146341464,0.921602787456446,1.5702056067816774,6.2292047066701475,0.0
290,20,0,656.0,0.725609756097561,102000.0,7.0,274390.243902439,91463.41463414633,96583.66666666667,1.6935975609756098,98922.5762195122,0.9698291786226686,175467.66768292684,73333.52134146342,2.0,1.0,1.0,0.0,0.0,88634.26219512195,9.0,8.45,1.0,1.6935975609756098,6.29,0.0
290,65,0,656.0,0.725609756097561,102000.0,7.0,274390.243902439,91463.41463414633,96583.66666666667,1.6935975609756098,99954.60975609756,0.9799471544715447,174435.63414634147,96382.7987804878,2.0,1.0,0.0,0.725609756097561,0.27439024390243905,87893.60975609756,9.0,8.45,1.0,1.6935975609756098,6.29,0.0
290,8,0,656.0,0.725609756097561,102000.0,7.0,274390.243902439,91463.41463414633,96583.66666666667,1.6935975609756098,96913.4862804878,0.9501322184361549,177476.75762195123,75342.6112804878,2.0,2.0,1.0,0.0,0.0,87548.15243902439,8.725609756097562,8.052134146341464,0.921602787456446,1.5702056067816774,6.2292047066701475,0.0
290,71,0,656.0,0.725609756097561,102000.0,7.0,274390.243902439,91463.41463414633,96583.66666666667,1.6935975609756098,98189.73170731707,0.9626444285031086,176200.51219512196,97802.21951219512,2.0,2.0,0.0,1.0,0.0,87548.15243902439,8.725609756097562,8.052134146341464,0.921602787456446,1.5702056067816774,6.2292047066701475,0.0
290,50,0,656.0,0.725609756097561,102000.0,7.0,274390.243902439,91463.41463414633,96583.66666666667,1.6935975609756098,96913.4862804878,0.9501322184361549,177476.75762195123,99078.46493902439,2.0,2.0,0.725609756097561,0.27439024390243905,0.0,87548.15243902439,8.725609756097562,8.052134146341464,0.921602787456446,1.5702056067816774,6.2292047066701475,0.0
290,59,0,656.0,0.725609756097561,102000.0,7.0,274390.243902439,91463.41463414633,96583.66666666667,1.6935975609756098,99013.5243902439,0.9707208273553324,175376.71951219512,97255.83536585367,2.0,2.0,0.0,0.725609756097561,0.27439024390243905,88371.94512195123,8.725609756097562,8.052134146341464,0.921602787456446,1.5702056067816774,6.2292047066701475,0.0
291,38,1,1324.0,0.6533232628398792,115000.0,7.0,179003.02114803626,45317.220543806645,96816.0,0.9947129909365559,96083.13670694864,0.8355055365821621,82919.88444108762,54145.40785498489,2.0,1.0,0.6533232628398792,0.0,0.3466767371601209,84850.39652567975,9.0,8.45,1.0,0.9947129909365559,6.290000000000001,0.0
291,28,1,1324.0,0.6533232628398792,115000.0,7.0,179003.02114803626,45317.220543806645,96816.0,0.9947129909365559,96550.14879154079,0.8395665112307894,82452.87235649547,53681.86253776435,2.0,1.0,0.6533232628398792,0.0,0.3466767371601209,85326.86933534744,9.0,8.45,1.0,0.9947129909365559,6.290000000000001,0.0
291,46,1,1324.0,0.6533232628398792,115000.0,7.0,179003.02114803626,45317.220543806645,96816.0,0.9947129909365559,95713.73564954683,0.8322933534743202,83289.28549848942,28908.62084592145,2.0,1.0,1.0,0.0,0.0,85078.30211480362,9.0,8.45,1.0,0.9947129909365559,6.290000000000001,0.0
293,43,1,647.0,0.7650695517774343,114000.0,8.0,462132.92117465223,92735.70324574961,104997.33333333333,1.7387944358578054,102301.80370942813,0.8973842430651591,359831.1174652241,85843.41576506956,2.0,2.0,1.0,0.0,0.0,94824.9598145286,8.234930448222565,7.3406491499227196,0.7130989180834622,1.3663108055488535,6.260269465629514,0.0
293,50,1,647.0,0.7650695517774343,114000.0,8.0,462132.92117465223,92735.70324574961,104997.33333333333,1.7387944358578054,102929.87635239567,0.9028936522139971,359203.04482225655,158661.97063369397,2.0,2.0,0.0,1.0,0.0,95012.90417310664,8.234930448222565,7.3406491499227196,0.7130989180834622,1.3663108055488535,6.260269465629514,0.0
293,63,1,647.0,0.7650695517774343,114000.0,8.0,462132.92117465223,92735.70324574961,104997.33333333333,1.7387944358578054,103514.25811437404,0.9080198080208248,358618.6630602782,84453.22256568779,2.0,2.0,0.7650695517774343,0.23493044822256567,0.0,94421.7341576507,8.765069551777435,8.10935085007728,0.9119010819165378,1.6244156241265717,6.280870623789265,0.0
293,1,0,647.0,0.7650695517774343,114000.0,8.0,462132.92117465223,92735.70324574961,104997.33333333333,1.7387944358578054,104951.76197836167,0.9206294910382603,357181.1591962906,154890.942812983,2.0,2.0,0.0,1.0,0.0,94421.7341576507,8.765069551777435,8.10935085007728,0.9119010819165378,1.6244156241265717,6.280870623789265,0.0
293,71,0,647.0,0.7650695517774343,114000.0,8.0,462132.92117465223,92735.70324574961,104997.33333333333,1.7387944358578054,106194.6058732612,0.9315316304672036,355938.31530139106,154890.942812983,2.0,1.0,0.0,1.0,0.0,94506.6058732612,9.0,8.45,1.0,1.7387944358578054,6.29,0.0
293,25,0,647.0,0.7650695517774343,114000.0,8.0,462132.92117465223,92735.70324574961,104997.33333333333,1.7387944358578054,105291.06336939722,0.9236058190298002,356841.85780525504,154890.942812983,2.0,2.0,0.0,0.7650695517774343,0.23493044822256567,94761.03554868624,8.765069551777435,8.10935085007728,0.9119010819165378,1.6244156241265717,6.280870623789265,0.0
293,12,0,647.0,0.7650695517774343,114000.0,8.0,462132.92117465223,92735.70324574961,104997.33333333333,1.7387944358578054,105563.81761978361,0.9259984001735405,356569.1035548686,154890.942812983,2.0,2.0,0.0,1.0,0.0,95033.78979907265,8.765069551777435,8.10935085007728,0.9119010819165378,1.6244156241265717,6.280870623789265,0.0
293,62,0,647.0,0.7650695517774343,114000.0,8.0,462132.92117465223,92735.70324574961,104997.33333333333,1.7387944358578054,105291.06336939722,0.9236058190298002,356841.85780525504,149732.12055641421,2.0,2.0,0.23493044822256567,0.7650695517774343,0.0,94761.03554868624,8.765069551777435,8.10935085007728,0.9119010819165378,1.6244156241265717,6.280870623789265,0.0
293,46,0,647.0,0.7650695517774343,114000.0,8.0,462132.92117465223,92735.70324574961,104997.33333333333,1.7387944358578054,105291.06336939722,0.9236058190298002,356841.85780525504,149732.12055641421,2.0,2.0,0.23493044822256567,0.7650695517774343,0.0,94761.03554868624,8.765069551777435,8.10935085007728,0.9119010819165378,1.6244156241265717,6.280870623789265,0.0
293,70,0,647.0,0.7650695517774343,114000.0,8.0,462132.92117465223,92735.70324574961,104997.33333333333,1.7387944358578054,104951.76197836167,0.9206294910382603,357181.1591962906,154890.942812983,2.0,2.0,0.0,0.23493044822256567,0.7650695517774343,94421.7341576507,8.765069551777435,8.10935085007728,0.9119010819165378,1.6244156241265717,6.280870623789265,0.0
293,64,0,647.0,0.7650695517774343,114000.0,8.0,462132.92117465223,92735.70324574961,104997.33333333333,1.7387944358578054,104951.76197836167,0.9206294910382603,357181.1591962906,154890.942812983,2.0,2.0,0.0,0.0,1.0,94421.7341576507,8.765069551777435,8.10935085007728,0.9119010819165378,1.6244156241265717,6.280870623789265,0.0
293,38,0,647.0,0.7650695517774343,114000.0,8.0,462132.92117465223,92735.70324574961,104997.33333333333,1.7387944358578054,105563.81761978361,0.9259984001735405,356569.1035548686,154890.942812983,2.0,2.0,0.0,0.7650695517774343,0.23493044822256567,95033.78979907265,8.765069551777435,8.10935085007728,0.9119010819165378,1.6244156241265717,6.280870623789265,0.0
294,7,1,1190.0,0.7033613445378152,122000.0,12.0,272268.9075630252,50420.16806722689,103668.0,1.0168067226890756,96978.39663865547,0.7949048904807825,175290.51092436974,85278.13613445379,2.0,2.0,0.7033613445378152,0.2966386554621849,0.0,87667.91596638656,8.703361344537814,8.019873949579832,0.5925070028011205,0.9156005931784478,7.1456428822068245,0.0
294,38,1,1190.0,0.7033613445378152,122000.0,12.0,272268.9075630252,50420.16806722689,103668.0,1.0168067226890756,97247.68655462185,0.7971121848739495,175021.22100840337,113676.6831932773,2.0,1.0,0.0,1.0,0.0,85209.68655462185,9.0,8.45,0.6666666666666666,1.0168067226890756,7.29,0.0
294,6,1,1190.0,0.7033613445378152,122000.0,12.0,272268.9075630252,50420.16806722689,103668.0,1.0168067226890756,97478.13445378152,0.7990011020801764,174790.7731092437,84778.39831932774,2.0,2.0,0.7033613445378152,0.2966386554621849,0.0,88177.85294117648,8.703361344537814,8.019873949579832,0.5925070028011205,0.9156005931784478,7.1456428822068245,0.0
294,63,0,1190.0,0.7033613445378152,122000.0,12.0,272268.9075630252,50420.16806722689,103668.0,1.0168067226890756,98519.06470588235,0.8075333172613307,173749.84285714285,112405.3050420168,2.0,2.0,0.0,1.0,0.0,88017.65294117646,8.703361344537814,8.019873949579832,0.5925070028011205,0.9156005931784478,7.1456428822068245,0.0
294,33,0,1190.0,0.7033613445378152,122000.0,12.0,272268.9075630252,50420.16806722689,103668.0,1.0168067226890756,98519.06470588235,0.8075333172613307,173749.84285714285,112405.3050420168,2.0,2.0,0.0,1.0,0.0,88017.65294117646,8.703361344537814,8.019873949579832,0.5925070028011205,0.9156005931784478,7.1456428822068245,0.0
294,59,0,1190.0,0.7033613445378152,122000.0,12.0,272268.9075630252,50420.16806722689,103668.0,1.0168067226890756,99029.00168067227,0.8117131285301006,173239.90588235293,111895.3680672269,2.0,2.0,0.0,1.0,0.0,88527.58991596638,8.703361344537814,8.019873949579832,0.5925070028011205,0.9156005931784478,7.1456428822068245,0.0
294,4,0,1190.0,0.7033613445378152,122000.0,12.0,272268.9075630252,50420.16806722689,103668.0,1.0168067226890756,99029.00168067227,0.8117131285301006,173239.90588235293,111895.3680672269,2.0,2.0,0.0,1.0,0.0,88527.58991596638,8.703361344537814,8.019873949579832,0.5925070028011205,0.9156005931784478,7.1456428822068245,0.0
294,47,0,1190.0,0.7033613445378152,122000.0,12.0,272268.9075630252,50420.16806722689,103668.0,1.0168067226890756,99029.00168067227,0.8117131285301006,173239.90588235293,88365.95630252101,2.0,2.0,0.2966386554621849,0.7033613445378152,0.0,88527.58991596638,8.703361344537814,8.019873949579832,0.5925070028011205,0.9156005931784478,7.1456428822068245,0.0
294,1,0,1190.0,0.7033613445378152,122000.0,12.0,272268.9075630252,50420.16806722689,103668.0,1.0168067226890756,98679.26470588235,0.8088464320154292,173589.64285714287,112245.1050420168,2.0,2.0,0.0,1.0,0.0,88177.85294117648,8.703361344537814,8.019873949579832,0.5925070028011205,0.9156005931784478,7.1456428822068245,0.0
294,58,0,1190.0,0.7033613445378152,122000.0,12.0,272268.9075630252,50420.16806722689,103668.0,1.0168067226890756,98519.06470588235,0.8075333172613307,173749.84285714285,112405.3050420168,2.0,2.0,0.0,1.0,0.0,88017.65294117646,8.703361344537814,8.019873949579832,0.5925070028011205,0.9156005931784478,7.1456428822068245,0.0
294,41,0,1190.0,0.7033613445378152,122000.0,12.0,272268.9075630252,50420.16806722689,103668.0,1.0168067226890756,99029.00168067227,0.8117131285301006,173239.90588235293,111895.3680672269,2.0,2.0,0.0,1.0,0.0,88527.58991596638,8.703361344537814,8.019873949579832,0.5925070028011205,0.9156005931784478,7.1456428822068245,0.0
294,56,0,1190.0,0.7033613445378152,122000.0,12.0,272268.9075630252,50420.16806722689,103668.0,1.0168067226890756,98679.26470588235,0.8088464320154292,173589.64285714287,112245.1050420168,2.0,2.0,0.0,1.0,0.0,88177.85294117648,8.703361344537814,8.019873949579832,0.5925070028011205,0.9156005931784478,7.1456428822068245,0.0
295,4,1,1302.0,0.7304147465437788,107000.0,10.0,211981.5668202765,46082.949308755764,102251.0,0.9516129032258065,96450.82949308756,0.9014096214307248,115530.73732718894,92489.26267281106,2.0,1.0,0.0,1.0,0.0,84312.82949308756,9.0,8.449999999999998,0.7,0.9516129032258065,7.1899999999999995,0.0
295,46,1,1302.0,0.7304147465437788,107000.0,10.0,211981.5668202765,46082.949308755764,102251.0,0.9516129032258065,96895.55069124424,0.9055658943106938,115086.01612903226,92044.54147465438,2.0,2.0,0.0,1.0,0.0,86172.60368663595,8.73041474654378,8.059101382488478,0.6460829493087558,0.8456008834334983,7.049406116267886,0.0
295,28,1,1302.0,0.7304147465437788,107000.0,10.0,211981.5668202765,46082.949308755764,102251.0,0.9516129032258065,95347.31259600614,0.8910963794019265,116634.25422427035,77859.20276497696,2.0,2.0,0.7304147465437788,0.2695852534562212,0.0,85848.29262672811,8.73041474654378,8.059101382488478,0.6460829493087558,0.8456008834334983,7.049406116267886,0.0
295,14,0,1302.0,0.7304147465437788,107000.0,10.0,211981.5668202765,46082.949308755764,102251.0,0.9516129032258065,97419.98847926267,0.9104671820491839,114561.57834101382,88447.90706605223,2.0,2.0,0.2695852534562212,0.7304147465437788,0.0,86697.04147465438,8.73041474654378,8.059101382488478,0.6460829493087558,0.8456008834334983,7.049406116267886,0.0
295,8,0,1302.0,0.7304147465437788,107000.0,10.0,211981.5668202765,46082.949308755764,102251.0,0.9516129032258065,97095.67741935483,0.9074362375640639,114885.88940092166,91844.41474654379,2.0,2.0,0.0,1.0,0.0,86372.73041474655,8.73041474654378,8.059101382488478,0.6460829493087558,0.8456008834334983,7.049406116267886,0.0
295,1,0,1302.0,0.7304147465437788,107000.0,10.0,211981.5668202765,46082.949308755764,102251.0,0.9516129032258065,97419.98847926267,0.9104671820491839,114561.57834101382,91520.10368663595,2.0,2.0,0.0,1.0,0.0,86697.04147465438,8.73041474654378,8.059101382488478,0.6460829493087558,0.8456008834334983,7.049406116267886,0.0
295,7,0,1302.0,0.7304147465437788,107000.0,10.0,211981.5668202765,46082.949308755764,102251.0,0.9516129032258065,97419.98847926267,0.9104671820491839,114561.57834101382,91520.10368663595,2.0,2.0,0.0,1.0,0.0,86697.04147465438,8.73041474654378,8.059101382488478,0.6460829493087558,0.8456008834334983,7.049406116267886,0.0
295,49,0,1302.0,0.7304147465437788,107000.0,10.0,211981.5668202765,46082.949308755764,102251.0,0.9516129032258065,97095.67741935483,0.9074362375640639,114885.88940092166,88772.21812596006,2.0,2.0,0.2695852534562212,0.7304147465437788,0.0,86372.73041474655,8.73041474654378,8.059101382488478,0.6460829493087558,0.8456008834334983,7.049406116267886,0.0
295,59,0,1302.0,0.7304147465437788,107000.0,10.0,211981.5668202765,46082.949308755764,102251.0,0.9516129032258065,97095.67741935483,0.9074362375640639,114885.88940092166,91844.41474654379,2.0,2.0,0.0,1.0,0.0,86372.73041474655,8.73041474654378,8.059101382488478,0.6460829493087558,0.8456008834334983,7.049406116267886,0.0
295,27,0,1302.0,0.7304147465437788,107000.0,10.0,211981.5668202765,46082.949308755764,102251.0,0.9516129032258065,97095.67741935483,0.9074362375640639,114885.88940092166,91844.41474654379,2.0,2.0,0.0,1.0,0.0,86372.73041474655,8.73041474654378,8.059101382488478,0.6460829493087558,0.8456008834334983,7.049406116267886,0.0
295,66,0,1302.0,0.7304147465437788,107000.0,10.0,211981.5668202765,46082.949308755764,102251.0,0.9516129032258065,97095.67741935483,0.9074362375640639,114885.88940092166,91844.41474654379,2.0,2.0,0.0,1.0,0.0,86372.73041474655,8.73041474654378,8.059101382488478,0.6460829493087558,0.8456008834334983,7.049406116267886,0.0
295,22,0,1302.0,0.7304147465437788,107000.0,10.0,211981.5668202765,46082.949308755764,102251.0,0.9516129032258065,97419.98847926267,0.9104671820491839,114561.57834101382,88447.90706605223,2.0,2.0,0.2695852534562212,0.7304147465437788,0.0,86697.04147465438,8.73041474654378,8.059101382488478,0.6460829493087558,0.8456008834334983,7.049406116267886,0.0
298,23,1,1372.0,0.5867346938775511,106000.0,8.0,169825.07288629736,43731.778425655975,94612.33333333333,0.8454810495626822,92793.04591836735,0.8754060935695033,77032.02696793003,3416.866618075802,2.0,1.0,0.413265306122449,0.5867346938775511,0.0,85604.04591836735,8.0,7.0,0.625,0.6268221574344023,6.39602615694165,0.0
298,21,1,1372.0,0.5867346938775511,106000.0,8.0,169825.07288629736,43731.778425655975,94612.33333333333,0.8454810495626822,92793.04591836735,0.8754060935695033,77032.02696793003,3795.5174927113703,2.0,1.0,0.5867346938775511,0.413265306122449,0.0,85604.04591836735,8.0,7.0,0.625,0.6268221574344023,6.39602615694165,0.0
298,31,1,1372.0,0.5867346938775511,106000.0,8.0,169825.07288629736,43731.778425655975,94612.33333333333,0.8454810495626822,91643.07142857143,0.8645572776280324,78182.00145772594,4474.369533527697,2.0,1.0,0.5867346938775511,0.413265306122449,0.0,84454.07142857143,8.0,7.0,0.625,0.6268221574344023,6.39602615694165,0.0
298,8,0,1372.0,0.5867346938775511,106000.0,8.0,169825.07288629736,43731.778425655975,94612.33333333333,0.8454810495626822,95708.5306122449,0.9029106661532538,74116.54227405248,21638.408163265307,2.0,2.0,0.0,1.0,0.0,85639.25,8.58673469387755,7.850765306122449,0.7716836734693877,0.7551169155708931,6.55384244240956,0.0
298,0,0,1372.0,0.5867346938775511,106000.0,8.0,169825.07288629736,43731.778425655975,94612.33333333333,0.8454810495626822,94701.916909621,0.8934143104681226,75123.15597667638,1886.646501457726,2.0,2.0,0.5867346938775511,0.413265306122449,0.0,85639.25,8.58673469387755,7.850765306122449,0.7716836734693877,0.7551169155708931,6.55384244240956,0.0
298,43,0,1372.0,0.5867346938775511,106000.0,8.0,169825.07288629736,43731.778425655975,94612.33333333333,0.8454810495626822,94894.5,0.8952311320754717,74930.57288629738,3795.5174927113703,2.0,2.0,0.5867346938775511,0.413265306122449,0.0,85676.7806122449,8.41326530612245,7.599234693877551,0.7283163265306123,0.7171862914261915,6.507183714532091,0.0
298,47,0,1372.0,0.5867346938775511,106000.0,8.0,169825.07288629736,43731.778425655975,94612.33333333333,0.8454810495626822,95243.19387755102,0.8985206969580285,74581.87900874636,966.7186588921282,2.0,2.0,0.413265306122449,0.5867346938775511,0.0,85173.91326530612,8.58673469387755,7.850765306122449,0.7716836734693877,0.7551169155708931,6.55384244240956,0.0
298,55,0,1372.0,0.5867346938775511,106000.0,8.0,169825.07288629736,43731.778425655975,94612.33333333333,0.8454810495626822,94894.5,0.8952311320754717,74930.57288629738,36696.7084548105,2.0,2.0,0.0,0.5867346938775511,0.413265306122449,85676.7806122449,8.41326530612245,7.599234693877551,0.7283163265306123,0.7171862914261915,6.507183714532091,0.0
298,49,0,1372.0,0.5867346938775511,106000.0,8.0,169825.07288629736,43731.778425655975,94612.33333333333,0.8454810495626822,97103.44897959183,0.9160702733923758,72721.62390670554,20243.48979591837,2.0,1.0,0.0,1.0,0.0,85005.44897959183,9.0,8.45,0.875,0.8454810495626822,6.664999999999999,0.0
298,14,0,1372.0,0.5867346938775511,106000.0,8.0,169825.07288629736,43731.778425655975,94612.33333333333,0.8454810495626822,94894.5,0.8952311320754717,74930.57288629738,3795.5174927113703,2.0,2.0,0.5867346938775511,0.413265306122449,0.0,85676.7806122449,8.41326530612245,7.599234693877551,0.7283163265306123,0.7171862914261915,6.507183714532091,0.0
298,18,0,1372.0,0.5867346938775511,106000.0,8.0,169825.07288629736,43731.778425655975,94612.33333333333,0.8454810495626822,94592.8163265306,0.8923850596842511,75232.25655976677,3795.5174927113703,2.0,2.0,0.5867346938775511,0.413265306122449,0.0,85375.0969387755,8.41326530612245,7.599234693877551,0.7283163265306123,0.7171862914261915,6.507183714532091,0.0
298,59,0,1372.0,0.5867346938775511,106000.0,8.0,169825.07288629736,43731.778425655975,94612.33333333333,0.8454810495626822,94894.5,0.8952311320754717,74930.57288629738,22452.438775510203,2.0,2.0,0.0,1.0,0.0,85676.7806122449,8.41326530612245,7.599234693877551,0.7283163265306123,0.7171862914261915,6.507183714532091,0.0
